=== budget scaling: 1600 jobs, 30 at a time ===
Thu Aug 27 12:50:30 PM CEST 2026
LiH_COBYLA_r_uniform_T1000000_P100000_s6     evals=   10 shots=     999460  gap_final=   700.43  gap_best=   700.43 mHa
LiH_COBYLA_r_uniform_T1000000_P100000_s2     evals=   10 shots=     999460  gap_final=   684.73  gap_best=   684.73 mHa
LiH_COBYLA_r_uniform_T1000000_P100000_s3     evals=   10 shots=     999460  gap_final=   682.85  gap_best=   682.85 mHa
LiH_COBYLA_r_uniform_T1000000_P100000_s4     evals=   10 shots=     999460  gap_final=   667.97  gap_best=   667.97 mHa
LiH_COBYLA_r_uniform_T1000000_P100000_s0     evals=   10 shots=     999460  gap_final=   699.15  gap_best=   699.15 mHa
LiH_COBYLA_r_uniform_T1000000_P100000_s8     evals=   10 shots=     999460  gap_final=   691.58  gap_best=   691.58 mHa
LiH_COBYLA_r_uniform_T3000000_P100000_s8     evals=   30 shots=    2998380  gap_final=   691.58  gap_best=   691.58 mHa
LiH_COBYLA_r_uniform_T1000000_P100000_s7     evals=   10 shots=     999460  gap_final=   696.18  gap_best=   696.18 mHa
LiH_COBYLA_r_uniform_T1000000_P100000_s1     evals=   10 shots=     999460  gap_final=   688.50  gap_best=   688.50 mHa
LiH_COBYLA_r_uniform_T1000000_P100000_s5     evals=   10 shots=     999460  gap_final=   707.10  gap_best=   707.10 mHa
LiH_COBYLA_r_uniform_T3000000_P100000_s5     evals=   30 shots=    2998380  gap_final=   693.87  gap_best=   693.87 mHa
LiH_COBYLA_r_uniform_T1000000_P100000_s9     evals=   10 shots=     999460  gap_final=   711.98  gap_best=   711.98 mHa
LiH_COBYLA_r_uniform_T3000000_P100000_s9     evals=   30 shots=    2998380  gap_final=   711.98  gap_best=   711.98 mHa
LiH_COBYLA_r_uniform_T3000000_P100000_s7     evals=   30 shots=    2998380  gap_final=   696.18  gap_best=   696.18 mHa
LiH_COBYLA_r_uniform_T3000000_P100000_s0     evals=   30 shots=    2998380  gap_final=   694.54  gap_best=   694.54 mHa
LiH_COBYLA_r_uniform_T3000000_P100000_s3     evals=   30 shots=    2998380  gap_final=   674.62  gap_best=   674.62 mHa
LiH_COBYLA_r_uniform_T3000000_P100000_s6     evals=   30 shots=    2998380  gap_final=   703.00  gap_best=   703.00 mHa
LiH_COBYLA_r_uniform_T3000000_P100000_s1     evals=   30 shots=    2998380  gap_final=   688.50  gap_best=   688.50 mHa
LiH_COBYLA_r_uniform_T3000000_P100000_s4     evals=   30 shots=    2998380  gap_final=   612.33  gap_best=   612.33 mHa
LiH_COBYLA_r_uniform_T3000000_P100000_s2     evals=   30 shots=    2998380  gap_final=   679.34  gap_best=   679.34 mHa
LiH_COBYLA_r_uniform_T10000000_P100000_s3    evals=  100 shots=    9994600  gap_final=   678.44  gap_best=   678.44 mHa
LiH_COBYLA_r_uniform_T10000000_P100000_s4    evals=  100 shots=    9994600  gap_final=   534.88  gap_best=   534.88 mHa
LiH_COBYLA_r_uniform_T10000000_P100000_s2    evals=  100 shots=    9994600  gap_final=   679.26  gap_best=   679.26 mHa
LiH_COBYLA_r_uniform_T10000000_P100000_s6    evals=  100 shots=    9994600  gap_final=   699.23  gap_best=   699.23 mHa
LiH_COBYLA_r_uniform_T10000000_P100000_s1    evals=  100 shots=    9994600  gap_final=   688.51  gap_best=   688.51 mHa
LiH_COBYLA_r_uniform_T10000000_P100000_s0    evals=  100 shots=    9994600  gap_final=   694.54  gap_best=   694.54 mHa
LiH_COBYLA_r_weighted_T1000000_P100000_s0    evals=   10 shots=     999080  gap_final=   702.89  gap_best=   702.89 mHa
LiH_COBYLA_r_weighted_T1000000_P100000_s1    evals=   10 shots=     999080  gap_final=   685.41  gap_best=   685.41 mHa
LiH_COBYLA_r_uniform_T10000000_P100000_s9    evals=  100 shots=    9994600  gap_final=   703.99  gap_best=   703.99 mHa
LiH_COBYLA_r_uniform_T10000000_P100000_s8    evals=  100 shots=    9994600  gap_final=   691.80  gap_best=   691.80 mHa
LiH_COBYLA_r_uniform_T10000000_P100000_s7    evals=  100 shots=    9994600  gap_final=   696.18  gap_best=   696.18 mHa
LiH_COBYLA_r_weighted_T1000000_P100000_s3    evals=   10 shots=     999080  gap_final=   674.94  gap_best=   674.94 mHa
LiH_COBYLA_r_weighted_T1000000_P100000_s2    evals=   10 shots=     999080  gap_final=   697.18  gap_best=   697.18 mHa
LiH_COBYLA_r_weighted_T1000000_P100000_s4    evals=   10 shots=     999080  gap_final=   667.97  gap_best=   667.97 mHa
LiH_COBYLA_r_weighted_T1000000_P100000_s5    evals=   10 shots=     999080  gap_final=   706.19  gap_best=   706.19 mHa
LiH_COBYLA_r_weighted_T1000000_P100000_s6    evals=   10 shots=     999080  gap_final=   677.76  gap_best=   677.76 mHa
LiH_COBYLA_r_uniform_T10000000_P100000_s5    evals=  100 shots=    9994600  gap_final=   693.49  gap_best=   693.49 mHa
LiH_COBYLA_r_weighted_T1000000_P100000_s7    evals=   10 shots=     999080  gap_final=   700.84  gap_best=   700.84 mHa
LiH_COBYLA_r_weighted_T1000000_P100000_s8    evals=   10 shots=     999080  gap_final=   689.52  gap_best=   689.52 mHa
LiH_COBYLA_r_weighted_T1000000_P100000_s9    evals=   10 shots=     999080  gap_final=   699.74  gap_best=   699.74 mHa
LiH_COBYLA_r_weighted_T3000000_P100000_s1    evals=   30 shots=    2997240  gap_final=   679.75  gap_best=   679.75 mHa
LiH_COBYLA_r_weighted_T3000000_P100000_s3    evals=   30 shots=    2997240  gap_final=   641.85  gap_best=   641.85 mHa
LiH_COBYLA_r_weighted_T3000000_P100000_s2    evals=   30 shots=    2997240  gap_final=   682.26  gap_best=   682.26 mHa
LiH_COBYLA_r_weighted_T3000000_P100000_s4    evals=   30 shots=    2997240  gap_final=   589.58  gap_best=   589.58 mHa
LiH_COBYLA_r_weighted_T3000000_P100000_s5    evals=   30 shots=    2997240  gap_final=   706.19  gap_best=   706.19 mHa
LiH_COBYLA_r_weighted_T3000000_P100000_s0    evals=   30 shots=    2997240  gap_final=   673.79  gap_best=   673.79 mHa
LiH_COBYLA_r_weighted_T3000000_P100000_s6    evals=   30 shots=    2997240  gap_final=   610.80  gap_best=   610.80 mHa
LiH_COBYLA_r_weighted_T3000000_P100000_s7    evals=   30 shots=    2997240  gap_final=   701.49  gap_best=   701.49 mHa
LiH_COBYLA_r_weighted_T3000000_P100000_s8    evals=   30 shots=    2997240  gap_final=   689.52  gap_best=   689.52 mHa
LiH_COBYLA_r_weighted_T3000000_P100000_s9    evals=   30 shots=    2997240  gap_final=   689.59  gap_best=   689.59 mHa
LiH_COBYLA_r_uniform_T30000000_P100000_s4    evals=  300 shots=   29983800  gap_final=   534.86  gap_best=   534.86 mHa
LiH_COBYLA_r_uniform_T30000000_P100000_s6    evals=  300 shots=   29983800  gap_final=   699.23  gap_best=   699.23 mHa
LiH_COBYLA_r_uniform_T30000000_P100000_s1    evals=  300 shots=   29983800  gap_final=   688.51  gap_best=   688.51 mHa
LiH_COBYLA_r_weighted_T10000000_P100000_s1   evals=  100 shots=    9990800  gap_final=   678.90  gap_best=   678.90 mHa
LiH_COBYLA_r_weighted_T10000000_P100000_s2   evals=  100 shots=    9990800  gap_final=   682.57  gap_best=   682.57 mHa
LiH_COBYLA_r_weighted_T10000000_P100000_s0   evals=  100 shots=    9990800  gap_final=   640.54  gap_best=   640.54 mHa
LiH_COBYLA_r_weighted_T10000000_P100000_s3   evals=  100 shots=    9990800  gap_final=   623.40  gap_best=   623.40 mHa
LiH_COBYLA_r_weighted_T10000000_P100000_s4   evals=  100 shots=    9990800  gap_final=   504.87  gap_best=   504.87 mHa
LiH_COBYLA_r_weighted_T10000000_P100000_s6   evals=  100 shots=    9990800  gap_final=   592.00  gap_best=   592.00 mHa
LiH_COBYLA_r_weighted_T10000000_P100000_s9   evals=  100 shots=    9990800  gap_final=   689.59  gap_best=   689.59 mHa
LiH_COBYLA_r_weighted_T10000000_P100000_s5   evals=  100 shots=    9990800  gap_final=   706.19  gap_best=   706.19 mHa
LiH_COBYLA_r_weighted_T10000000_P100000_s7   evals=  100 shots=    9990800  gap_final=   701.86  gap_best=   701.86 mHa
LiH_COBYLA_r_weighted_T10000000_P100000_s8   evals=  100 shots=    9990800  gap_final=   689.54  gap_best=   689.54 mHa
LiH_COBYLA_r_uniform_T30000000_P100000_s5    evals=  300 shots=   29983800  gap_final=   693.49  gap_best=   693.49 mHa
LiH_COBYLA_r_uniform_T30000000_P100000_s3    evals=  300 shots=   29983800  gap_final=   678.44  gap_best=   678.44 mHa
LiH_COBYLA_r_uniform_T30000000_P100000_s0    evals=  300 shots=   29983800  gap_final=   694.54  gap_best=   694.54 mHa
LiH_COBYLA_r_uniform_T30000000_P100000_s2    evals=  300 shots=   29983800  gap_final=   679.21  gap_best=   679.21 mHa
LiH_COBYLA_r_uniform_T30000000_P100000_s9    evals=  300 shots=   29983800  gap_final=   703.99  gap_best=   703.99 mHa
LiH_COBYLA_r_uniform_T30000000_P100000_s7    evals=  300 shots=   29983800  gap_final=   696.18  gap_best=   696.18 mHa
LiH_COBYLA_r_uniform_T30000000_P100000_s8    evals=  300 shots=   29983800  gap_final=   691.80  gap_best=   691.80 mHa
LiH_COBYLA_r_weighted_T30000000_P100000_s0   evals=  300 shots=   29972400  gap_final=   640.54  gap_best=   640.54 mHa
LiH_COBYLA_r_weighted_T30000000_P100000_s1   evals=  300 shots=   29972400  gap_final=   678.90  gap_best=   678.90 mHa
LiH_COBYLA_r_weighted_T30000000_P100000_s3   evals=  300 shots=   29972400  gap_final=   623.48  gap_best=   623.48 mHa
LiH_COBYLA_r_weighted_T30000000_P100000_s6   evals=  300 shots=   29972400  gap_final=   592.04  gap_best=   592.04 mHa
LiH_COBYLA_r_neyman_T1000000_P100000_s0      evals=   10 shots=     999247  gap_final=   705.72  gap_best=   705.72 mHa
LiH_COBYLA_r_weighted_T30000000_P100000_s7   evals=  300 shots=   29972400  gap_final=   701.86  gap_best=   701.86 mHa
LiH_COBYLA_r_weighted_T30000000_P100000_s5   evals=  300 shots=   29972400  gap_final=   706.19  gap_best=   706.19 mHa
LiH_COBYLA_r_weighted_T30000000_P100000_s4   evals=  300 shots=   29972400  gap_final=   504.87  gap_best=   504.87 mHa
LiH_COBYLA_r_neyman_T1000000_P100000_s1      evals=   10 shots=     999245  gap_final=   679.78  gap_best=   679.78 mHa
LiH_COBYLA_r_neyman_T1000000_P100000_s2      evals=   10 shots=     999216  gap_final=   684.73  gap_best=   684.73 mHa
LiH_COBYLA_r_neyman_T1000000_P100000_s3      evals=   10 shots=     999222  gap_final=   665.48  gap_best=   665.48 mHa
LiH_COBYLA_r_neyman_T1000000_P100000_s4      evals=   10 shots=     999246  gap_final=   670.25  gap_best=   670.25 mHa
LiH_COBYLA_r_neyman_T1000000_P100000_s5      evals=   10 shots=     999216  gap_final=   689.61  gap_best=   689.61 mHa
LiH_COBYLA_r_neyman_T1000000_P100000_s6      evals=   10 shots=     999216  gap_final=   683.35  gap_best=   683.35 mHa
LiH_COBYLA_r_neyman_T1000000_P100000_s7      evals=   10 shots=     999256  gap_final=   678.40  gap_best=   678.40 mHa
LiH_COBYLA_r_neyman_T1000000_P100000_s8      evals=   10 shots=     999221  gap_final=   689.52  gap_best=   689.52 mHa
LiH_COBYLA_r_weighted_T30000000_P100000_s9   evals=  300 shots=   29972400  gap_final=   689.59  gap_best=   689.59 mHa
LiH_COBYLA_r_neyman_T1000000_P100000_s9      evals=   10 shots=     999226  gap_final=   700.53  gap_best=   700.53 mHa
LiH_COBYLA_r_neyman_T3000000_P100000_s0      evals=   30 shots=    2997768  gap_final=   670.95  gap_best=   670.95 mHa
LiH_COBYLA_r_neyman_T3000000_P100000_s2      evals=   30 shots=    2997673  gap_final=   629.95  gap_best=   629.95 mHa
LiH_COBYLA_r_neyman_T3000000_P100000_s1      evals=   30 shots=    2997688  gap_final=   669.41  gap_best=   669.41 mHa
LiH_COBYLA_r_neyman_T3000000_P100000_s3      evals=   30 shots=    2997734  gap_final=   659.39  gap_best=   659.39 mHa
LiH_COBYLA_r_neyman_T3000000_P100000_s4      evals=   30 shots=    2997726  gap_final=   631.44  gap_best=   631.44 mHa
LiH_COBYLA_r_neyman_T3000000_P100000_s5      evals=   30 shots=    2997651  gap_final=   681.51  gap_best=   681.51 mHa
LiH_COBYLA_r_neyman_T3000000_P100000_s6      evals=   30 shots=    2997657  gap_final=   675.95  gap_best=   675.95 mHa
LiH_COBYLA_r_neyman_T3000000_P100000_s7      evals=   30 shots=    2997730  gap_final=   657.58  gap_best=   657.58 mHa
LiH_COBYLA_r_neyman_T3000000_P100000_s8      evals=   30 shots=    2997656  gap_final=   693.22  gap_best=   693.22 mHa
LiH_COBYLA_r_neyman_T3000000_P100000_s9      evals=   30 shots=    2997664  gap_final=   700.53  gap_best=   700.53 mHa
LiH_COBYLA_r_neyman_T10000000_P100000_s1     evals=  100 shots=    9992209  gap_final=   666.37  gap_best=   666.37 mHa
LiH_COBYLA_r_neyman_T10000000_P100000_s0     evals=  100 shots=    9992328  gap_final=   595.71  gap_best=   595.71 mHa
LiH_COBYLA_r_neyman_T10000000_P100000_s2     evals=  100 shots=    9992243  gap_final=   624.35  gap_best=   624.35 mHa
LiH_COBYLA_r_weighted_T30000000_P100000_s2   evals=  300 shots=   29972400  gap_final=   682.57  gap_best=   682.57 mHa
LiH_COBYLA_r_neyman_T10000000_P100000_s3     evals=  100 shots=    9992359  gap_final=   660.73  gap_best=   660.73 mHa
LiH_COBYLA_r_neyman_T10000000_P100000_s4     evals=  100 shots=    9992380  gap_final=   603.32  gap_best=   603.32 mHa
LiH_COBYLA_r_neyman_T10000000_P100000_s5     evals=  100 shots=    9992281  gap_final=   679.50  gap_best=   679.50 mHa
LiH_COBYLA_r_neyman_T10000000_P100000_s7     evals=  100 shots=    9992593  gap_final=   638.64  gap_best=   638.64 mHa
LiH_COBYLA_r_neyman_T10000000_P100000_s6     evals=  100 shots=    9992172  gap_final=   675.92  gap_best=   675.92 mHa
LiH_COBYLA_r_weighted_T30000000_P100000_s8   evals=  300 shots=   29972400  gap_final=   689.54  gap_best=   689.54 mHa
LiH_COBYLA_r_neyman_T10000000_P100000_s9     evals=  100 shots=    9992200  gap_final=   700.27  gap_best=   700.27 mHa
LiH_COBYLA_r_neyman_T10000000_P100000_s8     evals=  100 shots=    9992310  gap_final=   693.22  gap_best=   693.22 mHa
LiH_COBYLA_r_uniform_T100000000_P100000_s9   evals= 1000 shots=   99946000  gap_final=   606.40  gap_best=   606.40 mHa
LiH_COBYLA_r_neyman_T30000000_P100000_s0     evals=  300 shots=   29976512  gap_final=   595.74  gap_best=   595.74 mHa
LiH_COBYLA_r_neyman_T30000000_P100000_s2     evals=  300 shots=   29976755  gap_final=   624.35  gap_best=   624.35 mHa
LiH_COBYLA_r_neyman_T30000000_P100000_s4     evals=  300 shots=   29976858  gap_final=   603.32  gap_best=   603.32 mHa
LiH_COBYLA_r_neyman_T30000000_P100000_s6     evals=  300 shots=   29976239  gap_final=   675.92  gap_best=   675.92 mHa
LiH_COBYLA_r_neyman_T30000000_P100000_s5     evals=  300 shots=   29977118  gap_final=   679.50  gap_best=   679.50 mHa
LiH_COBYLA_r_neyman_T30000000_P100000_s8     evals=  300 shots=   29976932  gap_final=   693.22  gap_best=   693.22 mHa
LiH_COBYLA_r_neyman_T30000000_P100000_s9     evals=  300 shots=   29976625  gap_final=   700.27  gap_best=   700.27 mHa
LiH_COBYLA_r_neyman_T30000000_P100000_s3     evals=  300 shots=   29976927  gap_final=   660.72  gap_best=   660.72 mHa
LiH_COBYLA_r_neyman_T30000000_P100000_s1     evals=  300 shots=   29976431  gap_final=   666.37  gap_best=   666.37 mHa
LiH_COBYLA_r_neyman_T30000000_P100000_s7     evals=  300 shots=   29977656  gap_final=   638.64  gap_best=   638.64 mHa
LiH_COBYLA_r_exact_T1000000_P100000_s0       evals=   10 shots=          0  gap_final=   695.94  gap_best=   695.94 mHa
LiH_COBYLA_r_weighted_T100000000_P100000_s9  evals= 1000 shots=   99908000  gap_final=   570.63  gap_best=   570.63 mHa
LiH_COBYLA_r_exact_T1000000_P100000_s1       evals=   10 shots=          0  gap_final=   677.84  gap_best=   677.84 mHa
LiH_COBYLA_r_exact_T1000000_P100000_s2       evals=   10 shots=          0  gap_final=   684.73  gap_best=   684.73 mHa
LiH_COBYLA_r_exact_T1000000_P100000_s3       evals=   10 shots=          0  gap_final=   665.48  gap_best=   665.48 mHa
LiH_COBYLA_r_exact_T1000000_P100000_s4       evals=   10 shots=          0  gap_final=   670.25  gap_best=   670.25 mHa
LiH_COBYLA_r_exact_T1000000_P100000_s5       evals=   10 shots=          0  gap_final=   689.47  gap_best=   689.47 mHa
LiH_COBYLA_r_exact_T1000000_P100000_s6       evals=   10 shots=          0  gap_final=   683.35  gap_best=   683.35 mHa
LiH_COBYLA_r_exact_T1000000_P100000_s7       evals=   10 shots=          0  gap_final=   678.40  gap_best=   678.40 mHa
LiH_COBYLA_r_exact_T1000000_P100000_s8       evals=   10 shots=          0  gap_final=   685.00  gap_best=   685.00 mHa
LiH_COBYLA_r_exact_T1000000_P100000_s9       evals=   10 shots=          0  gap_final=   694.81  gap_best=   694.81 mHa
LiH_COBYLA_r_exact_T3000000_P100000_s0       evals=   30 shots=          0  gap_final=   671.05  gap_best=   671.05 mHa
LiH_COBYLA_r_exact_T3000000_P100000_s1       evals=   30 shots=          0  gap_final=   658.65  gap_best=   658.65 mHa
LiH_COBYLA_r_uniform_T100000000_P100000_s8   evals= 1000 shots=   99946000  gap_final=   607.63  gap_best=   607.63 mHa
LiH_COBYLA_r_uniform_T100000000_P100000_s6   evals= 1000 shots=   99946000  gap_final=   569.03  gap_best=   569.03 mHa
LiH_COBYLA_r_exact_T3000000_P100000_s2       evals=   30 shots=          0  gap_final=   659.08  gap_best=   659.08 mHa
LiH_COBYLA_r_exact_T3000000_P100000_s3       evals=   30 shots=          0  gap_final=   645.55  gap_best=   645.55 mHa
LiH_COBYLA_r_uniform_T100000000_P100000_s0   evals= 1000 shots=   99946000  gap_final=   603.80  gap_best=   603.80 mHa
LiH_COBYLA_r_uniform_T100000000_P100000_s1   evals= 1000 shots=   99946000  gap_final=   489.39  gap_best=   489.39 mHa
LiH_COBYLA_r_exact_T3000000_P100000_s6       evals=   30 shots=          0  gap_final=   656.97  gap_best=   656.97 mHa
LiH_COBYLA_r_uniform_T100000000_P100000_s3   evals= 1000 shots=   99946000  gap_final=   563.36  gap_best=   563.36 mHa
LiH_COBYLA_r_uniform_T100000000_P100000_s7   evals= 1000 shots=   99946000  gap_final=   579.89  gap_best=   579.89 mHa
LiH_COBYLA_r_exact_T3000000_P100000_s4       evals=   30 shots=          0  gap_final=   634.42  gap_best=   634.42 mHa
LiH_COBYLA_r_exact_T3000000_P100000_s5       evals=   30 shots=          0  gap_final=   645.33  gap_best=   645.33 mHa
LiH_COBYLA_r_uniform_T100000000_P100000_s2   evals= 1000 shots=   99946000  gap_final=   595.58  gap_best=   595.58 mHa
LiH_COBYLA_r_uniform_T100000000_P100000_s4   evals= 1000 shots=   99946000  gap_final=   249.49  gap_best=   249.49 mHa
LiH_COBYLA_r_exact_T3000000_P100000_s7       evals=   30 shots=          0  gap_final=   650.10  gap_best=   650.10 mHa
LiH_COBYLA_r_uniform_T100000000_P100000_s5   evals= 1000 shots=   99946000  gap_final=   726.92  gap_best=   637.90 mHa
LiH_COBYLA_r_weighted_T100000000_P100000_s0  evals= 1000 shots=   99908000  gap_final=   332.24  gap_best=   332.24 mHa
LiH_COBYLA_r_exact_T3000000_P100000_s8       evals=   30 shots=          0  gap_final=   670.31  gap_best=   670.31 mHa
LiH_COBYLA_r_exact_T3000000_P100000_s9       evals=   30 shots=          0  gap_final=   677.95  gap_best=   677.95 mHa
LiH_COBYLA_r_exact_T10000000_P100000_s0      evals=  100 shots=          0  gap_final=   230.03  gap_best=   230.03 mHa
LiH_COBYLA_r_exact_T10000000_P100000_s8      evals=  100 shots=          0  gap_final=   414.29  gap_best=   414.29 mHa
LiH_COBYLA_r_exact_T10000000_P100000_s1      evals=  100 shots=          0  gap_final=   299.97  gap_best=   299.97 mHa
LiH_COBYLA_r_exact_T10000000_P100000_s2      evals=  100 shots=          0  gap_final=   285.77  gap_best=   285.77 mHa
LiH_COBYLA_r_exact_T10000000_P100000_s3      evals=  100 shots=          0  gap_final=   283.41  gap_best=   283.41 mHa
LiH_COBYLA_r_exact_T10000000_P100000_s6      evals=  100 shots=          0  gap_final=   219.74  gap_best=   219.74 mHa
LiH_COBYLA_r_exact_T10000000_P100000_s7      evals=  100 shots=          0  gap_final=   342.50  gap_best=   342.50 mHa
LiH_COBYLA_r_exact_T10000000_P100000_s4      evals=  100 shots=          0  gap_final=   284.25  gap_best=   284.25 mHa
LiH_COBYLA_r_exact_T10000000_P100000_s5      evals=  100 shots=          0  gap_final=   341.12  gap_best=   341.12 mHa
LiH_COBYLA_r_exact_T10000000_P100000_s9      evals=  100 shots=          0  gap_final=   278.64  gap_best=   278.64 mHa
LiH_COBYLA_r_exact_T30000000_P100000_s3      evals=  300 shots=          0  gap_final=    87.44  gap_best=    87.44 mHa
LiH_COBYLA_r_exact_T30000000_P100000_s4      evals=  300 shots=          0  gap_final=    35.40  gap_best=    35.40 mHa
LiH_COBYLA_r_exact_T30000000_P100000_s0      evals=  300 shots=          0  gap_final=     1.34  gap_best=     1.34 mHa
LiH_COBYLA_r_exact_T30000000_P100000_s1      evals=  300 shots=          0  gap_final=   155.29  gap_best=   155.29 mHa
LiH_COBYLA_r_exact_T30000000_P100000_s2      evals=  300 shots=          0  gap_final=     4.92  gap_best=     4.92 mHa
LiH_COBYLA_r_neyman_T100000000_P100000_s0    evals= 1000 shots=   99922051  gap_final=   216.68  gap_best=   216.68 mHa
LiH_COBYLA_r_exact_T30000000_P100000_s5      evals=  300 shots=          0  gap_final=     9.80  gap_best=     9.80 mHa
LiH_COBYLA_r_exact_T30000000_P100000_s6      evals=  300 shots=          0  gap_final=     5.92  gap_best=     5.92 mHa
LiH_COBYLA_r_exact_T30000000_P100000_s8      evals=  300 shots=          0  gap_final=   155.67  gap_best=   155.67 mHa
LiH_COBYLA_r_exact_T30000000_P100000_s7      evals=  300 shots=          0  gap_final=   148.07  gap_best=   148.07 mHa
LiH_COBYLA_r_exact_T30000000_P100000_s9      evals=  300 shots=          0  gap_final=   147.71  gap_best=   147.71 mHa
LiH_LBFGSB_ps_r_uniform_T1000000_P100000_s1  evals=   10 shots=     999460  gap_final=   718.80  gap_best=   522.16 mHa
LiH_LBFGSB_ps_r_uniform_T1000000_P100000_s0  evals=   10 shots=     999460  gap_final=   724.91  gap_best=   531.43 mHa
LiH_LBFGSB_ps_r_uniform_T1000000_P100000_s2  evals=   10 shots=     999460  gap_final=   711.06  gap_best=   523.98 mHa
LiH_COBYLA_r_exact_T100000000_P100000_s2     evals= 1000 shots=          0  gap_final=     0.07  gap_best=     0.07 mHa
LiH_COBYLA_r_exact_T100000000_P100000_s3     evals= 1000 shots=          0  gap_final=     1.61  gap_best=     1.61 mHa
LiH_LBFGSB_ps_r_uniform_T1000000_P100000_s3  evals=   10 shots=     999460  gap_final=   709.94  gap_best=   513.22 mHa
LiH_LBFGSB_ps_r_uniform_T1000000_P100000_s4  evals=   10 shots=     999460  gap_final=   698.92  gap_best=   504.63 mHa
LiH_LBFGSB_ps_r_uniform_T1000000_P100000_s6  evals=   10 shots=     999460  gap_final=   705.42  gap_best=   503.15 mHa
LiH_COBYLA_r_weighted_T100000000_P100000_s2  evals= 1000 shots=   99908000  gap_final=   492.61  gap_best=   492.61 mHa
LiH_LBFGSB_ps_r_uniform_T1000000_P100000_s7  evals=   10 shots=     999460  gap_final=   716.01  gap_best=   522.71 mHa
LiH_LBFGSB_ps_r_uniform_T1000000_P100000_s5  evals=   10 shots=     999460  gap_final=   711.09  gap_best=   501.03 mHa
LiH_COBYLA_r_exact_T100000000_P100000_s7     evals= 1000 shots=          0  gap_final=   147.56  gap_best=   147.56 mHa
LiH_LBFGSB_ps_r_uniform_T1000000_P100000_s8  evals=   10 shots=     999460  gap_final=   716.54  gap_best=   515.54 mHa
LiH_COBYLA_r_neyman_T100000000_P100000_s1    evals= 1000 shots=   99922059  gap_final=   303.59  gap_best=   303.59 mHa
LiH_LBFGSB_ps_r_uniform_T1000000_P100000_s9  evals=   10 shots=     999460  gap_final=   719.26  gap_best=   537.83 mHa
LiH_LBFGSB_ps_r_uniform_T3000000_P100000_s0  evals=   30 shots=    2998380  gap_final=   723.26  gap_best=   437.30 mHa
LiH_COBYLA_r_exact_T100000000_P100000_s0     evals= 1000 shots=          0  gap_final=     0.23  gap_best=     0.23 mHa
LiH_COBYLA_r_weighted_T100000000_P100000_s1  evals= 1000 shots=   99908000  gap_final=   440.08  gap_best=   440.08 mHa
LiH_LBFGSB_ps_r_uniform_T3000000_P100000_s1  evals=   30 shots=    2998380  gap_final=   714.10  gap_best=   435.49 mHa
LiH_COBYLA_r_neyman_T100000000_P100000_s2    evals= 1000 shots=   99922326  gap_final=   179.10  gap_best=   179.10 mHa
LiH_COBYLA_r_exact_T100000000_P100000_s1     evals= 1000 shots=          0  gap_final=   147.44  gap_best=   147.44 mHa
LiH_COBYLA_r_weighted_T100000000_P100000_s5  evals= 1000 shots=   99908000  gap_final=   540.80  gap_best=   540.80 mHa
LiH_LBFGSB_ps_r_uniform_T3000000_P100000_s2  evals=   30 shots=    2998380  gap_final=   712.59  gap_best=   424.93 mHa
LiH_LBFGSB_ps_r_uniform_T3000000_P100000_s4  evals=   30 shots=    2998380  gap_final=   705.86  gap_best=   408.37 mHa
LiH_LBFGSB_ps_r_uniform_T3000000_P100000_s3  evals=   30 shots=    2998380  gap_final=   711.60  gap_best=   440.12 mHa
LiH_LBFGSB_ps_r_uniform_T3000000_P100000_s6  evals=   30 shots=    2998380  gap_final=   704.09  gap_best=   399.88 mHa
LiH_COBYLA_r_neyman_T100000000_P100000_s5    evals= 1000 shots=   99922516  gap_final=   506.97  gap_best=   506.97 mHa
LiH_COBYLA_r_weighted_T100000000_P100000_s3  evals= 1000 shots=   99908000  gap_final=   279.04  gap_best=   279.04 mHa
LiH_COBYLA_r_exact_T100000000_P100000_s4     evals= 1000 shots=          0  gap_final=     0.09  gap_best=     0.09 mHa
LiH_LBFGSB_ps_r_uniform_T3000000_P100000_s5  evals=   30 shots=    2998380  gap_final=   708.02  gap_best=   446.43 mHa
LiH_LBFGSB_ps_r_uniform_T3000000_P100000_s7  evals=   30 shots=    2998380  gap_final=   721.79  gap_best=   424.96 mHa
LiH_COBYLA_r_weighted_T100000000_P100000_s4  evals= 1000 shots=   99908000  gap_final=   237.00  gap_best=   237.00 mHa
LiH_COBYLA_r_exact_T100000000_P100000_s5     evals= 1000 shots=          0  gap_final=     0.55  gap_best=     0.55 mHa
LiH_COBYLA_r_exact_T100000000_P100000_s6     evals= 1000 shots=          0  gap_final=     0.16  gap_best=     0.16 mHa
LiH_LBFGSB_ps_r_uniform_T3000000_P100000_s8  evals=   30 shots=    2998380  gap_final=   715.00  gap_best=   420.35 mHa
LiH_COBYLA_r_exact_T100000000_P100000_s8     evals= 1000 shots=          0  gap_final=   147.56  gap_best=   147.56 mHa
LiH_LBFGSB_ps_r_uniform_T3000000_P100000_s9  evals=   30 shots=    2998380  gap_final=   722.43  gap_best=   413.07 mHa
LiH_COBYLA_r_weighted_T100000000_P100000_s6  evals= 1000 shots=   99908000  gap_final=   258.55  gap_best=   258.55 mHa
LiH_COBYLA_r_neyman_T100000000_P100000_s7    evals= 1000 shots=   99924290  gap_final=   443.28  gap_best=   443.28 mHa
LiH_COBYLA_r_weighted_T100000000_P100000_s7  evals= 1000 shots=   99908000  gap_final=   437.11  gap_best=   437.11 mHa
LiH_COBYLA_r_neyman_T100000000_P100000_s6    evals= 1000 shots=   99921765  gap_final=   245.20  gap_best=   245.20 mHa
LiH_COBYLA_r_neyman_T100000000_P100000_s4    evals= 1000 shots=   99922555  gap_final=   207.42  gap_best=   207.42 mHa
LiH_COBYLA_r_exact_T100000000_P100000_s9     evals= 1000 shots=          0  gap_final=   147.56  gap_best=   147.56 mHa
LiH_LBFGSB_ps_r_uniform_T10000000_P100000_s0 evals=  100 shots=    9994600  gap_final=   506.14  gap_best=   417.60 mHa
LiH_LBFGSB_ps_r_uniform_T10000000_P100000_s2 evals=  100 shots=    9994600  gap_final=   541.00  gap_best=   412.88 mHa
LiH_COBYLA_r_weighted_T100000000_P100000_s8  evals= 1000 shots=   99908000  gap_final=   599.50  gap_best=   599.50 mHa
LiH_LBFGSB_ps_r_uniform_T10000000_P100000_s4 evals=  100 shots=    9994600  gap_final=   543.78  gap_best=   397.42 mHa
LiH_LBFGSB_ps_r_uniform_T10000000_P100000_s1 evals=  100 shots=    9994600  gap_final=   508.31  gap_best=   415.62 mHa
LiH_LBFGSB_ps_r_uniform_T10000000_P100000_s8 evals=  100 shots=    9994600  gap_final=   538.24  gap_best=   409.57 mHa
LiH_COBYLA_r_neyman_T100000000_P100000_s3    evals= 1000 shots=   99921699  gap_final=   293.49  gap_best=   293.49 mHa
LiH_LBFGSB_ps_r_weighted_T1000000_P100000_s0 evals=   10 shots=     999080  gap_final=   724.91  gap_best=   531.43 mHa
LiH_LBFGSB_ps_r_weighted_T1000000_P100000_s1 evals=   10 shots=     999080  gap_final=   718.80  gap_best=   509.39 mHa
LiH_LBFGSB_ps_r_uniform_T10000000_P100000_s3 evals=  100 shots=    9994600  gap_final=   536.66  gap_best=   410.94 mHa
LiH_LBFGSB_ps_r_weighted_T1000000_P100000_s2 evals=   10 shots=     999080  gap_final=   711.06  gap_best=   515.26 mHa
LiH_LBFGSB_ps_r_weighted_T1000000_P100000_s3 evals=   10 shots=     999080  gap_final=   709.94  gap_best=   525.42 mHa
LiH_LBFGSB_ps_r_uniform_T10000000_P100000_s5 evals=  100 shots=    9994600  gap_final=   528.14  gap_best=   446.43 mHa
LiH_LBFGSB_ps_r_uniform_T10000000_P100000_s6 evals=  100 shots=    9994600  gap_final=   528.21  gap_best=   397.30 mHa
LiH_LBFGSB_ps_r_uniform_T10000000_P100000_s7 evals=  100 shots=    9994600  gap_final=   533.16  gap_best=   408.73 mHa
LiH_LBFGSB_ps_r_weighted_T1000000_P100000_s4 evals=   10 shots=     999080  gap_final=   698.92  gap_best=   504.63 mHa
LiH_LBFGSB_ps_r_uniform_T10000000_P100000_s9 evals=  100 shots=    9994600  gap_final=   534.34  gap_best=   413.07 mHa
LiH_LBFGSB_ps_r_weighted_T1000000_P100000_s6 evals=   10 shots=     999080  gap_final=   705.42  gap_best=   503.15 mHa
LiH_LBFGSB_ps_r_weighted_T1000000_P100000_s7 evals=   10 shots=     999080  gap_final=   716.01  gap_best=   528.09 mHa
LiH_LBFGSB_ps_r_weighted_T1000000_P100000_s5 evals=   10 shots=     999080  gap_final=   711.09  gap_best=   501.03 mHa
LiH_LBFGSB_ps_r_weighted_T1000000_P100000_s8 evals=   10 shots=     999080  gap_final=   716.54  gap_best=   533.63 mHa
LiH_LBFGSB_ps_r_weighted_T1000000_P100000_s9 evals=   10 shots=     999080  gap_final=   719.26  gap_best=   537.26 mHa
LiH_LBFGSB_ps_r_weighted_T3000000_P100000_s3 evals=   30 shots=    2997240  gap_final=   711.60  gap_best=   414.18 mHa
LiH_LBFGSB_ps_r_weighted_T3000000_P100000_s0 evals=   30 shots=    2997240  gap_final=   723.26  gap_best=   437.30 mHa
LiH_LBFGSB_ps_r_weighted_T3000000_P100000_s1 evals=   30 shots=    2997240  gap_final=   714.10  gap_best=   419.54 mHa
LiH_LBFGSB_ps_r_weighted_T3000000_P100000_s4 evals=   30 shots=    2997240  gap_final=   705.86  gap_best=   408.37 mHa
LiH_LBFGSB_ps_r_weighted_T3000000_P100000_s2 evals=   30 shots=    2997240  gap_final=   712.59  gap_best=   424.93 mHa
LiH_LBFGSB_ps_r_weighted_T3000000_P100000_s5 evals=   30 shots=    2997240  gap_final=   708.02  gap_best=   422.36 mHa
LiH_LBFGSB_ps_r_weighted_T3000000_P100000_s6 evals=   30 shots=    2997240  gap_final=   704.09  gap_best=   399.88 mHa
LiH_LBFGSB_ps_r_weighted_T3000000_P100000_s8 evals=   30 shots=    2997240  gap_final=   715.00  gap_best=   420.35 mHa
LiH_LBFGSB_ps_r_weighted_T3000000_P100000_s7 evals=   30 shots=    2997240  gap_final=   721.79  gap_best=   424.96 mHa
LiH_LBFGSB_ps_r_weighted_T3000000_P100000_s9 evals=   30 shots=    2997240  gap_final=   722.43  gap_best=   413.07 mHa
LiH_LBFGSB_ps_r_uniform_T30000000_P100000_s0 evals=  300 shots=   29983800  gap_final=   666.67  gap_best=   417.60 mHa
LiH_LBFGSB_ps_r_uniform_T30000000_P100000_s5 evals=  300 shots=   29983800  gap_final=   661.72  gap_best=   413.48 mHa
LiH_LBFGSB_ps_r_weighted_T10000000_P100000_s0 evals=  100 shots=    9990800  gap_final=   504.02  gap_best=   413.41 mHa
LiH_LBFGSB_ps_r_weighted_T10000000_P100000_s4 evals=  100 shots=    9990800  gap_final=   543.40  gap_best=   396.47 mHa
LiH_LBFGSB_ps_r_weighted_T10000000_P100000_s5 evals=  100 shots=    9990800  gap_final=   531.38  gap_best=   422.36 mHa
LiH_LBFGSB_ps_r_weighted_T10000000_P100000_s2 evals=  100 shots=    9990800  gap_final=   537.01  gap_best=   413.28 mHa
LiH_LBFGSB_ps_r_weighted_T10000000_P100000_s1 evals=  100 shots=    9990800  gap_final=   499.56  gap_best=   408.76 mHa
LiH_LBFGSB_ps_r_weighted_T10000000_P100000_s8 evals=  100 shots=    9990800  gap_final=   518.75  gap_best=   400.28 mHa
LiH_LBFGSB_ps_r_weighted_T10000000_P100000_s9 evals=  100 shots=    9990800  gap_final=   527.37  gap_best=   390.63 mHa
LiH_LBFGSB_ps_r_uniform_T30000000_P100000_s7 evals=  300 shots=   29983800  gap_final=   698.16  gap_best=   404.46 mHa
LiH_LBFGSB_ps_r_weighted_T10000000_P100000_s3 evals=  100 shots=    9990800  gap_final=   530.65  gap_best=   414.18 mHa
LiH_LBFGSB_ps_r_weighted_T10000000_P100000_s6 evals=  100 shots=    9990800  gap_final=   522.69  gap_best=   383.48 mHa
LiH_LBFGSB_ps_r_uniform_T30000000_P100000_s4 evals=  300 shots=   29983800  gap_final=   674.62  gap_best=   415.82 mHa
LiH_LBFGSB_ps_r_uniform_T30000000_P100000_s1 evals=  300 shots=   29983800  gap_final=   701.61  gap_best=   428.31 mHa
LiH_LBFGSB_ps_r_uniform_T30000000_P100000_s3 evals=  300 shots=   29983800  gap_final=   699.57  gap_best=   414.18 mHa
LiH_LBFGSB_ps_r_uniform_T30000000_P100000_s2 evals=  300 shots=   29983800  gap_final=   700.70  gap_best=   427.49 mHa
LiH_LBFGSB_ps_r_uniform_T30000000_P100000_s6 evals=  300 shots=   29983800  gap_final=   672.08  gap_best=   395.10 mHa
LiH_LBFGSB_ps_r_uniform_T30000000_P100000_s8 evals=  300 shots=   29983800  gap_final=   667.38  gap_best=   402.71 mHa
LiH_LBFGSB_ps_r_uniform_T30000000_P100000_s9 evals=  300 shots=   29983800  gap_final=   659.60  gap_best=   407.55 mHa
LiH_LBFGSB_ps_r_weighted_T10000000_P100000_s7 evals=  100 shots=    9990800  gap_final=   533.48  gap_best=   407.31 mHa
LiH_COBYLA_r_neyman_T100000000_P100000_s9    evals= 1000 shots=   99921870  gap_final=   481.48  gap_best=   481.48 mHa
LiH_LBFGSB_ps_r_weighted_T30000000_P100000_s1 evals=  300 shots=   29972400  gap_final=   394.71  gap_best=   366.12 mHa
LiH_LBFGSB_ps_r_weighted_T30000000_P100000_s0 evals=  300 shots=   29972400  gap_final=   661.06  gap_best=   412.07 mHa
LiH_LBFGSB_ps_r_neyman_T1000000_P100000_s0   evals=   10 shots=     999274  gap_final=   724.91  gap_best=   531.43 mHa
LiH_LBFGSB_ps_r_weighted_T30000000_P100000_s6 evals=  300 shots=   29972400  gap_final=   693.11  gap_best=   375.48 mHa
LiH_LBFGSB_ps_r_neyman_T1000000_P100000_s2   evals=   10 shots=     999270  gap_final=   711.06  gap_best=   515.26 mHa
LiH_LBFGSB_ps_r_neyman_T1000000_P100000_s1   evals=   10 shots=     999273  gap_final=   718.80  gap_best=   509.39 mHa
LiH_LBFGSB_ps_r_neyman_T1000000_P100000_s3   evals=   10 shots=     999272  gap_final=   709.94  gap_best=   513.22 mHa
LiH_LBFGSB_ps_r_weighted_T30000000_P100000_s2 evals=  300 shots=   29972400  gap_final=   697.30  gap_best=   425.63 mHa
LiH_COBYLA_r_neyman_T100000000_P100000_s8    evals= 1000 shots=   99922357  gap_final=   524.28  gap_best=   524.28 mHa
LiH_LBFGSB_ps_r_neyman_T1000000_P100000_s4   evals=   10 shots=     999266  gap_final=   698.92  gap_best=   504.63 mHa
LiH_LBFGSB_ps_r_neyman_T1000000_P100000_s5   evals=   10 shots=     999254  gap_final=   711.09  gap_best=   501.03 mHa
LiH_LBFGSB_ps_r_neyman_T1000000_P100000_s6   evals=   10 shots=     999272  gap_final=   705.42  gap_best=   503.15 mHa
LiH_LBFGSB_ps_r_neyman_T1000000_P100000_s7   evals=   10 shots=     999287  gap_final=   716.01  gap_best=   522.71 mHa
LiH_LBFGSB_ps_r_uniform_T100000000_P100000_s1 evals= 1000 shots=   99946000  gap_final=   690.02  gap_best=   412.70 mHa
LiH_LBFGSB_ps_r_neyman_T1000000_P100000_s9   evals=   10 shots=     999284  gap_final=   719.26  gap_best=   537.83 mHa
LiH_LBFGSB_ps_r_neyman_T1000000_P100000_s8   evals=   10 shots=     999244  gap_final=   716.54  gap_best=   515.54 mHa
LiH_LBFGSB_ps_r_uniform_T100000000_P100000_s7 evals= 1000 shots=   99946000  gap_final=   697.97  gap_best=   404.46 mHa
LiH_LBFGSB_ps_r_uniform_T100000000_P100000_s6 evals= 1000 shots=   99946000  gap_final=   694.61  gap_best=   363.43 mHa
LiH_LBFGSB_ps_r_neyman_T3000000_P100000_s2   evals=   30 shots=    2997770  gap_final=   712.59  gap_best=   424.93 mHa
LiH_LBFGSB_ps_r_neyman_T3000000_P100000_s3   evals=   30 shots=    2997787  gap_final=   711.60  gap_best=   414.18 mHa
LiH_LBFGSB_ps_r_uniform_T100000000_P100000_s2 evals= 1000 shots=   99946000  gap_final=   697.48  gap_best=   401.40 mHa
LiH_LBFGSB_ps_r_weighted_T30000000_P100000_s3 evals=  300 shots=   29972400  gap_final=   665.12  gap_best=   404.25 mHa
LiH_LBFGSB_ps_r_weighted_T30000000_P100000_s5 evals=  300 shots=   29972400  gap_final=   706.19  gap_best=   422.36 mHa
LiH_LBFGSB_ps_r_weighted_T30000000_P100000_s4 evals=  300 shots=   29972400  gap_final=   667.25  gap_best=   387.90 mHa
LiH_LBFGSB_ps_r_neyman_T3000000_P100000_s5   evals=   30 shots=    2997766  gap_final=   708.02  gap_best=   422.36 mHa
LiH_LBFGSB_ps_r_neyman_T3000000_P100000_s0   evals=   30 shots=    2997779  gap_final=   723.26  gap_best=   437.30 mHa
LiH_LBFGSB_ps_r_weighted_T30000000_P100000_s8 evals=  300 shots=   29972400  gap_final=   662.59  gap_best=   336.71 mHa
LiH_LBFGSB_ps_r_neyman_T3000000_P100000_s1   evals=   30 shots=    2997769  gap_final=   714.10  gap_best=   428.31 mHa
LiH_LBFGSB_ps_r_weighted_T30000000_P100000_s7 evals=  300 shots=   29972400  gap_final=   698.63  gap_best=   410.75 mHa
LiH_LBFGSB_ps_r_weighted_T30000000_P100000_s9 evals=  300 shots=   29972400  gap_final=   656.12  gap_best=   372.01 mHa
LiH_LBFGSB_ps_r_neyman_T3000000_P100000_s6   evals=   30 shots=    2997762  gap_final=   704.09  gap_best=   418.14 mHa
LiH_LBFGSB_ps_r_neyman_T3000000_P100000_s7   evals=   30 shots=    2997760  gap_final=   721.79  gap_best=   426.59 mHa
LiH_LBFGSB_ps_r_neyman_T3000000_P100000_s4   evals=   30 shots=    2997772  gap_final=   705.86  gap_best=   408.37 mHa
LiH_LBFGSB_ps_r_neyman_T3000000_P100000_s8   evals=   30 shots=    2997712  gap_final=   715.00  gap_best=   410.13 mHa
LiH_LBFGSB_ps_r_neyman_T3000000_P100000_s9   evals=   30 shots=    2997750  gap_final=   722.43  gap_best=   413.07 mHa
LiH_LBFGSB_ps_r_neyman_T10000000_P100000_s6  evals=  100 shots=    9992542  gap_final=   522.72  gap_best=   384.10 mHa
LiH_LBFGSB_ps_r_uniform_T100000000_P100000_s0 evals= 1000 shots=   99946000  gap_final=   697.16  gap_best=   394.22 mHa
LiH_LBFGSB_ps_r_neyman_T10000000_P100000_s9  evals=  100 shots=    9992486  gap_final=   527.84  gap_best=   390.97 mHa
LiH_LBFGSB_ps_r_uniform_T100000000_P100000_s8 evals= 1000 shots=   99946000  gap_final=   702.35  gap_best=   396.46 mHa
LiH_LBFGSB_ps_r_neyman_T10000000_P100000_s0  evals=  100 shots=    9992536  gap_final=   502.56  gap_best=   412.98 mHa
LiH_LBFGSB_ps_r_neyman_T10000000_P100000_s2  evals=  100 shots=    9992537  gap_final=   538.29  gap_best=   414.80 mHa
LiH_LBFGSB_ps_r_neyman_T10000000_P100000_s1  evals=  100 shots=    9992551  gap_final=   500.89  gap_best=   411.11 mHa
LiH_LBFGSB_ps_r_neyman_T10000000_P100000_s3  evals=  100 shots=    9992518  gap_final=   533.82  gap_best=   419.55 mHa
LiH_LBFGSB_ps_r_neyman_T10000000_P100000_s5  evals=  100 shots=    9992489  gap_final=   524.20  gap_best=   413.53 mHa
LiH_LBFGSB_ps_r_neyman_T10000000_P100000_s4  evals=  100 shots=    9992549  gap_final=   546.60  gap_best=   394.61 mHa
LiH_LBFGSB_ps_r_neyman_T10000000_P100000_s7  evals=  100 shots=    9992465  gap_final=   531.73  gap_best=   406.88 mHa
LiH_LBFGSB_ps_r_neyman_T10000000_P100000_s8  evals=  100 shots=    9992438  gap_final=   518.33  gap_best=   396.36 mHa
LiH_LBFGSB_ps_r_uniform_T100000000_P100000_s9 evals= 1000 shots=   99946000  gap_final=   695.28  gap_best=   362.64 mHa
LiH_LBFGSB_ps_r_uniform_T100000000_P100000_s3 evals= 1000 shots=   99946000  gap_final=   695.26  gap_best=   414.18 mHa
LiH_LBFGSB_ps_r_neyman_T30000000_P100000_s1  evals=  300 shots=   29977860  gap_final=   690.27  gap_best=   407.54 mHa
LiH_LBFGSB_ps_r_neyman_T30000000_P100000_s3  evals=  300 shots=   29977790  gap_final=   693.92  gap_best=   407.47 mHa
LiH_LBFGSB_ps_r_neyman_T30000000_P100000_s5  evals=  300 shots=   29977294  gap_final=  1282.30  gap_best=   413.53 mHa
LiH_LBFGSB_ps_r_weighted_T100000000_P100000_s6 evals= 1000 shots=   99908000  gap_final=   693.11  gap_best=     6.40 mHa
LiH_LBFGSB_ps_r_neyman_T30000000_P100000_s6  evals=  300 shots=   29977020  gap_final=   726.36  gap_best=   326.48 mHa
LiH_LBFGSB_ps_r_exact_T1000000_P100000_s0    evals=   10 shots=          0  gap_final=   724.91  gap_best=   531.43 mHa
LiH_LBFGSB_ps_r_exact_T1000000_P100000_s1    evals=   10 shots=          0  gap_final=   718.80  gap_best=   509.39 mHa
LiH_LBFGSB_ps_r_neyman_T30000000_P100000_s7  evals=  300 shots=   29977080  gap_final=   635.95  gap_best=   389.08 mHa
LiH_LBFGSB_ps_r_exact_T1000000_P100000_s3    evals=   10 shots=          0  gap_final=   709.94  gap_best=   513.22 mHa
LiH_LBFGSB_ps_r_exact_T1000000_P100000_s2    evals=   10 shots=          0  gap_final=   711.06  gap_best=   515.26 mHa
LiH_LBFGSB_ps_r_exact_T1000000_P100000_s4    evals=   10 shots=          0  gap_final=   698.92  gap_best=   504.63 mHa
LiH_LBFGSB_ps_r_exact_T1000000_P100000_s5    evals=   10 shots=          0  gap_final=   711.09  gap_best=   501.03 mHa
LiH_LBFGSB_ps_r_exact_T1000000_P100000_s6    evals=   10 shots=          0  gap_final=   705.42  gap_best=   503.15 mHa
LiH_LBFGSB_ps_r_exact_T1000000_P100000_s9    evals=   10 shots=          0  gap_final=   719.26  gap_best=   537.26 mHa
LiH_LBFGSB_ps_r_exact_T1000000_P100000_s7    evals=   10 shots=          0  gap_final=   716.01  gap_best=   522.71 mHa
LiH_LBFGSB_ps_r_exact_T1000000_P100000_s8    evals=   10 shots=          0  gap_final=   716.54  gap_best=   515.54 mHa
LiH_LBFGSB_ps_r_exact_T3000000_P100000_s0    evals=   30 shots=          0  gap_final=   723.26  gap_best=   437.02 mHa
LiH_LBFGSB_ps_r_neyman_T30000000_P100000_s0  evals=  300 shots=   29977711  gap_final=   659.95  gap_best=   394.14 mHa
LiH_LBFGSB_ps_r_neyman_T30000000_P100000_s2  evals=  300 shots=   29977672  gap_final=   698.40  gap_best=   410.88 mHa
LiH_LBFGSB_ps_r_exact_T3000000_P100000_s1    evals=   30 shots=          0  gap_final=   714.10  gap_best=   419.54 mHa
LiH_LBFGSB_ps_r_exact_T3000000_P100000_s3    evals=   30 shots=          0  gap_final=   711.60  gap_best=   414.18 mHa
LiH_LBFGSB_ps_r_exact_T3000000_P100000_s4    evals=   30 shots=          0  gap_final=   705.86  gap_best=   408.37 mHa
LiH_LBFGSB_ps_r_exact_T3000000_P100000_s2    evals=   30 shots=          0  gap_final=   712.59  gap_best=   424.93 mHa
LiH_LBFGSB_ps_r_exact_T3000000_P100000_s6    evals=   30 shots=          0  gap_final=   704.09  gap_best=   399.88 mHa
LiH_LBFGSB_ps_r_exact_T3000000_P100000_s7    evals=   30 shots=          0  gap_final=   721.79  gap_best=   424.96 mHa
LiH_LBFGSB_ps_r_neyman_T30000000_P100000_s4  evals=  300 shots=   29977074  gap_final=   457.66  gap_best=   262.17 mHa
LiH_LBFGSB_ps_r_exact_T3000000_P100000_s5    evals=   30 shots=          0  gap_final=   708.02  gap_best=   422.03 mHa
LiH_LBFGSB_ps_r_exact_T3000000_P100000_s8    evals=   30 shots=          0  gap_final=   715.00  gap_best=   410.13 mHa
LiH_LBFGSB_ps_r_exact_T3000000_P100000_s9    evals=   30 shots=          0  gap_final=   722.43  gap_best=   413.07 mHa
LiH_LBFGSB_ps_r_weighted_T100000000_P100000_s9 evals= 1000 shots=   99908000  gap_final=   695.13  gap_best=     9.50 mHa
LiH_LBFGSB_ps_r_weighted_T100000000_P100000_s1 evals= 1000 shots=   99908000  gap_final=   498.12  gap_best=   154.43 mHa
LiH_LBFGSB_ps_r_exact_T10000000_P100000_s6   evals=  100 shots=          0  gap_final=   521.25  gap_best=   383.57 mHa
LiH_LBFGSB_ps_r_exact_T10000000_P100000_s7   evals=  100 shots=          0  gap_final=   532.05  gap_best=   406.66 mHa
LiH_LBFGSB_ps_r_exact_T10000000_P100000_s0   evals=  100 shots=          0  gap_final=   502.60  gap_best=   414.55 mHa
LiH_LBFGSB_ps_r_exact_T10000000_P100000_s1   evals=  100 shots=          0  gap_final=   500.14  gap_best=   410.39 mHa
LiH_LBFGSB_ps_r_neyman_T30000000_P100000_s8  evals=  300 shots=   29977180  gap_final=   585.35  gap_best=   272.82 mHa
LiH_LBFGSB_ps_r_exact_T10000000_P100000_s2   evals=  100 shots=          0  gap_final=   537.20  gap_best=   414.34 mHa
LiH_LBFGSB_ps_r_exact_T10000000_P100000_s3   evals=  100 shots=          0  gap_final=   532.66  gap_best=   405.82 mHa
LiH_LBFGSB_ps_r_exact_T10000000_P100000_s4   evals=  100 shots=          0  gap_final=   546.65  gap_best=   394.03 mHa
LiH_LBFGSB_ps_r_exact_T10000000_P100000_s5   evals=  100 shots=          0  gap_final=   523.65  gap_best=   411.13 mHa
LiH_LBFGSB_ps_r_exact_T10000000_P100000_s8   evals=  100 shots=          0  gap_final=   516.10  gap_best=   395.05 mHa
LiH_LBFGSB_ps_r_exact_T10000000_P100000_s9   evals=  100 shots=          0  gap_final=   527.10  gap_best=   390.28 mHa
LiH_LBFGSB_ps_r_uniform_T100000000_P100000_s5 evals= 1000 shots=   99946000  gap_final=   693.30  gap_best=   404.61 mHa
LiH_LBFGSB_ps_r_uniform_T100000000_P100000_s4 evals= 1000 shots=   99946000  gap_final=   696.34  gap_best=   390.01 mHa
LiH_LBFGSB_ps_r_neyman_T30000000_P100000_s9  evals=  300 shots=   29977393  gap_final=   650.14  gap_best=   363.65 mHa
LiH_LBFGSB_ps_r_exact_T30000000_P100000_s0   evals=  300 shots=          0  gap_final=   553.14  gap_best=   336.69 mHa
LiH_LBFGSB_ps_r_exact_T30000000_P100000_s1   evals=  300 shots=          0  gap_final=  5160.68  gap_best=   339.52 mHa
LiH_LBFGSB_ps_r_weighted_T100000000_P100000_s2 evals= 1000 shots=   99908000  gap_final=   695.61  gap_best=   425.63 mHa
LiH_LBFGSB_ps_r_exact_T30000000_P100000_s7   evals=  300 shots=          0  gap_final=   621.09  gap_best=   350.93 mHa
LiH_LBFGSB_ps_r_exact_T30000000_P100000_s8   evals=  300 shots=          0  gap_final=   576.17  gap_best=   327.76 mHa
LiH_LBFGSB_ps_r_exact_T30000000_P100000_s2   evals=  300 shots=          0  gap_final=   879.42  gap_best=   403.31 mHa
LiH_LBFGSB_ps_r_exact_T30000000_P100000_s5   evals=  300 shots=          0  gap_final=   495.21  gap_best=   202.45 mHa
LiH_LBFGSB_ps_r_exact_T30000000_P100000_s3   evals=  300 shots=          0  gap_final=   371.55  gap_best=   316.76 mHa
LiH_LBFGSB_ps_r_exact_T30000000_P100000_s4   evals=  300 shots=          0  gap_final=   522.56  gap_best=   181.02 mHa
LiH_LBFGSB_ps_r_weighted_T100000000_P100000_s8 evals= 1000 shots=   99908000  gap_final=     2.70  gap_best=     2.70 mHa
LiH_LBFGSB_ps_r_exact_T30000000_P100000_s6   evals=  300 shots=          0  gap_final=   521.41  gap_best=   268.26 mHa
LiH_LBFGSB_ps_r_exact_T30000000_P100000_s9   evals=  300 shots=          0  gap_final=   366.85  gap_best=   143.01 mHa
LiH_COBYLA_uniform_T1000000_P100000_s0       evals=   10 shots=     999460  gap_final=   699.15  gap_best=   699.15 mHa
LiH_COBYLA_uniform_T1000000_P100000_s3       evals=   10 shots=     999460  gap_final=   682.85  gap_best=   682.85 mHa
LiH_COBYLA_uniform_T1000000_P100000_s1       evals=   10 shots=     999460  gap_final=   688.50  gap_best=   688.50 mHa
LiH_COBYLA_uniform_T1000000_P100000_s2       evals=   10 shots=     999460  gap_final=   684.73  gap_best=   684.73 mHa
LiH_COBYLA_uniform_T1000000_P100000_s5       evals=   10 shots=     999460  gap_final=   707.10  gap_best=   707.10 mHa
LiH_COBYLA_uniform_T1000000_P100000_s4       evals=   10 shots=     999460  gap_final=   667.97  gap_best=   667.97 mHa
LiH_COBYLA_uniform_T1000000_P100000_s6       evals=   10 shots=     999460  gap_final=   700.43  gap_best=   700.43 mHa
LiH_LBFGSB_ps_r_exact_T100000000_P100000_s3  evals= 1000 shots=          0  gap_final=   110.12  gap_best=     0.17 mHa
LiH_LBFGSB_ps_r_exact_T100000000_P100000_s4  evals= 1000 shots=          0  gap_final=   228.24  gap_best=     0.07 mHa
LiH_LBFGSB_ps_r_exact_T100000000_P100000_s6  evals= 1000 shots=          0  gap_final=   507.57  gap_best=     0.12 mHa
LiH_COBYLA_uniform_T1000000_P100000_s9       evals=   10 shots=     999460  gap_final=   711.98  gap_best=   711.98 mHa
LiH_LBFGSB_ps_r_exact_T100000000_P100000_s0  evals= 1000 shots=          0  gap_final=   178.99  gap_best=     2.09 mHa
LiH_COBYLA_uniform_T1000000_P100000_s7       evals=   10 shots=     999460  gap_final=   696.18  gap_best=   696.18 mHa
LiH_COBYLA_uniform_T1000000_P100000_s8       evals=   10 shots=     999460  gap_final=   691.58  gap_best=   691.58 mHa
LiH_LBFGSB_ps_r_exact_T100000000_P100000_s1  evals= 1000 shots=          0  gap_final=   213.85  gap_best=     0.50 mHa
LiH_COBYLA_uniform_T3000000_P100000_s2       evals=   30 shots=    2998380  gap_final=   679.34  gap_best=   679.34 mHa
LiH_LBFGSB_ps_r_exact_T100000000_P100000_s2  evals= 1000 shots=          0  gap_final=   190.60  gap_best=     0.20 mHa
LiH_COBYLA_uniform_T3000000_P100000_s3       evals=   30 shots=    2998380  gap_final=   674.62  gap_best=   674.62 mHa
LiH_COBYLA_uniform_T3000000_P100000_s4       evals=   30 shots=    2998380  gap_final=   612.33  gap_best=   612.33 mHa
LiH_COBYLA_uniform_T3000000_P100000_s5       evals=   30 shots=    2998380  gap_final=   693.87  gap_best=   693.87 mHa
LiH_COBYLA_uniform_T3000000_P100000_s6       evals=   30 shots=    2998380  gap_final=   703.00  gap_best=   703.00 mHa
LiH_COBYLA_uniform_T3000000_P100000_s1       evals=   30 shots=    2998380  gap_final=   688.50  gap_best=   688.50 mHa
LiH_COBYLA_uniform_T3000000_P100000_s0       evals=   30 shots=    2998380  gap_final=   694.54  gap_best=   694.54 mHa
LiH_LBFGSB_ps_r_exact_T100000000_P100000_s5  evals= 1000 shots=          0  gap_final=   336.43  gap_best=     3.88 mHa
LiH_COBYLA_uniform_T3000000_P100000_s7       evals=   30 shots=    2998380  gap_final=   696.18  gap_best=   696.18 mHa
LiH_COBYLA_uniform_T3000000_P100000_s8       evals=   30 shots=    2998380  gap_final=   691.58  gap_best=   691.58 mHa
LiH_LBFGSB_ps_r_exact_T100000000_P100000_s7  evals= 1000 shots=          0  gap_final=   194.84  gap_best=     0.15 mHa
LiH_COBYLA_uniform_T3000000_P100000_s9       evals=   30 shots=    2998380  gap_final=   711.98  gap_best=   711.98 mHa
LiH_LBFGSB_ps_r_weighted_T100000000_P100000_s7 evals= 1000 shots=   99908000  gap_final=   690.47  gap_best=   376.51 mHa
LiH_LBFGSB_ps_r_exact_T100000000_P100000_s9  evals= 1000 shots=          0  gap_final=   409.19  gap_best=     0.10 mHa
LiH_COBYLA_uniform_T10000000_P100000_s0      evals=  100 shots=    9994600  gap_final=   694.54  gap_best=   694.54 mHa
LiH_COBYLA_uniform_T10000000_P100000_s1      evals=  100 shots=    9994600  gap_final=   688.51  gap_best=   688.51 mHa
LiH_LBFGSB_ps_r_exact_T100000000_P100000_s8  evals= 1000 shots=          0  gap_final=   444.52  gap_best=     0.10 mHa
LiH_COBYLA_uniform_T10000000_P100000_s3      evals=  100 shots=    9994600  gap_final=   678.44  gap_best=   678.44 mHa
LiH_COBYLA_uniform_T10000000_P100000_s5      evals=  100 shots=    9994600  gap_final=   693.49  gap_best=   693.49 mHa
LiH_COBYLA_uniform_T10000000_P100000_s6      evals=  100 shots=    9994600  gap_final=   699.23  gap_best=   699.23 mHa
LiH_LBFGSB_ps_r_weighted_T100000000_P100000_s5 evals= 1000 shots=   99908000  gap_final=   219.85  gap_best=   157.36 mHa
LiH_LBFGSB_ps_r_weighted_T100000000_P100000_s0 evals= 1000 shots=   99908000  gap_final=   698.12  gap_best=   387.75 mHa
LiH_COBYLA_uniform_T10000000_P100000_s2      evals=  100 shots=    9994600  gap_final=   679.26  gap_best=   679.26 mHa
LiH_COBYLA_uniform_T10000000_P100000_s4      evals=  100 shots=    9994600  gap_final=   534.88  gap_best=   534.88 mHa
LiH_COBYLA_uniform_T10000000_P100000_s7      evals=   99 shots=    9894654  gap_final=   696.18  gap_best=   696.18 mHa
LiH_LBFGSB_ps_r_weighted_T100000000_P100000_s3 evals= 1000 shots=   99908000  gap_final=   691.85  gap_best=   374.15 mHa
LiH_LBFGSB_ps_r_weighted_T100000000_P100000_s4 evals= 1000 shots=   99908000  gap_final=   690.59  gap_best=    68.92 mHa
LiH_COBYLA_uniform_T10000000_P100000_s8      evals=  100 shots=    9994600  gap_final=   691.80  gap_best=   691.80 mHa
LiH_COBYLA_uniform_T10000000_P100000_s9      evals=  100 shots=    9994600  gap_final=   703.99  gap_best=   703.99 mHa
LiH_COBYLA_uniform_T30000000_P100000_s6      evals=  120 shots=   11993520  gap_final=   699.23  gap_best=   699.23 mHa
LiH_COBYLA_uniform_T30000000_P100000_s8      evals=  107 shots=   10694222  gap_final=   691.80  gap_best=   691.80 mHa
LiH_LBFGSB_ps_r_neyman_T100000000_P100000_s1 evals= 1000 shots=   99923559  gap_final=   690.27  gap_best=     4.19 mHa
LiH_COBYLA_uniform_T30000000_P100000_s2      evals=  133 shots=   13292818  gap_final=   679.20  gap_best=   679.21 mHa
LiH_COBYLA_uniform_T100000000_P100000_s0     evals=  113 shots=   11293898  gap_final=   694.54  gap_best=   694.54 mHa
LiH_COBYLA_uniform_T30000000_P100000_s7      evals=   99 shots=    9894654  gap_final=   696.18  gap_best=   696.18 mHa
LiH_COBYLA_uniform_T30000000_P100000_s9      evals=  125 shots=   12493250  gap_final=   703.99  gap_best=   703.99 mHa
LiH_COBYLA_uniform_T30000000_P100000_s1      evals=  114 shots=   11393844  gap_final=   688.51  gap_best=   688.51 mHa
LiH_LBFGSB_ps_r_neyman_T100000000_P100000_s9 evals= 1000 shots=   99923477  gap_final=   266.56  gap_best=     2.30 mHa
LiH_COBYLA_uniform_T30000000_P100000_s0      evals=  113 shots=   11293898  gap_final=   694.54  gap_best=   694.54 mHa
LiH_COBYLA_weighted_T1000000_P100000_s0      evals=   10 shots=     999080  gap_final=   702.89  gap_best=   702.89 mHa
LiH_COBYLA_weighted_T1000000_P100000_s1      evals=   10 shots=     999080  gap_final=   685.41  gap_best=   685.41 mHa
LiH_COBYLA_weighted_T1000000_P100000_s2      evals=   10 shots=     999080  gap_final=   697.18  gap_best=   697.18 mHa
LiH_COBYLA_weighted_T1000000_P100000_s4      evals=   10 shots=     999080  gap_final=   667.97  gap_best=   667.97 mHa
LiH_COBYLA_weighted_T1000000_P100000_s5      evals=   10 shots=     999080  gap_final=   706.19  gap_best=   706.19 mHa
LiH_COBYLA_weighted_T1000000_P100000_s6      evals=   10 shots=     999080  gap_final=   677.76  gap_best=   677.76 mHa
LiH_COBYLA_uniform_T30000000_P100000_s3      evals=  120 shots=   11993520  gap_final=   678.43  gap_best=   678.44 mHa
LiH_COBYLA_weighted_T1000000_P100000_s8      evals=   10 shots=     999080  gap_final=   689.52  gap_best=   689.52 mHa
LiH_COBYLA_weighted_T1000000_P100000_s3      evals=   10 shots=     999080  gap_final=   674.94  gap_best=   674.94 mHa
LiH_COBYLA_weighted_T1000000_P100000_s7      evals=   10 shots=     999080  gap_final=   700.84  gap_best=   700.84 mHa
LiH_COBYLA_uniform_T100000000_P100000_s7     evals=   99 shots=    9894654  gap_final=   696.18  gap_best=   696.18 mHa
LiH_COBYLA_weighted_T1000000_P100000_s9      evals=   10 shots=     999080  gap_final=   699.74  gap_best=   699.74 mHa
LiH_COBYLA_uniform_T30000000_P100000_s5      evals=  120 shots=   11993520  gap_final=   693.48  gap_best=   693.49 mHa
LiH_COBYLA_weighted_T3000000_P100000_s0      evals=   30 shots=    2997240  gap_final=   673.79  gap_best=   673.79 mHa
LiH_COBYLA_weighted_T3000000_P100000_s1      evals=   30 shots=    2997240  gap_final=   679.75  gap_best=   679.75 mHa
LiH_COBYLA_weighted_T3000000_P100000_s2      evals=   30 shots=    2997240  gap_final=   682.26  gap_best=   682.26 mHa
LiH_COBYLA_weighted_T3000000_P100000_s3      evals=   30 shots=    2997240  gap_final=   641.85  gap_best=   641.85 mHa
LiH_COBYLA_weighted_T3000000_P100000_s4      evals=   30 shots=    2997240  gap_final=   589.58  gap_best=   589.58 mHa
LiH_COBYLA_weighted_T3000000_P100000_s5      evals=   30 shots=    2997240  gap_final=   706.19  gap_best=   706.19 mHa
LiH_COBYLA_uniform_T30000000_P100000_s4      evals=  142 shots=   14192332  gap_final=   534.87  gap_best=   534.86 mHa
LiH_COBYLA_uniform_T100000000_P100000_s1     evals=  114 shots=   11393844  gap_final=   688.51  gap_best=   688.51 mHa
LiH_LBFGSB_ps_r_neyman_T100000000_P100000_s8 evals= 1000 shots=   99923596  gap_final=     1.54  gap_best=     1.54 mHa
LiH_COBYLA_uniform_T100000000_P100000_s6     evals=  120 shots=   11993520  gap_final=   699.23  gap_best=   699.23 mHa
LiH_COBYLA_weighted_T3000000_P100000_s6      evals=   30 shots=    2997240  gap_final=   610.80  gap_best=   610.80 mHa
LiH_COBYLA_weighted_T3000000_P100000_s7      evals=   30 shots=    2997240  gap_final=   701.49  gap_best=   701.49 mHa
LiH_COBYLA_weighted_T3000000_P100000_s8      evals=   30 shots=    2997240  gap_final=   689.52  gap_best=   689.52 mHa
LiH_COBYLA_weighted_T3000000_P100000_s9      evals=   30 shots=    2997240  gap_final=   689.59  gap_best=   689.59 mHa
LiH_COBYLA_uniform_T100000000_P100000_s3     evals=  120 shots=   11993520  gap_final=   678.43  gap_best=   678.44 mHa
LiH_COBYLA_uniform_T100000000_P100000_s8     evals=  107 shots=   10694222  gap_final=   691.80  gap_best=   691.80 mHa
LiH_COBYLA_uniform_T100000000_P100000_s2     evals=  133 shots=   13292818  gap_final=   679.20  gap_best=   679.21 mHa
LiH_COBYLA_uniform_T100000000_P100000_s5     evals=  120 shots=   11993520  gap_final=   693.48  gap_best=   693.49 mHa
LiH_COBYLA_weighted_T10000000_P100000_s0     evals=  100 shots=    9990800  gap_final=   640.54  gap_best=   640.54 mHa
LiH_COBYLA_uniform_T100000000_P100000_s4     evals=  142 shots=   14192332  gap_final=   534.87  gap_best=   534.86 mHa
LiH_COBYLA_weighted_T10000000_P100000_s2     evals=  100 shots=    9990800  gap_final=   682.57  gap_best=   682.57 mHa
LiH_COBYLA_weighted_T10000000_P100000_s5     evals=  100 shots=    9990800  gap_final=   706.19  gap_best=   706.19 mHa
LiH_COBYLA_uniform_T100000000_P100000_s9     evals=  125 shots=   12493250  gap_final=   703.99  gap_best=   703.99 mHa
LiH_COBYLA_weighted_T10000000_P100000_s6     evals=  100 shots=    9990800  gap_final=   592.00  gap_best=   592.00 mHa
LiH_COBYLA_weighted_T10000000_P100000_s8     evals=  100 shots=    9990800  gap_final=   689.54  gap_best=   689.54 mHa
LiH_COBYLA_weighted_T10000000_P100000_s1     evals=  100 shots=    9990800  gap_final=   678.90  gap_best=   678.90 mHa
LiH_COBYLA_weighted_T10000000_P100000_s7     evals=  100 shots=    9990800  gap_final=   701.86  gap_best=   701.86 mHa
LiH_COBYLA_weighted_T30000000_P100000_s1     evals=  120 shots=   11988960  gap_final=   678.90  gap_best=   678.90 mHa
LiH_COBYLA_weighted_T10000000_P100000_s3     evals=  100 shots=    9990800  gap_final=   623.40  gap_best=   623.40 mHa
LiH_COBYLA_weighted_T10000000_P100000_s4     evals=  100 shots=    9990800  gap_final=   504.87  gap_best=   504.87 mHa
LiH_LBFGSB_ps_r_neyman_T100000000_P100000_s0 evals= 1000 shots=   99924913  gap_final=   699.15  gap_best=   255.87 mHa
LiH_COBYLA_neyman_T1000000_P100000_s0        evals=   10 shots=     999247  gap_final=   705.72  gap_best=   705.72 mHa
LiH_LBFGSB_ps_r_neyman_T100000000_P100000_s4 evals= 1000 shots=   99923037  gap_final=     2.82  gap_best=     2.82 mHa
LiH_COBYLA_weighted_T10000000_P100000_s9     evals=  100 shots=    9990800  gap_final=   689.59  gap_best=   689.59 mHa
LiH_COBYLA_weighted_T30000000_P100000_s4     evals=  148 shots=   14786384  gap_final=   504.87  gap_best=   504.87 mHa
LiH_COBYLA_weighted_T30000000_P100000_s2     evals=  109 shots=   10889972  gap_final=   682.57  gap_best=   682.57 mHa
LiH_COBYLA_neyman_T1000000_P100000_s3        evals=   10 shots=     999222  gap_final=   665.48  gap_best=   665.48 mHa
LiH_COBYLA_neyman_T1000000_P100000_s4        evals=   10 shots=     999246  gap_final=   670.25  gap_best=   670.25 mHa
LiH_LBFGSB_ps_r_neyman_T100000000_P100000_s7 evals= 1000 shots=   99923152  gap_final=     3.48  gap_best=     3.48 mHa
LiH_COBYLA_weighted_T100000000_P100000_s5    evals=  112 shots=   11189696  gap_final=   706.19  gap_best=   706.19 mHa
LiH_COBYLA_weighted_T30000000_P100000_s9     evals=  112 shots=   11189696  gap_final=   689.59  gap_best=   689.59 mHa
LiH_COBYLA_weighted_T100000000_P100000_s7    evals=  111 shots=   11089788  gap_final=   701.85  gap_best=   701.86 mHa
LiH_COBYLA_neyman_T1000000_P100000_s1        evals=   10 shots=     999245  gap_final=   679.78  gap_best=   679.78 mHa
LiH_COBYLA_neyman_T1000000_P100000_s2        evals=   10 shots=     999216  gap_final=   684.73  gap_best=   684.73 mHa
LiH_COBYLA_weighted_T30000000_P100000_s5     evals=  112 shots=   11189696  gap_final=   706.19  gap_best=   706.19 mHa
LiH_COBYLA_weighted_T100000000_P100000_s3    evals=  144 shots=   14386752  gap_final=   623.47  gap_best=   623.48 mHa
LiH_COBYLA_neyman_T1000000_P100000_s5        evals=   10 shots=     999216  gap_final=   689.61  gap_best=   689.61 mHa
LiH_COBYLA_weighted_T30000000_P100000_s7     evals=  111 shots=   11089788  gap_final=   701.85  gap_best=   701.86 mHa
LiH_COBYLA_weighted_T30000000_P100000_s0     evals=  159 shots=   15885372  gap_final=   640.54  gap_best=   640.54 mHa
LiH_COBYLA_weighted_T100000000_P100000_s4    evals=  148 shots=   14786384  gap_final=   504.87  gap_best=   504.87 mHa
LiH_COBYLA_neyman_T1000000_P100000_s6        evals=   10 shots=     999216  gap_final=   683.35  gap_best=   683.35 mHa
LiH_COBYLA_neyman_T1000000_P100000_s7        evals=   10 shots=     999256  gap_final=   678.40  gap_best=   678.40 mHa
LiH_COBYLA_neyman_T1000000_P100000_s9        evals=   10 shots=     999226  gap_final=   700.53  gap_best=   700.53 mHa
LiH_COBYLA_neyman_T1000000_P100000_s8        evals=   10 shots=     999221  gap_final=   689.52  gap_best=   689.52 mHa
LiH_COBYLA_weighted_T100000000_P100000_s6    evals=  154 shots=   15385832  gap_final=   592.03  gap_best=   592.04 mHa
LiH_COBYLA_neyman_T3000000_P100000_s0        evals=   30 shots=    2997768  gap_final=   670.95  gap_best=   670.95 mHa
LiH_COBYLA_neyman_T3000000_P100000_s3        evals=   30 shots=    2997734  gap_final=   659.39  gap_best=   659.39 mHa
LiH_COBYLA_weighted_T30000000_P100000_s8     evals=  111 shots=   11089788  gap_final=   689.54  gap_best=   689.54 mHa
LiH_COBYLA_neyman_T3000000_P100000_s6        evals=   30 shots=    2997657  gap_final=   675.95  gap_best=   675.95 mHa
LiH_COBYLA_neyman_T3000000_P100000_s7        evals=   30 shots=    2997730  gap_final=   657.58  gap_best=   657.58 mHa
LiH_COBYLA_weighted_T30000000_P100000_s3     evals=  144 shots=   14386752  gap_final=   623.47  gap_best=   623.48 mHa
LiH_COBYLA_neyman_T3000000_P100000_s8        evals=   30 shots=    2997656  gap_final=   693.22  gap_best=   693.22 mHa
LiH_COBYLA_weighted_T100000000_P100000_s2    evals=  109 shots=   10889972  gap_final=   682.57  gap_best=   682.57 mHa
LiH_COBYLA_weighted_T100000000_P100000_s8    evals=  111 shots=   11089788  gap_final=   689.54  gap_best=   689.54 mHa
LiH_COBYLA_neyman_T3000000_P100000_s1        evals=   30 shots=    2997688  gap_final=   669.41  gap_best=   669.41 mHa
LiH_COBYLA_neyman_T3000000_P100000_s2        evals=   30 shots=    2997673  gap_final=   629.95  gap_best=   629.95 mHa
LiH_COBYLA_weighted_T100000000_P100000_s1    evals=  120 shots=   11988960  gap_final=   678.90  gap_best=   678.90 mHa
LiH_COBYLA_neyman_T3000000_P100000_s4        evals=   30 shots=    2997726  gap_final=   631.44  gap_best=   631.44 mHa
LiH_COBYLA_neyman_T3000000_P100000_s5        evals=   30 shots=    2997651  gap_final=   681.51  gap_best=   681.51 mHa
LiH_COBYLA_neyman_T3000000_P100000_s9        evals=   30 shots=    2997664  gap_final=   700.53  gap_best=   700.53 mHa
LiH_COBYLA_weighted_T100000000_P100000_s9    evals=  112 shots=   11189696  gap_final=   689.59  gap_best=   689.59 mHa
LiH_COBYLA_weighted_T30000000_P100000_s6     evals=  154 shots=   15385832  gap_final=   592.03  gap_best=   592.04 mHa
LiH_COBYLA_weighted_T100000000_P100000_s0    evals=  159 shots=   15885372  gap_final=   640.54  gap_best=   640.54 mHa
LiH_COBYLA_neyman_T10000000_P100000_s0       evals=  100 shots=    9992328  gap_final=   595.71  gap_best=   595.71 mHa
LiH_COBYLA_neyman_T10000000_P100000_s5       evals=  100 shots=    9992281  gap_final=   679.50  gap_best=   679.50 mHa
LiH_COBYLA_neyman_T10000000_P100000_s6       evals=  100 shots=    9992172  gap_final=   675.92  gap_best=   675.92 mHa
LiH_COBYLA_neyman_T10000000_P100000_s7       evals=  100 shots=    9992593  gap_final=   638.64  gap_best=   638.64 mHa
LiH_COBYLA_neyman_T10000000_P100000_s8       evals=  100 shots=    9992310  gap_final=   693.22  gap_best=   693.22 mHa
LiH_COBYLA_neyman_T30000000_P100000_s1       evals=  109 shots=   10891508  gap_final=   666.37  gap_best=   666.37 mHa
LiH_COBYLA_exact_T1000000_P100000_s0         evals=   10 shots=          0  gap_final=   695.94  gap_best=   695.94 mHa
LiH_COBYLA_neyman_T30000000_P100000_s9       evals=  109 shots=   10891509  gap_final=   700.27  gap_best=   700.27 mHa
LiH_COBYLA_exact_T1000000_P100000_s1         evals=   10 shots=          0  gap_final=   677.84  gap_best=   677.84 mHa
LiH_COBYLA_neyman_T10000000_P100000_s9       evals=  100 shots=    9992199  gap_final=   700.27  gap_best=   700.27 mHa
LiH_COBYLA_neyman_T10000000_P100000_s1       evals=  100 shots=    9992218  gap_final=   666.37  gap_best=   666.37 mHa
LiH_COBYLA_exact_T1000000_P100000_s2         evals=   10 shots=          0  gap_final=   684.73  gap_best=   684.73 mHa
LiH_COBYLA_neyman_T10000000_P100000_s2       evals=  100 shots=    9992243  gap_final=   624.35  gap_best=   624.35 mHa
LiH_COBYLA_neyman_T10000000_P100000_s3       evals=  100 shots=    9992359  gap_final=   660.73  gap_best=   660.73 mHa
LiH_COBYLA_neyman_T100000000_P100000_s1      evals=  109 shots=   10891508  gap_final=   666.37  gap_best=   666.37 mHa
LiH_COBYLA_neyman_T30000000_P100000_s4       evals=  146 shots=   14588793  gap_final=   603.32  gap_best=   603.32 mHa
LiH_COBYLA_neyman_T10000000_P100000_s4       evals=  100 shots=    9992380  gap_final=   603.32  gap_best=   603.32 mHa
LiH_COBYLA_exact_T1000000_P100000_s3         evals=   10 shots=          0  gap_final=   665.48  gap_best=   665.48 mHa
LiH_COBYLA_exact_T1000000_P100000_s6         evals=   10 shots=          0  gap_final=   683.35  gap_best=   683.35 mHa
LiH_COBYLA_exact_T1000000_P100000_s4         evals=   10 shots=          0  gap_final=   670.25  gap_best=   670.25 mHa
LiH_COBYLA_neyman_T100000000_P100000_s3      evals=  132 shots=   13189878  gap_final=   660.73  gap_best=   660.73 mHa
LiH_COBYLA_exact_T3000000_P100000_s1         evals=   30 shots=          0  gap_final=   658.65  gap_best=   658.65 mHa
LiH_COBYLA_exact_T3000000_P100000_s2         evals=   30 shots=          0  gap_final=   659.08  gap_best=   659.08 mHa
LiH_COBYLA_exact_T1000000_P100000_s5         evals=   10 shots=          0  gap_final=   689.47  gap_best=   689.47 mHa
LiH_COBYLA_neyman_T100000000_P100000_s6      evals=  115 shots=   11491004  gap_final=   675.93  gap_best=   675.92 mHa
LiH_COBYLA_exact_T1000000_P100000_s7         evals=   10 shots=          0  gap_final=   678.40  gap_best=   678.40 mHa
LiH_COBYLA_neyman_T100000000_P100000_s8      evals=  110 shots=   10991536  gap_final=   693.22  gap_best=   693.22 mHa
LiH_COBYLA_exact_T1000000_P100000_s8         evals=   10 shots=          0  gap_final=   685.00  gap_best=   685.00 mHa
LiH_COBYLA_exact_T1000000_P100000_s9         evals=   10 shots=          0  gap_final=   694.81  gap_best=   694.81 mHa
LiH_COBYLA_exact_T3000000_P100000_s3         evals=   30 shots=          0  gap_final=   645.55  gap_best=   645.55 mHa
LiH_COBYLA_exact_T3000000_P100000_s0         evals=   30 shots=          0  gap_final=   671.05  gap_best=   671.05 mHa
LiH_LBFGSB_ps_r_neyman_T100000000_P100000_s6 evals= 1000 shots=   99922628  gap_final=    26.28  gap_best=    26.28 mHa
LiH_COBYLA_neyman_T100000000_P100000_s9      evals=  109 shots=   10891509  gap_final=   700.27  gap_best=   700.27 mHa
LiH_COBYLA_neyman_T100000000_P100000_s7      evals=  130 shots=   12990368  gap_final=   638.64  gap_best=   638.64 mHa
LiH_COBYLA_neyman_T30000000_P100000_s8       evals=  110 shots=   10991536  gap_final=   693.22  gap_best=   693.22 mHa
LiH_COBYLA_exact_T3000000_P100000_s4         evals=   30 shots=          0  gap_final=   634.42  gap_best=   634.42 mHa
LiH_COBYLA_exact_T3000000_P100000_s5         evals=   30 shots=          0  gap_final=   645.33  gap_best=   645.33 mHa
LiH_LBFGSB_ps_r_neyman_T100000000_P100000_s2 evals= 1000 shots=   99923945  gap_final=   654.01  gap_best=   176.72 mHa
LiH_COBYLA_exact_T3000000_P100000_s8         evals=   30 shots=          0  gap_final=   670.31  gap_best=   670.31 mHa
LiH_LBFGSB_ps_r_neyman_T100000000_P100000_s3 evals= 1000 shots=   99924020  gap_final=   693.92  gap_best=     4.82 mHa
LiH_COBYLA_neyman_T30000000_P100000_s6       evals=  115 shots=   11491004  gap_final=   675.93  gap_best=   675.92 mHa
LiH_COBYLA_neyman_T100000000_P100000_s0      evals=  145 shots=   14488788  gap_final=   595.74  gap_best=   595.74 mHa
LiH_COBYLA_exact_T10000000_P100000_s0        evals=  100 shots=          0  gap_final=   230.03  gap_best=   230.03 mHa
LiH_COBYLA_exact_T3000000_P100000_s9         evals=   30 shots=          0  gap_final=   677.95  gap_best=   677.95 mHa
LiH_COBYLA_exact_T3000000_P100000_s6         evals=   30 shots=          0  gap_final=   656.97  gap_best=   656.97 mHa
LiH_COBYLA_exact_T3000000_P100000_s7         evals=   30 shots=          0  gap_final=   650.10  gap_best=   650.10 mHa
LiH_COBYLA_neyman_T30000000_P100000_s2       evals=  129 shots=   12889977  gap_final=   624.36  gap_best=   624.35 mHa
LiH_COBYLA_exact_T10000000_P100000_s4        evals=  100 shots=          0  gap_final=   284.25  gap_best=   284.25 mHa
LiH_COBYLA_neyman_T30000000_P100000_s5       evals=  123 shots=   12290541  gap_final=   679.49  gap_best=   679.50 mHa
LiH_COBYLA_exact_T10000000_P100000_s5        evals=  100 shots=          0  gap_final=   341.12  gap_best=   341.12 mHa
LiH_COBYLA_exact_T10000000_P100000_s6        evals=  100 shots=          0  gap_final=   219.74  gap_best=   219.74 mHa
LiH_COBYLA_neyman_T30000000_P100000_s3       evals=  132 shots=   13189878  gap_final=   660.73  gap_best=   660.73 mHa
LiH_LBFGSB_ps_r_neyman_T100000000_P100000_s5 evals= 1000 shots=   99923327  gap_final=   239.50  gap_best=     3.47 mHa
LiH_COBYLA_exact_T10000000_P100000_s8        evals=  100 shots=          0  gap_final=   414.29  gap_best=   414.29 mHa
LiH_COBYLA_exact_T10000000_P100000_s9        evals=  100 shots=          0  gap_final=   278.64  gap_best=   278.64 mHa
LiH_COBYLA_neyman_T30000000_P100000_s0       evals=  145 shots=   14488788  gap_final=   595.74  gap_best=   595.74 mHa
LiH_COBYLA_exact_T10000000_P100000_s3        evals=  100 shots=          0  gap_final=   283.41  gap_best=   283.41 mHa
LiH_COBYLA_neyman_T100000000_P100000_s2      evals=  129 shots=   12889977  gap_final=   624.36  gap_best=   624.35 mHa
LiH_COBYLA_neyman_T30000000_P100000_s7       evals=  130 shots=   12990368  gap_final=   638.64  gap_best=   638.64 mHa
LiH_COBYLA_exact_T10000000_P100000_s1        evals=  100 shots=          0  gap_final=   299.97  gap_best=   299.97 mHa
LiH_COBYLA_exact_T10000000_P100000_s7        evals=  100 shots=          0  gap_final=   342.50  gap_best=   342.50 mHa
LiH_COBYLA_exact_T10000000_P100000_s2        evals=  100 shots=          0  gap_final=   285.77  gap_best=   285.77 mHa
LiH_COBYLA_neyman_T100000000_P100000_s5      evals=  123 shots=   12290541  gap_final=   679.49  gap_best=   679.50 mHa
LiH_COBYLA_exact_T30000000_P100000_s3        evals=  300 shots=          0  gap_final=    87.44  gap_best=    87.44 mHa
LiH_LBFGSB_ps_uniform_T1000000_P100000_s3    evals=   10 shots=     999460  gap_final=   709.94  gap_best=   513.22 mHa
LiH_COBYLA_exact_T30000000_P100000_s8        evals=  300 shots=          0  gap_final=   155.67  gap_best=   155.67 mHa
LiH_LBFGSB_ps_uniform_T1000000_P100000_s6    evals=   10 shots=     999460  gap_final=   705.42  gap_best=   503.15 mHa
LiH_COBYLA_neyman_T100000000_P100000_s4      evals=  146 shots=   14588793  gap_final=   603.32  gap_best=   603.32 mHa
LiH_LBFGSB_ps_uniform_T1000000_P100000_s7    evals=   10 shots=     999460  gap_final=   716.01  gap_best=   522.71 mHa
LiH_LBFGSB_ps_uniform_T1000000_P100000_s0    evals=   10 shots=     999460  gap_final=   724.91  gap_best=   531.43 mHa
LiH_LBFGSB_ps_uniform_T1000000_P100000_s8    evals=   10 shots=     999460  gap_final=   716.54  gap_best=   515.54 mHa
LiH_LBFGSB_ps_uniform_T1000000_P100000_s1    evals=   10 shots=     999460  gap_final=   718.80  gap_best=   522.16 mHa
LiH_LBFGSB_ps_uniform_T1000000_P100000_s2    evals=   10 shots=     999460  gap_final=   711.06  gap_best=   523.98 mHa
LiH_LBFGSB_ps_uniform_T1000000_P100000_s4    evals=   10 shots=     999460  gap_final=   698.92  gap_best=   504.63 mHa
LiH_LBFGSB_ps_uniform_T1000000_P100000_s5    evals=   10 shots=     999460  gap_final=   711.09  gap_best=   501.03 mHa
LiH_LBFGSB_ps_uniform_T1000000_P100000_s9    evals=   10 shots=     999460  gap_final=   719.26  gap_best=   537.83 mHa
LiH_COBYLA_exact_T30000000_P100000_s0        evals=  300 shots=          0  gap_final=     1.34  gap_best=     1.34 mHa
LiH_COBYLA_exact_T30000000_P100000_s2        evals=  300 shots=          0  gap_final=     4.92  gap_best=     4.92 mHa
LiH_COBYLA_exact_T30000000_P100000_s1        evals=  300 shots=          0  gap_final=   155.29  gap_best=   155.29 mHa
LiH_COBYLA_exact_T30000000_P100000_s9        evals=  300 shots=          0  gap_final=   147.71  gap_best=   147.71 mHa
LiH_COBYLA_exact_T30000000_P100000_s4        evals=  300 shots=          0  gap_final=    35.40  gap_best=    35.40 mHa
LiH_COBYLA_exact_T30000000_P100000_s5        evals=  300 shots=          0  gap_final=     9.80  gap_best=     9.80 mHa
LiH_COBYLA_exact_T30000000_P100000_s7        evals=  300 shots=          0  gap_final=   148.07  gap_best=   148.07 mHa
LiH_COBYLA_exact_T30000000_P100000_s6        evals=  300 shots=          0  gap_final=     5.92  gap_best=     5.92 mHa
LiH_COBYLA_exact_T100000000_P100000_s7       evals=  584 shots=          0  gap_final=   147.56  gap_best=   147.56 mHa
LiH_LBFGSB_ps_uniform_T3000000_P100000_s0    evals=   30 shots=    2998380  gap_final=   723.26  gap_best=   437.30 mHa
LiH_LBFGSB_ps_uniform_T3000000_P100000_s1    evals=   30 shots=    2998380  gap_final=   714.10  gap_best=   435.49 mHa
LiH_LBFGSB_ps_uniform_T3000000_P100000_s2    evals=   30 shots=    2998380  gap_final=   712.59  gap_best=   424.93 mHa
LiH_LBFGSB_ps_uniform_T3000000_P100000_s3    evals=   30 shots=    2998380  gap_final=   711.60  gap_best=   440.12 mHa
LiH_COBYLA_exact_T100000000_P100000_s1       evals= 1000 shots=          0  gap_final=   147.44  gap_best=   147.44 mHa
LiH_LBFGSB_ps_uniform_T3000000_P100000_s4    evals=   30 shots=    2998380  gap_final=   705.86  gap_best=   408.37 mHa
LiH_COBYLA_exact_T100000000_P100000_s6       evals= 1000 shots=          0  gap_final=     0.16  gap_best=     0.16 mHa
LiH_LBFGSB_ps_uniform_T3000000_P100000_s7    evals=   30 shots=    2998380  gap_final=   721.79  gap_best=   424.96 mHa
LiH_LBFGSB_ps_uniform_T3000000_P100000_s8    evals=   30 shots=    2998380  gap_final=   715.00  gap_best=   420.35 mHa
LiH_LBFGSB_ps_uniform_T3000000_P100000_s5    evals=   30 shots=    2998380  gap_final=   708.02  gap_best=   446.43 mHa
LiH_LBFGSB_ps_uniform_T3000000_P100000_s6    evals=   30 shots=    2998380  gap_final=   704.09  gap_best=   399.88 mHa
LiH_COBYLA_exact_T100000000_P100000_s8       evals= 1000 shots=          0  gap_final=   147.56  gap_best=   147.56 mHa
LiH_LBFGSB_ps_uniform_T3000000_P100000_s9    evals=   30 shots=    2998380  gap_final=   722.43  gap_best=   413.07 mHa
LiH_COBYLA_exact_T100000000_P100000_s9       evals= 1000 shots=          0  gap_final=   147.56  gap_best=   147.56 mHa
LiH_COBYLA_exact_T100000000_P100000_s0       evals= 1000 shots=          0  gap_final=     0.23  gap_best=     0.23 mHa
LiH_LBFGSB_ps_uniform_T10000000_P100000_s1   evals=  100 shots=    9994600  gap_final=   508.31  gap_best=   415.62 mHa
LiH_LBFGSB_ps_uniform_T10000000_P100000_s4   evals=  100 shots=    9994600  gap_final=   543.78  gap_best=   397.42 mHa
LiH_LBFGSB_ps_uniform_T10000000_P100000_s0   evals=  100 shots=    9994600  gap_final=   506.14  gap_best=   417.60 mHa
LiH_COBYLA_exact_T100000000_P100000_s4       evals= 1000 shots=          0  gap_final=     0.09  gap_best=     0.09 mHa
LiH_LBFGSB_ps_uniform_T10000000_P100000_s3   evals=  100 shots=    9994600  gap_final=   536.66  gap_best=   410.94 mHa
LiH_COBYLA_exact_T100000000_P100000_s5       evals= 1000 shots=          0  gap_final=     0.55  gap_best=     0.55 mHa
LiH_COBYLA_exact_T100000000_P100000_s2       evals= 1000 shots=          0  gap_final=     0.07  gap_best=     0.07 mHa
LiH_COBYLA_exact_T100000000_P100000_s3       evals= 1000 shots=          0  gap_final=     1.61  gap_best=     1.61 mHa
LiH_LBFGSB_ps_uniform_T10000000_P100000_s2   evals=  100 shots=    9994600  gap_final=   541.00  gap_best=   412.88 mHa
LiH_LBFGSB_ps_uniform_T10000000_P100000_s5   evals=  100 shots=    9994600  gap_final=   528.14  gap_best=   446.43 mHa
LiH_LBFGSB_ps_uniform_T10000000_P100000_s6   evals=  100 shots=    9994600  gap_final=   528.21  gap_best=   397.30 mHa
LiH_LBFGSB_ps_uniform_T10000000_P100000_s7   evals=  100 shots=    9994600  gap_final=   533.16  gap_best=   408.73 mHa
LiH_LBFGSB_ps_uniform_T10000000_P100000_s8   evals=  100 shots=    9994600  gap_final=   538.24  gap_best=   409.57 mHa
LiH_LBFGSB_ps_uniform_T10000000_P100000_s9   evals=  100 shots=    9994600  gap_final=   534.34  gap_best=   413.07 mHa
LiH_LBFGSB_ps_weighted_T1000000_P100000_s9   evals=   10 shots=     999080  gap_final=   719.26  gap_best=   537.26 mHa
LiH_LBFGSB_ps_weighted_T1000000_P100000_s1   evals=   10 shots=     999080  gap_final=   718.80  gap_best=   509.39 mHa
LiH_LBFGSB_ps_weighted_T1000000_P100000_s0   evals=   10 shots=     999080  gap_final=   724.91  gap_best=   531.43 mHa
LiH_LBFGSB_ps_weighted_T1000000_P100000_s2   evals=   10 shots=     999080  gap_final=   711.06  gap_best=   515.26 mHa
LiH_LBFGSB_ps_weighted_T1000000_P100000_s3   evals=   10 shots=     999080  gap_final=   709.94  gap_best=   525.42 mHa
LiH_LBFGSB_ps_weighted_T1000000_P100000_s5   evals=   10 shots=     999080  gap_final=   711.09  gap_best=   501.03 mHa
LiH_LBFGSB_ps_weighted_T1000000_P100000_s4   evals=   10 shots=     999080  gap_final=   698.92  gap_best=   504.63 mHa
LiH_LBFGSB_ps_uniform_T30000000_P100000_s1   evals=  248 shots=   24786608  gap_final=   701.61  gap_best=   428.31 mHa
LiH_LBFGSB_ps_uniform_T30000000_P100000_s2   evals=  248 shots=   24786608  gap_final=   700.70  gap_best=   427.49 mHa
LiH_LBFGSB_ps_weighted_T1000000_P100000_s6   evals=   10 shots=     999080  gap_final=   705.42  gap_best=   503.15 mHa
LiH_LBFGSB_ps_weighted_T1000000_P100000_s7   evals=   10 shots=     999080  gap_final=   716.01  gap_best=   528.09 mHa
LiH_LBFGSB_ps_weighted_T1000000_P100000_s8   evals=   10 shots=     999080  gap_final=   716.54  gap_best=   533.63 mHa
LiH_LBFGSB_ps_weighted_T3000000_P100000_s0   evals=   30 shots=    2997240  gap_final=   723.26  gap_best=   437.30 mHa
LiH_LBFGSB_ps_weighted_T3000000_P100000_s7   evals=   30 shots=    2997240  gap_final=   721.79  gap_best=   424.96 mHa
LiH_LBFGSB_ps_uniform_T30000000_P100000_s7   evals=  279 shots=   27884934  gap_final=   698.16  gap_best=   404.46 mHa
LiH_LBFGSB_ps_uniform_T100000000_P100000_s3  evals=  279 shots=   27884934  gap_final=   699.57  gap_best=   414.18 mHa
LiH_LBFGSB_ps_weighted_T3000000_P100000_s2   evals=   30 shots=    2997240  gap_final=   712.59  gap_best=   424.93 mHa
LiH_LBFGSB_ps_weighted_T3000000_P100000_s1   evals=   30 shots=    2997240  gap_final=   714.10  gap_best=   419.54 mHa
LiH_LBFGSB_ps_weighted_T3000000_P100000_s3   evals=   30 shots=    2997240  gap_final=   711.60  gap_best=   414.18 mHa
LiH_LBFGSB_ps_weighted_T3000000_P100000_s4   evals=   30 shots=    2997240  gap_final=   705.86  gap_best=   408.37 mHa
LiH_LBFGSB_ps_weighted_T3000000_P100000_s5   evals=   30 shots=    2997240  gap_final=   708.02  gap_best=   422.36 mHa
LiH_LBFGSB_ps_weighted_T3000000_P100000_s6   evals=   30 shots=    2997240  gap_final=   704.09  gap_best=   399.88 mHa
LiH_LBFGSB_ps_uniform_T30000000_P100000_s6   evals=  300 shots=   29983800  gap_final=   672.08  gap_best=   395.10 mHa
LiH_LBFGSB_ps_weighted_T3000000_P100000_s8   evals=   30 shots=    2997240  gap_final=   715.00  gap_best=   420.35 mHa
LiH_LBFGSB_ps_weighted_T3000000_P100000_s9   evals=   30 shots=    2997240  gap_final=   722.43  gap_best=   413.07 mHa
LiH_LBFGSB_ps_weighted_T10000000_P100000_s0  evals=  100 shots=    9990800  gap_final=   504.02  gap_best=   413.41 mHa
LiH_LBFGSB_ps_uniform_T100000000_P100000_s7  evals=  279 shots=   27884934  gap_final=   698.16  gap_best=   404.46 mHa
LiH_LBFGSB_ps_uniform_T100000000_P100000_s6  evals=  310 shots=   30983260  gap_final=   702.42  gap_best=   395.10 mHa
LiH_LBFGSB_ps_weighted_T10000000_P100000_s1  evals=  100 shots=    9990800  gap_final=   499.56  gap_best=   408.76 mHa
LiH_LBFGSB_ps_weighted_T10000000_P100000_s2  evals=  100 shots=    9990800  gap_final=   537.01  gap_best=   413.28 mHa
LiH_LBFGSB_ps_uniform_T100000000_P100000_s2  evals=  248 shots=   24786608  gap_final=   700.70  gap_best=   427.49 mHa
LiH_LBFGSB_ps_weighted_T10000000_P100000_s3  evals=  100 shots=    9990800  gap_final=   530.65  gap_best=   414.18 mHa
LiH_LBFGSB_ps_weighted_T10000000_P100000_s4  evals=  100 shots=    9990800  gap_final=   543.40  gap_best=   396.47 mHa
LiH_LBFGSB_ps_uniform_T100000000_P100000_s1  evals=  248 shots=   24786608  gap_final=   701.61  gap_best=   428.31 mHa
LiH_LBFGSB_ps_uniform_T30000000_P100000_s0   evals=  300 shots=   29983800  gap_final=   666.67  gap_best=   417.60 mHa
LiH_LBFGSB_ps_uniform_T100000000_P100000_s5  evals=  310 shots=   30983260  gap_final=   700.29  gap_best=   413.48 mHa
LiH_LBFGSB_ps_uniform_T30000000_P100000_s3   evals=  279 shots=   27884934  gap_final=   699.57  gap_best=   414.18 mHa
LiH_LBFGSB_ps_weighted_T10000000_P100000_s9  evals=  100 shots=    9990800  gap_final=   527.37  gap_best=   390.63 mHa
LiH_LBFGSB_ps_weighted_T10000000_P100000_s5  evals=  100 shots=    9990800  gap_final=   531.38  gap_best=   422.36 mHa
LiH_LBFGSB_ps_weighted_T10000000_P100000_s6  evals=  100 shots=    9990800  gap_final=   522.69  gap_best=   383.48 mHa
LiH_LBFGSB_ps_weighted_T10000000_P100000_s7  evals=  100 shots=    9990800  gap_final=   533.48  gap_best=   407.31 mHa
LiH_LBFGSB_ps_weighted_T10000000_P100000_s8  evals=  100 shots=    9990800  gap_final=   518.75  gap_best=   400.28 mHa
LiH_LBFGSB_ps_uniform_T100000000_P100000_s4  evals=  496 shots=   49573216  gap_final=   696.34  gap_best=   393.52 mHa
LiH_LBFGSB_ps_uniform_T30000000_P100000_s4   evals=  300 shots=   29983800  gap_final=   674.62  gap_best=   415.82 mHa
LiH_LBFGSB_ps_uniform_T30000000_P100000_s5   evals=  300 shots=   29983800  gap_final=   661.72  gap_best=   413.48 mHa
LiH_LBFGSB_ps_uniform_T30000000_P100000_s8   evals=  300 shots=   29983800  gap_final=   667.38  gap_best=   402.71 mHa
LiH_LBFGSB_ps_uniform_T30000000_P100000_s9   evals=  300 shots=   29983800  gap_final=   659.60  gap_best=   407.55 mHa
LiH_LBFGSB_ps_neyman_T1000000_P100000_s0     evals=   10 shots=     999274  gap_final=   724.91  gap_best=   531.43 mHa
LiH_LBFGSB_ps_neyman_T1000000_P100000_s1     evals=   10 shots=     999273  gap_final=   718.80  gap_best=   509.39 mHa
LiH_LBFGSB_ps_neyman_T1000000_P100000_s2     evals=   10 shots=     999270  gap_final=   711.06  gap_best=   515.26 mHa
LiH_LBFGSB_ps_weighted_T30000000_P100000_s6  evals=  217 shots=   21680036  gap_final=   693.11  gap_best=   375.48 mHa
LiH_LBFGSB_ps_neyman_T1000000_P100000_s6     evals=   10 shots=     999272  gap_final=   705.42  gap_best=   503.15 mHa
LiH_LBFGSB_ps_neyman_T1000000_P100000_s3     evals=   10 shots=     999272  gap_final=   709.94  gap_best=   513.22 mHa
LiH_LBFGSB_ps_neyman_T1000000_P100000_s4     evals=   10 shots=     999266  gap_final=   698.92  gap_best=   504.63 mHa
LiH_LBFGSB_ps_weighted_T30000000_P100000_s0  evals=  300 shots=   29972400  gap_final=   661.06  gap_best=   412.07 mHa
LiH_LBFGSB_ps_weighted_T30000000_P100000_s1  evals=  300 shots=   29972400  gap_final=   394.71  gap_best=   366.12 mHa
LiH_LBFGSB_ps_neyman_T1000000_P100000_s5     evals=   10 shots=     999254  gap_final=   711.09  gap_best=   501.03 mHa
LiH_LBFGSB_ps_weighted_T30000000_P100000_s4  evals=  300 shots=   29972400  gap_final=   667.25  gap_best=   387.90 mHa
LiH_LBFGSB_ps_weighted_T30000000_P100000_s7  evals=  248 shots=   24777184  gap_final=   698.63  gap_best=   410.75 mHa
LiH_LBFGSB_ps_neyman_T1000000_P100000_s9     evals=   10 shots=     999284  gap_final=   719.26  gap_best=   537.83 mHa
LiH_LBFGSB_ps_neyman_T1000000_P100000_s7     evals=   10 shots=     999287  gap_final=   716.01  gap_best=   522.71 mHa
LiH_LBFGSB_ps_neyman_T1000000_P100000_s8     evals=   10 shots=     999244  gap_final=   716.54  gap_best=   515.54 mHa
LiH_LBFGSB_ps_neyman_T3000000_P100000_s4     evals=   30 shots=    2997772  gap_final=   705.86  gap_best=   408.37 mHa
LiH_LBFGSB_ps_neyman_T3000000_P100000_s5     evals=   30 shots=    2997766  gap_final=   708.02  gap_best=   422.36 mHa
LiH_LBFGSB_ps_neyman_T3000000_P100000_s6     evals=   30 shots=    2997762  gap_final=   704.09  gap_best=   418.14 mHa
LiH_LBFGSB_ps_neyman_T3000000_P100000_s7     evals=   30 shots=    2997760  gap_final=   721.79  gap_best=   426.59 mHa
LiH_LBFGSB_ps_neyman_T3000000_P100000_s8     evals=   30 shots=    2997712  gap_final=   715.00  gap_best=   410.13 mHa
LiH_LBFGSB_ps_neyman_T3000000_P100000_s0     evals=   30 shots=    2997779  gap_final=   723.26  gap_best=   437.30 mHa
LiH_LBFGSB_ps_weighted_T100000000_P100000_s2 evals=  279 shots=   27874332  gap_final=   697.30  gap_best=   425.63 mHa
LiH_LBFGSB_ps_weighted_T30000000_P100000_s5  evals=  248 shots=   24777184  gap_final=   706.19  gap_best=   422.36 mHa
LiH_LBFGSB_ps_neyman_T3000000_P100000_s1     evals=   30 shots=    2997769  gap_final=   714.10  gap_best=   428.31 mHa
LiH_LBFGSB_ps_neyman_T3000000_P100000_s2     evals=   30 shots=    2997770  gap_final=   712.59  gap_best=   424.93 mHa
LiH_LBFGSB_ps_neyman_T3000000_P100000_s3     evals=   30 shots=    2997787  gap_final=   711.60  gap_best=   414.18 mHa
LiH_LBFGSB_ps_neyman_T3000000_P100000_s9     evals=   30 shots=    2997750  gap_final=   722.43  gap_best=   413.07 mHa
LiH_LBFGSB_ps_uniform_T100000000_P100000_s9  evals=  372 shots=   37179912  gap_final=   699.74  gap_best=   386.02 mHa
LiH_LBFGSB_ps_neyman_T10000000_P100000_s0    evals=  100 shots=    9992536  gap_final=   502.56  gap_best=   412.98 mHa
LiH_LBFGSB_ps_neyman_T10000000_P100000_s2    evals=  100 shots=    9992537  gap_final=   538.29  gap_best=   414.80 mHa
LiH_LBFGSB_ps_neyman_T10000000_P100000_s3    evals=  100 shots=    9992518  gap_final=   533.82  gap_best=   419.55 mHa
LiH_LBFGSB_ps_neyman_T10000000_P100000_s4    evals=  100 shots=    9992549  gap_final=   546.60  gap_best=   394.61 mHa
LiH_LBFGSB_ps_neyman_T10000000_P100000_s5    evals=  100 shots=    9992489  gap_final=   524.20  gap_best=   413.53 mHa
LiH_LBFGSB_ps_neyman_T10000000_P100000_s6    evals=  100 shots=    9992542  gap_final=   522.72  gap_best=   384.10 mHa
LiH_LBFGSB_ps_uniform_T100000000_P100000_s0  evals=  620 shots=   61966520  gap_final=   704.22  gap_best=   417.60 mHa
LiH_LBFGSB_ps_weighted_T30000000_P100000_s2  evals=  279 shots=   27874332  gap_final=   697.30  gap_best=   425.63 mHa
LiH_LBFGSB_ps_weighted_T30000000_P100000_s8  evals=  300 shots=   29972400  gap_final=   662.59  gap_best=   336.71 mHa
LiH_LBFGSB_ps_weighted_T30000000_P100000_s3  evals=  300 shots=   29972400  gap_final=   665.12  gap_best=   404.25 mHa
LiH_LBFGSB_ps_neyman_T10000000_P100000_s1    evals=  100 shots=    9992551  gap_final=   500.89  gap_best=   411.11 mHa
LiH_LBFGSB_ps_neyman_T10000000_P100000_s7    evals=  100 shots=    9992465  gap_final=   531.73  gap_best=   406.88 mHa
LiH_LBFGSB_ps_neyman_T10000000_P100000_s8    evals=  100 shots=    9992438  gap_final=   518.33  gap_best=   396.36 mHa
LiH_LBFGSB_ps_weighted_T100000000_P100000_s6 evals=  217 shots=   21680036  gap_final=   693.11  gap_best=   375.48 mHa
LiH_LBFGSB_ps_neyman_T10000000_P100000_s9    evals=  100 shots=    9992486  gap_final=   527.84  gap_best=   390.97 mHa
LiH_LBFGSB_ps_weighted_T30000000_P100000_s9  evals=  300 shots=   29972400  gap_final=   656.12  gap_best=   372.01 mHa
LiH_LBFGSB_ps_weighted_T100000000_P100000_s5 evals=  248 shots=   24777184  gap_final=   706.19  gap_best=   422.36 mHa
LiH_LBFGSB_ps_weighted_T100000000_P100000_s7 evals=  248 shots=   24777184  gap_final=   698.63  gap_best=   410.75 mHa
LiH_LBFGSB_ps_exact_T1000000_P100000_s0      evals=   10 shots=          0  gap_final=   724.91  gap_best=   531.43 mHa
LiH_LBFGSB_ps_exact_T1000000_P100000_s1      evals=   10 shots=          0  gap_final=   718.80  gap_best=   509.39 mHa
LiH_LBFGSB_ps_weighted_T100000000_P100000_s9 evals=  465 shots=   46457220  gap_final=   695.13  gap_best=   372.01 mHa
LiH_LBFGSB_ps_exact_T1000000_P100000_s2      evals=   10 shots=          0  gap_final=   711.06  gap_best=   515.26 mHa
LiH_LBFGSB_ps_exact_T1000000_P100000_s3      evals=   10 shots=          0  gap_final=   709.94  gap_best=   513.22 mHa
LiH_LBFGSB_ps_weighted_T100000000_P100000_s1 evals=  651 shots=   65040108  gap_final=   498.12  gap_best=   321.61 mHa
LiH_LBFGSB_ps_weighted_T100000000_P100000_s0 evals=  372 shots=   37165776  gap_final=   699.84  gap_best=   412.07 mHa
LiH_LBFGSB_ps_exact_T1000000_P100000_s4      evals=   10 shots=          0  gap_final=   698.92  gap_best=   504.63 mHa
LiH_LBFGSB_ps_exact_T1000000_P100000_s5      evals=   10 shots=          0  gap_final=   711.09  gap_best=   501.03 mHa
LiH_LBFGSB_ps_uniform_T100000000_P100000_s8  evals=  558 shots=   55769868  gap_final=   702.35  gap_best=   402.71 mHa
LiH_LBFGSB_ps_exact_T1000000_P100000_s6      evals=   10 shots=          0  gap_final=   705.42  gap_best=   503.15 mHa
LiH_LBFGSB_ps_exact_T1000000_P100000_s7      evals=   10 shots=          0  gap_final=   716.01  gap_best=   522.71 mHa
LiH_LBFGSB_ps_exact_T1000000_P100000_s9      evals=   10 shots=          0  gap_final=   719.26  gap_best=   537.26 mHa
LiH_LBFGSB_ps_exact_T3000000_P100000_s0      evals=   30 shots=          0  gap_final=   723.26  gap_best=   437.02 mHa
LiH_LBFGSB_ps_exact_T1000000_P100000_s8      evals=   10 shots=          0  gap_final=   716.54  gap_best=   515.54 mHa
LiH_LBFGSB_ps_exact_T3000000_P100000_s1      evals=   30 shots=          0  gap_final=   714.10  gap_best=   419.54 mHa
LiH_LBFGSB_ps_exact_T3000000_P100000_s3      evals=   30 shots=          0  gap_final=   711.60  gap_best=   414.18 mHa
LiH_LBFGSB_ps_exact_T3000000_P100000_s2      evals=   30 shots=          0  gap_final=   712.59  gap_best=   424.93 mHa
LiH_LBFGSB_ps_exact_T3000000_P100000_s6      evals=   30 shots=          0  gap_final=   704.09  gap_best=   399.88 mHa
LiH_LBFGSB_ps_neyman_T30000000_P100000_s8    evals=  300 shots=   29977180  gap_final=   585.35  gap_best=   272.82 mHa
LiH_LBFGSB_ps_neyman_T30000000_P100000_s9    evals=  300 shots=   29977393  gap_final=   650.14  gap_best=   363.65 mHa
LiH_LBFGSB_ps_exact_T3000000_P100000_s4      evals=   30 shots=          0  gap_final=   705.86  gap_best=   408.37 mHa
LiH_LBFGSB_ps_exact_T3000000_P100000_s5      evals=   30 shots=          0  gap_final=   708.02  gap_best=   422.03 mHa
LiH_LBFGSB_ps_exact_T3000000_P100000_s9      evals=   30 shots=          0  gap_final=   722.43  gap_best=   413.07 mHa
LiH_LBFGSB_ps_neyman_T100000000_P100000_s1   evals=  279 shots=   27879412  gap_final=   690.27  gap_best=   407.54 mHa
LiH_LBFGSB_ps_weighted_T100000000_P100000_s4 evals=  372 shots=   37165776  gap_final=   690.59  gap_best=   387.90 mHa
LiH_LBFGSB_ps_exact_T3000000_P100000_s7      evals=   30 shots=          0  gap_final=   721.79  gap_best=   424.96 mHa
LiH_LBFGSB_ps_neyman_T30000000_P100000_s6    evals=  300 shots=   29977020  gap_final=   726.36  gap_best=   326.48 mHa
LiH_LBFGSB_ps_weighted_T100000000_P100000_s3 evals=  403 shots=   40262924  gap_final=   694.88  gap_best=   404.25 mHa
LiH_LBFGSB_ps_exact_T3000000_P100000_s8      evals=   30 shots=          0  gap_final=   715.00  gap_best=   410.13 mHa
LiH_LBFGSB_ps_exact_T10000000_P100000_s0     evals=  100 shots=          0  gap_final=   502.60  gap_best=   414.55 mHa
LiH_LBFGSB_ps_exact_T10000000_P100000_s1     evals=  100 shots=          0  gap_final=   500.14  gap_best=   410.39 mHa
LiH_LBFGSB_ps_exact_T10000000_P100000_s3     evals=  100 shots=          0  gap_final=   532.66  gap_best=   405.82 mHa
LiH_LBFGSB_ps_exact_T10000000_P100000_s5     evals=  100 shots=          0  gap_final=   523.65  gap_best=   411.13 mHa
LiH_LBFGSB_ps_exact_T10000000_P100000_s2     evals=  100 shots=          0  gap_final=   537.20  gap_best=   414.34 mHa
LiH_LBFGSB_ps_exact_T10000000_P100000_s9     evals=  100 shots=          0  gap_final=   527.10  gap_best=   390.28 mHa
LiH_LBFGSB_ps_neyman_T30000000_P100000_s0    evals=  300 shots=   29977711  gap_final=   659.95  gap_best=   394.14 mHa
LiH_LBFGSB_ps_exact_T10000000_P100000_s8     evals=  100 shots=          0  gap_final=   516.10  gap_best=   395.05 mHa
LiH_LBFGSB_ps_exact_T10000000_P100000_s6     evals=  100 shots=          0  gap_final=   521.25  gap_best=   383.57 mHa
LiH_LBFGSB_ps_exact_T10000000_P100000_s4     evals=  100 shots=          0  gap_final=   546.65  gap_best=   394.03 mHa
LiH_LBFGSB_ps_exact_T10000000_P100000_s7     evals=  100 shots=          0  gap_final=   532.05  gap_best=   406.66 mHa
LiH_LBFGSB_ps_neyman_T100000000_P100000_s0   evals=  372 shots=   37172366  gap_final=   699.15  gap_best=   394.14 mHa
LiH_LBFGSB_ps_exact_T30000000_P100000_s1     evals=  300 shots=          0  gap_final=  5160.68  gap_best=   339.52 mHa
LiH_LBFGSB_ps_neyman_T30000000_P100000_s4    evals=  300 shots=   29977074  gap_final=   457.66  gap_best=   262.17 mHa
LiH_LBFGSB_ps_neyman_T30000000_P100000_s3    evals=  279 shots=   27879367  gap_final=   693.92  gap_best=   407.47 mHa
LiH_LBFGSB_ps_exact_T30000000_P100000_s4     evals=  300 shots=          0  gap_final=   522.56  gap_best=   181.02 mHa
LiH_LBFGSB_ps_neyman_T30000000_P100000_s1    evals=  279 shots=   27879412  gap_final=   690.27  gap_best=   407.54 mHa
LiH_LBFGSB_ps_exact_T30000000_P100000_s5     evals=  300 shots=          0  gap_final=   495.21  gap_best=   202.45 mHa
LiH_LBFGSB_ps_neyman_T30000000_P100000_s2    evals=  279 shots=   27879245  gap_final=   698.40  gap_best=   410.88 mHa
LiH_LBFGSB_ps_exact_T30000000_P100000_s0     evals=  300 shots=          0  gap_final=   553.14  gap_best=   336.69 mHa
LiH_LBFGSB_ps_exact_T30000000_P100000_s6     evals=  300 shots=          0  gap_final=   521.41  gap_best=   268.26 mHa
LiH_LBFGSB_ps_exact_T30000000_P100000_s2     evals=  300 shots=          0  gap_final=   879.42  gap_best=   403.31 mHa
LiH_LBFGSB_ps_exact_T30000000_P100000_s3     evals=  300 shots=          0  gap_final=   371.55  gap_best=   316.76 mHa
LiH_LBFGSB_ps_neyman_T30000000_P100000_s7    evals=  300 shots=   29977080  gap_final=   635.95  gap_best=   389.08 mHa
LiH_LBFGSB_ps_neyman_T100000000_P100000_s2   evals=  279 shots=   27879245  gap_final=   698.40  gap_best=   410.88 mHa
H2O_COBYLA_r_uniform_T1000000_P100000_s3     evals=   10 shots=     999790  gap_final=  1041.10  gap_best=  1041.10 mHa
H2O_COBYLA_r_uniform_T1000000_P100000_s0     evals=   10 shots=     999790  gap_final=  1038.81  gap_best=  1038.81 mHa
H2O_COBYLA_r_uniform_T1000000_P100000_s1     evals=   10 shots=     999790  gap_final=  1007.28  gap_best=  1007.28 mHa
H2O_COBYLA_r_uniform_T1000000_P100000_s2     evals=   10 shots=     999790  gap_final=  1005.88  gap_best=  1005.88 mHa
LiH_LBFGSB_ps_exact_T30000000_P100000_s7     evals=  300 shots=          0  gap_final=   621.09  gap_best=   350.93 mHa
LiH_LBFGSB_ps_exact_T30000000_P100000_s8     evals=  300 shots=          0  gap_final=   576.17  gap_best=   327.76 mHa
LiH_LBFGSB_ps_exact_T30000000_P100000_s9     evals=  300 shots=          0  gap_final=   366.85  gap_best=   143.01 mHa
H2O_COBYLA_r_uniform_T1000000_P100000_s7     evals=   10 shots=     999790  gap_final=  1025.19  gap_best=  1025.19 mHa
H2O_COBYLA_r_uniform_T1000000_P100000_s8     evals=   10 shots=     999790  gap_final=  1013.77  gap_best=  1013.77 mHa
H2O_COBYLA_r_uniform_T1000000_P100000_s5     evals=   10 shots=     999790  gap_final=  1008.67  gap_best=  1008.67 mHa
H2O_COBYLA_r_uniform_T1000000_P100000_s4     evals=   10 shots=     999790  gap_final=   978.39  gap_best=   978.39 mHa
H2O_COBYLA_r_uniform_T1000000_P100000_s6     evals=   10 shots=     999790  gap_final=  1010.21  gap_best=  1010.21 mHa
LiH_LBFGSB_ps_neyman_T30000000_P100000_s5    evals=  300 shots=   29977294  gap_final=  1282.30  gap_best=   413.53 mHa
H2O_COBYLA_r_uniform_T1000000_P100000_s9     evals=   10 shots=     999790  gap_final=  1011.05  gap_best=  1011.05 mHa
H2O_COBYLA_r_uniform_T3000000_P100000_s0     evals=   30 shots=    2999370  gap_final=   970.19  gap_best=   970.19 mHa
H2O_COBYLA_r_uniform_T3000000_P100000_s1     evals=   30 shots=    2999370  gap_final=   980.95  gap_best=   980.95 mHa
LiH_LBFGSB_ps_neyman_T100000000_P100000_s3   evals=  279 shots=   27879367  gap_final=   693.92  gap_best=   407.47 mHa
H2O_COBYLA_r_uniform_T3000000_P100000_s5     evals=   30 shots=    2999370  gap_final=  1002.02  gap_best=  1002.02 mHa
H2O_COBYLA_r_uniform_T3000000_P100000_s6     evals=   30 shots=    2999370  gap_final=   975.57  gap_best=   975.57 mHa
H2O_COBYLA_r_uniform_T3000000_P100000_s2     evals=   30 shots=    2999370  gap_final=  1003.42  gap_best=  1003.42 mHa
H2O_COBYLA_r_uniform_T3000000_P100000_s3     evals=   30 shots=    2999370  gap_final=  1011.65  gap_best=  1011.65 mHa
H2O_COBYLA_r_uniform_T3000000_P100000_s4     evals=   30 shots=    2999370  gap_final=   951.99  gap_best=   951.99 mHa
LiH_LBFGSB_ps_exact_T100000000_P100000_s6    evals=  930 shots=          0  gap_final=     0.12  gap_best=     0.12 mHa
H2O_COBYLA_r_uniform_T3000000_P100000_s9     evals=   30 shots=    2999370  gap_final=   976.50  gap_best=   976.50 mHa
H2O_COBYLA_r_uniform_T3000000_P100000_s7     evals=   30 shots=    2999370  gap_final=  1014.93  gap_best=  1014.93 mHa
H2O_COBYLA_r_uniform_T3000000_P100000_s8     evals=   30 shots=    2999370  gap_final=  1010.02  gap_best=  1010.02 mHa
LiH_LBFGSB_ps_exact_T100000000_P100000_s2    evals= 1000 shots=          0  gap_final=   190.60  gap_best=     0.20 mHa
LiH_LBFGSB_ps_exact_T100000000_P100000_s5    evals= 1000 shots=          0  gap_final=   336.43  gap_best=     3.88 mHa
H2O_COBYLA_r_uniform_T10000000_P100000_s2    evals=  100 shots=    9997900  gap_final=  1003.42  gap_best=  1003.42 mHa
H2O_COBYLA_r_uniform_T10000000_P100000_s3    evals=  100 shots=    9997900  gap_final=   984.70  gap_best=   984.70 mHa
LiH_LBFGSB_ps_exact_T100000000_P100000_s8    evals= 1000 shots=          0  gap_final=   444.52  gap_best=     0.10 mHa
H2O_COBYLA_r_uniform_T10000000_P100000_s0    evals=  100 shots=    9997900  gap_final=   971.18  gap_best=   971.18 mHa
H2O_COBYLA_r_uniform_T10000000_P100000_s4    evals=  100 shots=    9997900  gap_final=   951.99  gap_best=   951.99 mHa
LiH_LBFGSB_ps_exact_T100000000_P100000_s0    evals= 1000 shots=          0  gap_final=   178.99  gap_best=     2.09 mHa
LiH_LBFGSB_ps_exact_T100000000_P100000_s1    evals= 1000 shots=          0  gap_final=   213.85  gap_best=     0.50 mHa
H2O_COBYLA_r_uniform_T10000000_P100000_s1    evals=  100 shots=    9997900  gap_final=   980.95  gap_best=   980.95 mHa
LiH_LBFGSB_ps_exact_T100000000_P100000_s9    evals= 1000 shots=          0  gap_final=   409.19  gap_best=     0.10 mHa
H2O_COBYLA_r_uniform_T10000000_P100000_s5    evals=  100 shots=    9997900  gap_final=  1004.09  gap_best=  1004.09 mHa
H2O_COBYLA_r_uniform_T10000000_P100000_s6    evals=  100 shots=    9997900  gap_final=   968.44  gap_best=   968.44 mHa
H2O_COBYLA_r_uniform_T10000000_P100000_s7    evals=  100 shots=    9997900  gap_final=  1014.54  gap_best=  1014.54 mHa
H2O_COBYLA_r_uniform_T10000000_P100000_s8    evals=  100 shots=    9997900  gap_final=  1008.33  gap_best=  1008.33 mHa
H2O_COBYLA_r_uniform_T10000000_P100000_s9    evals=  100 shots=    9997900  gap_final=   952.07  gap_best=   952.07 mHa
LiH_LBFGSB_ps_exact_T100000000_P100000_s3    evals= 1000 shots=          0  gap_final=   110.12  gap_best=     0.17 mHa
LiH_LBFGSB_ps_exact_T100000000_P100000_s4    evals= 1000 shots=          0  gap_final=   228.24  gap_best=     0.07 mHa
H2O_COBYLA_r_uniform_T30000000_P100000_s4    evals=  300 shots=   29993700  gap_final=   951.99  gap_best=   951.99 mHa
LiH_LBFGSB_ps_exact_T100000000_P100000_s7    evals= 1000 shots=          0  gap_final=   194.84  gap_best=     0.15 mHa
H2O_COBYLA_r_uniform_T30000000_P100000_s6    evals=  300 shots=   29993700  gap_final=   903.05  gap_best=   903.05 mHa
H2O_COBYLA_r_uniform_T30000000_P100000_s0    evals=  300 shots=   29993700  gap_final=   900.49  gap_best=   900.49 mHa
H2O_COBYLA_r_uniform_T30000000_P100000_s8    evals=  300 shots=   29993700  gap_final=  1008.33  gap_best=  1008.33 mHa
H2O_COBYLA_r_weighted_T1000000_P100000_s1    evals=   10 shots=     999780  gap_final=   998.37  gap_best=   998.37 mHa
H2O_COBYLA_r_weighted_T1000000_P100000_s2    evals=   10 shots=     999780  gap_final=  1029.62  gap_best=  1029.62 mHa
H2O_COBYLA_r_uniform_T30000000_P100000_s9    evals=  300 shots=   29993700  gap_final=   952.07  gap_best=   952.07 mHa
H2O_COBYLA_r_uniform_T30000000_P100000_s7    evals=  300 shots=   29993700  gap_final=   987.98  gap_best=   987.98 mHa
H2O_COBYLA_r_weighted_T1000000_P100000_s0    evals=   10 shots=     999780  gap_final=   990.87  gap_best=   990.87 mHa
H2O_COBYLA_r_weighted_T1000000_P100000_s4    evals=   10 shots=     999780  gap_final=   978.39  gap_best=   978.39 mHa
H2O_COBYLA_r_weighted_T1000000_P100000_s5    evals=   10 shots=     999780  gap_final=  1035.26  gap_best=  1035.26 mHa
H2O_COBYLA_r_weighted_T1000000_P100000_s3    evals=   10 shots=     999780  gap_final=  1016.73  gap_best=  1016.73 mHa
H2O_COBYLA_r_weighted_T1000000_P100000_s6    evals=   10 shots=     999780  gap_final=  1013.50  gap_best=  1013.50 mHa
H2O_COBYLA_r_weighted_T1000000_P100000_s9    evals=   10 shots=     999780  gap_final=   981.42  gap_best=   981.42 mHa
H2O_COBYLA_r_uniform_T30000000_P100000_s1    evals=  300 shots=   29993700  gap_final=   884.92  gap_best=   884.92 mHa
H2O_COBYLA_r_uniform_T30000000_P100000_s3    evals=  300 shots=   29993700  gap_final=   984.70  gap_best=   984.70 mHa
H2O_COBYLA_r_weighted_T1000000_P100000_s7    evals=   10 shots=     999780  gap_final=  1023.36  gap_best=  1023.36 mHa
H2O_COBYLA_r_weighted_T1000000_P100000_s8    evals=   10 shots=     999780  gap_final=  1008.34  gap_best=  1008.34 mHa
H2O_COBYLA_r_weighted_T3000000_P100000_s1    evals=   30 shots=    2999340  gap_final=   914.91  gap_best=   914.91 mHa
H2O_COBYLA_r_uniform_T30000000_P100000_s2    evals=  300 shots=   29993700  gap_final=   981.79  gap_best=  1003.42 mHa
H2O_COBYLA_r_weighted_T3000000_P100000_s2    evals=   30 shots=    2999340  gap_final=  1022.39  gap_best=  1022.39 mHa
H2O_COBYLA_r_weighted_T3000000_P100000_s0    evals=   30 shots=    2999340  gap_final=   828.64  gap_best=   828.64 mHa
H2O_COBYLA_r_weighted_T3000000_P100000_s3    evals=   30 shots=    2999340  gap_final=   942.76  gap_best=   942.76 mHa
H2O_COBYLA_r_weighted_T3000000_P100000_s6    evals=   30 shots=    2999340  gap_final=   975.76  gap_best=   975.76 mHa
H2O_COBYLA_r_uniform_T30000000_P100000_s5    evals=  300 shots=   29993700  gap_final=  1004.09  gap_best=  1004.09 mHa
H2O_COBYLA_r_weighted_T3000000_P100000_s4    evals=   30 shots=    2999340  gap_final=   966.33  gap_best=   966.33 mHa
H2O_COBYLA_r_weighted_T3000000_P100000_s5    evals=   30 shots=    2999340  gap_final=  1020.16  gap_best=  1020.16 mHa
H2O_COBYLA_r_weighted_T3000000_P100000_s7    evals=   30 shots=    2999340  gap_final=  1023.36  gap_best=  1023.36 mHa
H2O_COBYLA_r_weighted_T3000000_P100000_s8    evals=   30 shots=    2999340  gap_final=   985.13  gap_best=   985.13 mHa
H2O_COBYLA_r_weighted_T3000000_P100000_s9    evals=   30 shots=    2999340  gap_final=   724.70  gap_best=   724.70 mHa
H2O_COBYLA_r_weighted_T10000000_P100000_s3   evals=  100 shots=    9997800  gap_final=   911.71  gap_best=   911.71 mHa
H2O_COBYLA_r_weighted_T10000000_P100000_s5   evals=  100 shots=    9997800  gap_final=  1020.44  gap_best=  1020.44 mHa
H2O_COBYLA_r_weighted_T10000000_P100000_s0   evals=  100 shots=    9997800  gap_final=    22.57  gap_best=    22.57 mHa
H2O_COBYLA_r_weighted_T10000000_P100000_s9   evals=  100 shots=    9997800  gap_final=   362.11  gap_best=   362.11 mHa
H2O_COBYLA_r_weighted_T10000000_P100000_s1   evals=  100 shots=    9997800  gap_final=   878.93  gap_best=   878.93 mHa
H2O_COBYLA_r_weighted_T10000000_P100000_s2   evals=  100 shots=    9997800  gap_final=  1021.92  gap_best=  1021.92 mHa
H2O_COBYLA_r_weighted_T10000000_P100000_s4   evals=  100 shots=    9997800  gap_final=   970.15  gap_best=   970.15 mHa
H2O_COBYLA_r_weighted_T10000000_P100000_s6   evals=  100 shots=    9997800  gap_final=   978.23  gap_best=   978.23 mHa
H2O_COBYLA_r_weighted_T10000000_P100000_s7   evals=  100 shots=    9997800  gap_final=  1023.36  gap_best=  1023.36 mHa
H2O_COBYLA_r_weighted_T10000000_P100000_s8   evals=  100 shots=    9997800  gap_final=   988.20  gap_best=   988.20 mHa
H2O_COBYLA_r_uniform_T100000000_P100000_s2   evals= 1000 shots=   99979000  gap_final=   278.16  gap_best=   278.16 mHa
LiH_LBFGSB_ps_neyman_T100000000_P100000_s4   evals=  806 shots=   80537893  gap_final=     2.82  gap_best=     2.82 mHa
H2O_COBYLA_r_weighted_T30000000_P100000_s4   evals=  300 shots=   29993400  gap_final=   970.15  gap_best=   970.15 mHa
H2O_COBYLA_r_uniform_T100000000_P100000_s4   evals= 1000 shots=   99979000  gap_final=   628.07  gap_best=   628.07 mHa
LiH_LBFGSB_ps_weighted_T100000000_P100000_s8 evals=  930 shots=   92914440  gap_final=     2.70  gap_best=     2.70 mHa
H2O_COBYLA_r_weighted_T30000000_P100000_s5   evals=  300 shots=   29993400  gap_final=   978.10  gap_best=   978.10 mHa
H2O_COBYLA_r_weighted_T30000000_P100000_s3   evals=  300 shots=   29993400  gap_final=   911.71  gap_best=   911.71 mHa
H2O_COBYLA_r_weighted_T30000000_P100000_s8   evals=  300 shots=   29993400  gap_final=   935.63  gap_best=   935.63 mHa
H2O_COBYLA_r_weighted_T30000000_P100000_s0   evals=  300 shots=   29993400  gap_final=    23.04  gap_best=    23.04 mHa
H2O_COBYLA_r_weighted_T30000000_P100000_s2   evals=  300 shots=   29993400  gap_final=   949.23  gap_best=   949.23 mHa
LiH_LBFGSB_ps_neyman_T100000000_P100000_s9   evals= 1000 shots=   99923477  gap_final=   266.56  gap_best=     2.30 mHa
H2O_COBYLA_r_weighted_T30000000_P100000_s1   evals=  300 shots=   29993400  gap_final=   878.93  gap_best=   878.93 mHa
H2O_COBYLA_r_neyman_T1000000_P100000_s0      evals=   10 shots=     999693  gap_final=  1022.82  gap_best=  1022.82 mHa
H2O_COBYLA_r_neyman_T1000000_P100000_s1      evals=   10 shots=     999687  gap_final=   980.65  gap_best=   980.65 mHa
H2O_COBYLA_r_neyman_T1000000_P100000_s2      evals=   10 shots=     999701  gap_final=  1005.88  gap_best=  1005.88 mHa
H2O_COBYLA_r_neyman_T1000000_P100000_s3      evals=   10 shots=     999685  gap_final=  1009.31  gap_best=  1009.31 mHa
H2O_COBYLA_r_uniform_T100000000_P100000_s3   evals= 1000 shots=   99979000  gap_final=   772.32  gap_best=   772.32 mHa
H2O_COBYLA_r_weighted_T30000000_P100000_s6   evals=  300 shots=   29993400  gap_final=   978.23  gap_best=   978.23 mHa
H2O_COBYLA_r_weighted_T30000000_P100000_s7   evals=  300 shots=   29993400  gap_final=   997.15  gap_best=   997.15 mHa
H2O_COBYLA_r_neyman_T1000000_P100000_s4      evals=   10 shots=     999699  gap_final=   978.39  gap_best=   978.39 mHa
H2O_COBYLA_r_weighted_T30000000_P100000_s9   evals=  300 shots=   29993400  gap_final=   362.09  gap_best=   362.09 mHa
H2O_COBYLA_r_neyman_T1000000_P100000_s5      evals=   10 shots=     999700  gap_final=  1008.67  gap_best=  1008.67 mHa
H2O_COBYLA_r_neyman_T1000000_P100000_s8      evals=   10 shots=     999709  gap_final=  1008.34  gap_best=  1008.34 mHa
H2O_COBYLA_r_neyman_T1000000_P100000_s7      evals=   10 shots=     999701  gap_final=   998.35  gap_best=   998.35 mHa
H2O_COBYLA_r_neyman_T1000000_P100000_s6      evals=   10 shots=     999688  gap_final=   992.08  gap_best=   992.08 mHa
H2O_COBYLA_r_neyman_T1000000_P100000_s9      evals=   10 shots=     999693  gap_final=   995.34  gap_best=   995.34 mHa
H2O_COBYLA_r_neyman_T3000000_P100000_s1      evals=   30 shots=    2999071  gap_final=   863.85  gap_best=   863.85 mHa
H2O_COBYLA_r_neyman_T3000000_P100000_s0      evals=   30 shots=    2999099  gap_final=   983.02  gap_best=   983.02 mHa
H2O_COBYLA_r_neyman_T3000000_P100000_s2      evals=   30 shots=    2999101  gap_final=   958.60  gap_best=   958.60 mHa
H2O_COBYLA_r_neyman_T3000000_P100000_s3      evals=   30 shots=    2999079  gap_final=   803.35  gap_best=   803.35 mHa
H2O_COBYLA_r_neyman_T3000000_P100000_s4      evals=   30 shots=    2999095  gap_final=   963.13  gap_best=   963.13 mHa
LiH_LBFGSB_ps_neyman_T100000000_P100000_s5   evals= 1000 shots=   99923327  gap_final=   239.50  gap_best=     3.47 mHa
H2O_COBYLA_r_neyman_T3000000_P100000_s5      evals=   30 shots=    2999091  gap_final=   987.34  gap_best=   987.34 mHa
H2O_COBYLA_r_neyman_T3000000_P100000_s9      evals=   30 shots=    2999082  gap_final=   995.34  gap_best=   995.34 mHa
H2O_COBYLA_r_neyman_T3000000_P100000_s7      evals=   30 shots=    2999060  gap_final=   976.07  gap_best=   976.07 mHa
H2O_COBYLA_r_neyman_T3000000_P100000_s6      evals=   30 shots=    2999073  gap_final=   876.93  gap_best=   876.93 mHa
H2O_COBYLA_r_neyman_T3000000_P100000_s8      evals=   30 shots=    2999093  gap_final=   906.37  gap_best=   906.37 mHa
H2O_COBYLA_r_uniform_T100000000_P100000_s9   evals= 1000 shots=   99979000  gap_final=   855.11  gap_best=   855.11 mHa
H2O_COBYLA_r_uniform_T100000000_P100000_s0   evals= 1000 shots=   99979000  gap_final=   545.03  gap_best=   545.03 mHa
H2O_COBYLA_r_uniform_T100000000_P100000_s1   evals= 1000 shots=   99979000  gap_final=    92.66  gap_best=    92.66 mHa
H2O_COBYLA_r_neyman_T10000000_P100000_s3     evals=  100 shots=    9996923  gap_final=    41.16  gap_best=    41.16 mHa
H2O_COBYLA_r_neyman_T10000000_P100000_s6     evals=  100 shots=    9996919  gap_final=    33.08  gap_best=    33.08 mHa
H2O_COBYLA_r_neyman_T10000000_P100000_s0     evals=  100 shots=    9996926  gap_final=   944.48  gap_best=   944.48 mHa
H2O_COBYLA_r_uniform_T100000000_P100000_s5   evals= 1000 shots=   99979000  gap_final=   254.53  gap_best=   254.53 mHa
H2O_COBYLA_r_uniform_T100000000_P100000_s6   evals= 1000 shots=   99979000  gap_final=    21.83  gap_best=    21.83 mHa
H2O_COBYLA_r_weighted_T100000000_P100000_s1  evals= 1000 shots=   99978000  gap_final=    35.19  gap_best=    35.19 mHa
H2O_COBYLA_r_uniform_T100000000_P100000_s7   evals= 1000 shots=   99979000  gap_final=   854.77  gap_best=   854.77 mHa
H2O_COBYLA_r_uniform_T100000000_P100000_s8   evals= 1000 shots=   99979000  gap_final=   765.93  gap_best=   765.93 mHa
H2O_COBYLA_r_neyman_T10000000_P100000_s1     evals=  100 shots=    9996952  gap_final=    13.89  gap_best=    13.89 mHa
H2O_COBYLA_r_neyman_T10000000_P100000_s2     evals=  100 shots=    9996976  gap_final=   960.91  gap_best=   960.91 mHa
H2O_COBYLA_r_neyman_T10000000_P100000_s4     evals=  100 shots=    9997062  gap_final=   966.62  gap_best=   966.62 mHa
H2O_COBYLA_r_neyman_T10000000_P100000_s5     evals=  100 shots=    9996992  gap_final=   987.43  gap_best=   987.43 mHa
H2O_COBYLA_r_neyman_T10000000_P100000_s7     evals=  100 shots=    9996886  gap_final=   976.46  gap_best=   976.46 mHa
H2O_COBYLA_r_neyman_T10000000_P100000_s8     evals=  100 shots=    9996830  gap_final=   890.00  gap_best=   890.00 mHa
LiH_LBFGSB_ps_neyman_T100000000_P100000_s8   evals=  837 shots=   83636032  gap_final=     1.54  gap_best=     1.54 mHa
H2O_COBYLA_r_neyman_T10000000_P100000_s9     evals=  100 shots=    9996946  gap_final=   995.34  gap_best=   995.34 mHa
H2O_COBYLA_r_weighted_T100000000_P100000_s3  evals= 1000 shots=   99978000  gap_final=    39.79  gap_best=    39.79 mHa
H2O_COBYLA_r_weighted_T100000000_P100000_s4  evals= 1000 shots=   99978000  gap_final=    11.57  gap_best=    11.85 mHa
H2O_COBYLA_r_weighted_T100000000_P100000_s5  evals= 1000 shots=   99978000  gap_final=   692.58  gap_best=   692.58 mHa
H2O_COBYLA_r_weighted_T100000000_P100000_s6  evals= 1000 shots=   99978000  gap_final=    18.01  gap_best=    18.01 mHa
H2O_COBYLA_r_exact_T1000000_P100000_s0       evals=   10 shots=          0  gap_final=   990.87  gap_best=   990.87 mHa
H2O_COBYLA_r_exact_T1000000_P100000_s1       evals=   10 shots=          0  gap_final=   998.37  gap_best=   998.37 mHa
H2O_COBYLA_r_neyman_T30000000_P100000_s2     evals=  300 shots=   29990881  gap_final=   960.91  gap_best=   960.91 mHa
H2O_COBYLA_r_exact_T1000000_P100000_s2       evals=   10 shots=          0  gap_final=  1005.88  gap_best=  1005.88 mHa
H2O_COBYLA_r_neyman_T30000000_P100000_s3     evals=  300 shots=   29990803  gap_final=    17.30  gap_best=    17.30 mHa
H2O_COBYLA_r_neyman_T30000000_P100000_s4     evals=  300 shots=   29991176  gap_final=   885.84  gap_best=   885.84 mHa
H2O_COBYLA_r_exact_T1000000_P100000_s3       evals=   10 shots=          0  gap_final=  1003.18  gap_best=  1003.18 mHa
H2O_COBYLA_r_weighted_T100000000_P100000_s9  evals= 1000 shots=   99978000  gap_final=     6.87  gap_best=     6.87 mHa
H2O_COBYLA_r_neyman_T30000000_P100000_s9     evals=  300 shots=   29990738  gap_final=   901.77  gap_best=   901.77 mHa
H2O_COBYLA_r_weighted_T100000000_P100000_s2  evals= 1000 shots=   99978000  gap_final=    11.08  gap_best=     8.68 mHa
H2O_COBYLA_r_neyman_T30000000_P100000_s1     evals=  300 shots=   29990792  gap_final=    13.90  gap_best=    13.90 mHa
H2O_COBYLA_r_exact_T1000000_P100000_s4       evals=   10 shots=          0  gap_final=   978.39  gap_best=   978.39 mHa
H2O_COBYLA_r_exact_T1000000_P100000_s5       evals=   10 shots=          0  gap_final=  1008.91  gap_best=  1008.91 mHa
H2O_COBYLA_r_exact_T1000000_P100000_s6       evals=   10 shots=          0  gap_final=   992.08  gap_best=   992.08 mHa
H2O_COBYLA_r_exact_T1000000_P100000_s7       evals=   10 shots=          0  gap_final=   998.35  gap_best=   998.35 mHa
H2O_COBYLA_r_exact_T1000000_P100000_s8       evals=   10 shots=          0  gap_final=  1008.34  gap_best=  1008.34 mHa
H2O_COBYLA_r_exact_T1000000_P100000_s9       evals=   10 shots=          0  gap_final=   981.42  gap_best=   981.42 mHa
H2O_COBYLA_r_exact_T3000000_P100000_s0       evals=   30 shots=          0  gap_final=   659.40  gap_best=   659.40 mHa
H2O_COBYLA_r_exact_T3000000_P100000_s1       evals=   30 shots=          0  gap_final=   855.71  gap_best=   855.71 mHa
H2O_COBYLA_r_exact_T3000000_P100000_s2       evals=   30 shots=          0  gap_final=   930.87  gap_best=   930.87 mHa
H2O_COBYLA_r_exact_T3000000_P100000_s5       evals=   30 shots=          0  gap_final=   784.86  gap_best=   784.86 mHa
H2O_COBYLA_r_exact_T3000000_P100000_s6       evals=   30 shots=          0  gap_final=   783.21  gap_best=   783.21 mHa
H2O_COBYLA_r_exact_T3000000_P100000_s7       evals=   30 shots=          0  gap_final=   841.80  gap_best=   841.80 mHa
LiH_LBFGSB_ps_neyman_T100000000_P100000_s6   evals=  837 shots=   83635400  gap_final=    26.28  gap_best=    26.28 mHa
H2O_COBYLA_r_exact_T3000000_P100000_s8       evals=   30 shots=          0  gap_final=   799.11  gap_best=   799.11 mHa
H2O_COBYLA_r_exact_T3000000_P100000_s3       evals=   30 shots=          0  gap_final=   818.49  gap_best=   818.49 mHa
H2O_COBYLA_r_exact_T3000000_P100000_s9       evals=   30 shots=          0  gap_final=   747.63  gap_best=   747.63 mHa
H2O_COBYLA_r_neyman_T30000000_P100000_s5     evals=  300 shots=   29990930  gap_final=   884.33  gap_best=   884.33 mHa
H2O_COBYLA_r_exact_T3000000_P100000_s4       evals=   30 shots=          0  gap_final=   808.20  gap_best=   808.20 mHa
H2O_COBYLA_r_exact_T10000000_P100000_s0      evals=  100 shots=          0  gap_final=     5.44  gap_best=     5.44 mHa
H2O_COBYLA_r_neyman_T30000000_P100000_s0     evals=  300 shots=   29990630  gap_final=   944.48  gap_best=   944.48 mHa
H2O_COBYLA_r_exact_T10000000_P100000_s1      evals=  100 shots=          0  gap_final=    24.75  gap_best=    24.75 mHa
H2O_COBYLA_r_weighted_T100000000_P100000_s0  evals= 1000 shots=   99978000  gap_final=    25.70  gap_best=    21.60 mHa
H2O_COBYLA_r_exact_T10000000_P100000_s3      evals=  100 shots=          0  gap_final=    45.40  gap_best=    45.40 mHa
H2O_COBYLA_r_exact_T10000000_P100000_s4      evals=  100 shots=          0  gap_final=     6.58  gap_best=     6.58 mHa
H2O_COBYLA_r_neyman_T30000000_P100000_s6     evals=  300 shots=   29990860  gap_final=    33.08  gap_best=    33.08 mHa
H2O_COBYLA_r_exact_T10000000_P100000_s5      evals=  100 shots=          0  gap_final=     8.39  gap_best=     8.39 mHa
H2O_COBYLA_r_exact_T10000000_P100000_s7      evals=  100 shots=          0  gap_final=    12.19  gap_best=    12.19 mHa
H2O_COBYLA_r_exact_T10000000_P100000_s2      evals=  100 shots=          0  gap_final=    52.56  gap_best=    52.56 mHa
H2O_COBYLA_r_neyman_T30000000_P100000_s7     evals=  300 shots=   29990736  gap_final=   953.28  gap_best=   953.28 mHa
H2O_COBYLA_r_exact_T10000000_P100000_s8      evals=  100 shots=          0  gap_final=     9.64  gap_best=     9.64 mHa
H2O_COBYLA_r_neyman_T30000000_P100000_s8     evals=  300 shots=   29990424  gap_final=   856.04  gap_best=   890.00 mHa
H2O_COBYLA_r_exact_T10000000_P100000_s6      evals=  100 shots=          0  gap_final=     8.41  gap_best=     8.41 mHa
H2O_COBYLA_r_exact_T30000000_P100000_s1      evals=  300 shots=          0  gap_final=     0.77  gap_best=     0.77 mHa
H2O_COBYLA_r_exact_T10000000_P100000_s9      evals=  100 shots=          0  gap_final=    26.51  gap_best=    26.51 mHa
H2O_COBYLA_r_exact_T30000000_P100000_s4      evals=  300 shots=          0  gap_final=     0.40  gap_best=     0.40 mHa
H2O_COBYLA_r_exact_T30000000_P100000_s5      evals=  300 shots=          0  gap_final=     0.40  gap_best=     0.40 mHa
H2O_COBYLA_r_exact_T30000000_P100000_s0      evals=  300 shots=          0  gap_final=     0.39  gap_best=     0.39 mHa
H2O_COBYLA_r_exact_T30000000_P100000_s6      evals=  300 shots=          0  gap_final=     0.39  gap_best=     0.39 mHa
H2O_COBYLA_r_exact_T30000000_P100000_s8      evals=  300 shots=          0  gap_final=     0.41  gap_best=     0.41 mHa
H2O_COBYLA_r_exact_T30000000_P100000_s2      evals=  300 shots=          0  gap_final=     0.41  gap_best=     0.41 mHa
H2O_COBYLA_r_exact_T30000000_P100000_s3      evals=  300 shots=          0  gap_final=     0.87  gap_best=     0.87 mHa
H2O_COBYLA_r_exact_T30000000_P100000_s7      evals=  300 shots=          0  gap_final=     0.30  gap_best=     0.30 mHa
H2O_LBFGSB_ps_r_uniform_T1000000_P100000_s0  evals=   10 shots=     999790  gap_final=  1234.73  gap_best=   762.77 mHa
H2O_LBFGSB_ps_r_uniform_T1000000_P100000_s1  evals=   10 shots=     999790  gap_final=  1222.93  gap_best=   753.09 mHa
H2O_COBYLA_r_exact_T30000000_P100000_s9      evals=  300 shots=          0  gap_final=     0.38  gap_best=     0.38 mHa
H2O_LBFGSB_ps_r_uniform_T1000000_P100000_s2  evals=   10 shots=     999790  gap_final=  1232.09  gap_best=   739.08 mHa
H2O_LBFGSB_ps_r_uniform_T1000000_P100000_s4  evals=   10 shots=     999790  gap_final=  1243.64  gap_best=   787.60 mHa
H2O_COBYLA_r_exact_T100000000_P100000_s4     evals= 1000 shots=          0  gap_final=     0.40  gap_best=     0.40 mHa
H2O_LBFGSB_ps_r_uniform_T1000000_P100000_s6  evals=   10 shots=     999790  gap_final=  1251.56  gap_best=   754.26 mHa
H2O_LBFGSB_ps_r_uniform_T1000000_P100000_s3  evals=   10 shots=     999790  gap_final=  1216.30  gap_best=   783.63 mHa
H2O_LBFGSB_ps_r_uniform_T1000000_P100000_s7  evals=   10 shots=     999790  gap_final=  1218.30  gap_best=   746.37 mHa
H2O_LBFGSB_ps_r_uniform_T1000000_P100000_s8  evals=   10 shots=     999790  gap_final=  1241.00  gap_best=   745.96 mHa
H2O_LBFGSB_ps_r_uniform_T1000000_P100000_s9  evals=   10 shots=     999790  gap_final=  1226.89  gap_best=   736.86 mHa
H2O_LBFGSB_ps_r_uniform_T1000000_P100000_s5  evals=   10 shots=     999790  gap_final=  1213.43  gap_best=   736.53 mHa
H2O_COBYLA_r_weighted_T100000000_P100000_s7  evals= 1000 shots=   99978000  gap_final=   976.15  gap_best=   976.15 mHa
H2O_COBYLA_r_exact_T100000000_P100000_s5     evals= 1000 shots=          0  gap_final=     0.40  gap_best=     0.40 mHa
H2O_COBYLA_r_exact_T100000000_P100000_s8     evals= 1000 shots=          0  gap_final=     0.40  gap_best=     0.40 mHa
H2O_COBYLA_r_weighted_T100000000_P100000_s8  evals= 1000 shots=   99978000  gap_final=    28.27  gap_best=    28.27 mHa
H2O_LBFGSB_ps_r_uniform_T3000000_P100000_s0  evals=   30 shots=    2999370  gap_final=  1527.42  gap_best=   561.29 mHa
H2O_LBFGSB_ps_r_uniform_T3000000_P100000_s1  evals=   30 shots=    2999370  gap_final=  1686.89  gap_best=   502.91 mHa
H2O_LBFGSB_ps_r_uniform_T3000000_P100000_s2  evals=   30 shots=    2999370  gap_final=  1589.68  gap_best=   514.68 mHa
H2O_LBFGSB_ps_r_uniform_T3000000_P100000_s5  evals=   30 shots=    2999370  gap_final=  1598.71  gap_best=   539.33 mHa
H2O_LBFGSB_ps_r_uniform_T3000000_P100000_s6  evals=   30 shots=    2999370  gap_final=  1503.16  gap_best=   508.21 mHa
H2O_COBYLA_r_neyman_T100000000_P100000_s4    evals= 1000 shots=   99969444  gap_final=    10.50  gap_best=    10.50 mHa
LiH_LBFGSB_ps_neyman_T100000000_P100000_s7   evals=  992 shots=   99123780  gap_final=     3.48  gap_best=     3.48 mHa
H2O_COBYLA_r_exact_T100000000_P100000_s0     evals= 1000 shots=          0  gap_final=     0.39  gap_best=     0.39 mHa
H2O_LBFGSB_ps_r_uniform_T3000000_P100000_s7  evals=   30 shots=    2999370  gap_final=  1643.00  gap_best=   511.14 mHa
H2O_LBFGSB_ps_r_uniform_T3000000_P100000_s3  evals=   30 shots=    2999370  gap_final=  1686.51  gap_best=   535.67 mHa
H2O_LBFGSB_ps_r_uniform_T3000000_P100000_s4  evals=   30 shots=    2999370  gap_final=  1652.86  gap_best=   492.06 mHa
H2O_COBYLA_r_exact_T100000000_P100000_s9     evals= 1000 shots=          0  gap_final=     0.38  gap_best=     0.38 mHa
H2O_COBYLA_r_exact_T100000000_P100000_s1     evals= 1000 shots=          0  gap_final=     0.40  gap_best=     0.40 mHa
H2O_COBYLA_r_exact_T100000000_P100000_s2     evals= 1000 shots=          0  gap_final=     0.40  gap_best=     0.40 mHa
H2O_COBYLA_r_exact_T100000000_P100000_s3     evals= 1000 shots=          0  gap_final=     0.46  gap_best=     0.46 mHa
H2O_COBYLA_r_exact_T100000000_P100000_s6     evals= 1000 shots=          0  gap_final=     0.39  gap_best=     0.39 mHa
H2O_COBYLA_r_exact_T100000000_P100000_s7     evals= 1000 shots=          0  gap_final=     0.27  gap_best=     0.27 mHa
H2O_LBFGSB_ps_r_uniform_T3000000_P100000_s8  evals=   30 shots=    2999370  gap_final=  1760.57  gap_best=   535.21 mHa
H2O_LBFGSB_ps_r_uniform_T3000000_P100000_s9  evals=   30 shots=    2999370  gap_final=  1604.93  gap_best=   489.69 mHa
H2O_LBFGSB_ps_r_uniform_T10000000_P100000_s1 evals=  100 shots=    9997900  gap_final=  1182.60  gap_best=   402.01 mHa
H2O_LBFGSB_ps_r_uniform_T10000000_P100000_s2 evals=  100 shots=    9997900  gap_final=  1133.03  gap_best=   509.30 mHa
H2O_LBFGSB_ps_r_uniform_T10000000_P100000_s3 evals=  100 shots=    9997900  gap_final=  1157.46  gap_best=   494.17 mHa
H2O_LBFGSB_ps_r_uniform_T10000000_P100000_s4 evals=  100 shots=    9997900  gap_final=  1145.69  gap_best=   411.88 mHa
H2O_LBFGSB_ps_r_uniform_T10000000_P100000_s0 evals=  100 shots=    9997900  gap_final=  1170.69  gap_best=   502.53 mHa
H2O_LBFGSB_ps_r_uniform_T10000000_P100000_s5 evals=  100 shots=    9997900  gap_final=  1132.51  gap_best=   494.00 mHa
H2O_LBFGSB_ps_r_uniform_T10000000_P100000_s6 evals=  100 shots=    9997900  gap_final=  1188.67  gap_best=   451.87 mHa
H2O_LBFGSB_ps_r_uniform_T10000000_P100000_s7 evals=  100 shots=    9997900  gap_final=  1165.64  gap_best=   446.53 mHa
H2O_LBFGSB_ps_r_uniform_T10000000_P100000_s8 evals=  100 shots=    9997900  gap_final=  1116.28  gap_best=   334.44 mHa
H2O_LBFGSB_ps_r_uniform_T10000000_P100000_s9 evals=  100 shots=    9997900  gap_final=  1800.27  gap_best=   357.09 mHa
H2O_COBYLA_r_neyman_T100000000_P100000_s7    evals= 1000 shots=   99969083  gap_final=    15.38  gap_best=    17.81 mHa
H2O_LBFGSB_ps_r_weighted_T1000000_P100000_s0 evals=   10 shots=     999780  gap_final=  1234.73  gap_best=   762.77 mHa
H2O_LBFGSB_ps_r_weighted_T1000000_P100000_s1 evals=   10 shots=     999780  gap_final=  1222.93  gap_best=   753.09 mHa
H2O_LBFGSB_ps_r_uniform_T30000000_P100000_s1 evals=  300 shots=   29993700  gap_final=  1039.14  gap_best=   402.01 mHa
H2O_LBFGSB_ps_r_uniform_T30000000_P100000_s0 evals=  300 shots=   29993700  gap_final=  1374.81  gap_best=   408.69 mHa
H2O_LBFGSB_ps_r_weighted_T1000000_P100000_s2 evals=   10 shots=     999780  gap_final=  1232.09  gap_best=   739.08 mHa
H2O_LBFGSB_ps_r_uniform_T30000000_P100000_s2 evals=  300 shots=   29993700  gap_final=  1133.03  gap_best=   521.10 mHa
H2O_LBFGSB_ps_r_uniform_T30000000_P100000_s6 evals=  300 shots=   29993700  gap_final=  1040.55  gap_best=   451.87 mHa
H2O_LBFGSB_ps_r_uniform_T30000000_P100000_s3 evals=  300 shots=   29993700  gap_final=  1122.93  gap_best=   468.09 mHa
H2O_LBFGSB_ps_r_uniform_T30000000_P100000_s4 evals=  300 shots=   29993700  gap_final=   783.51  gap_best=   317.58 mHa
H2O_LBFGSB_ps_r_uniform_T30000000_P100000_s5 evals=  300 shots=   29993700  gap_final=  1011.44  gap_best=   386.37 mHa
H2O_LBFGSB_ps_r_weighted_T1000000_P100000_s5 evals=   10 shots=     999780  gap_final=  1213.43  gap_best=   736.53 mHa
H2O_COBYLA_r_neyman_T100000000_P100000_s0    evals= 1000 shots=   99969012  gap_final=   523.65  gap_best=   523.65 mHa
H2O_LBFGSB_ps_r_weighted_T1000000_P100000_s3 evals=   10 shots=     999780  gap_final=  1216.30  gap_best=   732.28 mHa
H2O_LBFGSB_ps_r_uniform_T30000000_P100000_s7 evals=  300 shots=   29993700  gap_final=  1550.14  gap_best=   147.89 mHa
H2O_LBFGSB_ps_r_weighted_T1000000_P100000_s4 evals=   10 shots=     999780  gap_final=  1243.64  gap_best=   723.60 mHa
H2O_LBFGSB_ps_r_uniform_T30000000_P100000_s8 evals=  300 shots=   29993700  gap_final=  1125.90  gap_best=   169.22 mHa
H2O_COBYLA_r_neyman_T100000000_P100000_s2    evals= 1000 shots=   99969617  gap_final=    19.31  gap_best=    20.72 mHa
H2O_LBFGSB_ps_r_uniform_T30000000_P100000_s9 evals=  300 shots=   29993700  gap_final=  1269.39  gap_best=    29.85 mHa
H2O_COBYLA_r_neyman_T100000000_P100000_s1    evals= 1000 shots=   99969427  gap_final=    18.56  gap_best=    14.72 mHa
H2O_LBFGSB_ps_r_weighted_T1000000_P100000_s6 evals=   10 shots=     999780  gap_final=  1251.56  gap_best=   754.26 mHa
H2O_COBYLA_r_neyman_T100000000_P100000_s3    evals= 1000 shots=   99969623  gap_final=    11.49  gap_best=    17.30 mHa
H2O_LBFGSB_ps_r_weighted_T1000000_P100000_s9 evals=   10 shots=     999780  gap_final=  1226.89  gap_best=   736.86 mHa
H2O_COBYLA_r_neyman_T100000000_P100000_s5    evals= 1000 shots=   99969423  gap_final=   704.75  gap_best=   704.75 mHa
H2O_LBFGSB_ps_r_weighted_T1000000_P100000_s7 evals=   10 shots=     999780  gap_final=  1218.30  gap_best=   746.37 mHa
H2O_COBYLA_r_neyman_T100000000_P100000_s6    evals= 1000 shots=   99969473  gap_final=     4.45  gap_best=     4.01 mHa
H2O_LBFGSB_ps_r_weighted_T1000000_P100000_s8 evals=   10 shots=     999780  gap_final=  1241.00  gap_best=   745.96 mHa
H2O_LBFGSB_ps_r_weighted_T3000000_P100000_s3 evals=   30 shots=    2999340  gap_final=  1625.72  gap_best=   535.67 mHa
H2O_COBYLA_r_neyman_T100000000_P100000_s8    evals= 1000 shots=   99969022  gap_final=     9.87  gap_best=     9.40 mHa
H2O_COBYLA_r_neyman_T100000000_P100000_s9    evals= 1000 shots=   99969077  gap_final=    18.87  gap_best=    18.87 mHa
H2O_LBFGSB_ps_r_weighted_T3000000_P100000_s1 evals=   30 shots=    2999340  gap_final=  1652.66  gap_best=   502.91 mHa
H2O_LBFGSB_ps_r_weighted_T3000000_P100000_s0 evals=   30 shots=    2999340  gap_final=  1558.88  gap_best=   561.29 mHa
H2O_LBFGSB_ps_r_weighted_T3000000_P100000_s2 evals=   30 shots=    2999340  gap_final=  1455.39  gap_best=   514.68 mHa
H2O_LBFGSB_ps_r_weighted_T3000000_P100000_s4 evals=   30 shots=    2999340  gap_final=  1687.97  gap_best=   492.06 mHa
H2O_LBFGSB_ps_r_weighted_T3000000_P100000_s5 evals=   30 shots=    2999340  gap_final=  1662.09  gap_best=   544.73 mHa
H2O_LBFGSB_ps_r_weighted_T3000000_P100000_s6 evals=   30 shots=    2999340  gap_final=  1641.70  gap_best=   508.21 mHa
H2O_LBFGSB_ps_r_weighted_T3000000_P100000_s7 evals=   30 shots=    2999340  gap_final=  1549.85  gap_best=   511.14 mHa
H2O_LBFGSB_ps_r_weighted_T3000000_P100000_s9 evals=   30 shots=    2999340  gap_final=  1565.73  gap_best=   489.69 mHa
H2O_LBFGSB_ps_r_weighted_T3000000_P100000_s8 evals=   30 shots=    2999340  gap_final=  1781.29  gap_best=   545.76 mHa
H2O_LBFGSB_ps_r_weighted_T10000000_P100000_s1 evals=  100 shots=    9997800  gap_final=  1172.42  gap_best=   414.35 mHa
H2O_LBFGSB_ps_r_weighted_T10000000_P100000_s2 evals=  100 shots=    9997800  gap_final=  1157.32  gap_best=   512.13 mHa
H2O_LBFGSB_ps_r_weighted_T10000000_P100000_s0 evals=  100 shots=    9997800  gap_final=  1184.60  gap_best=   524.08 mHa
H2O_LBFGSB_ps_r_weighted_T10000000_P100000_s3 evals=  100 shots=    9997800  gap_final=  1145.90  gap_best=   499.27 mHa
H2O_LBFGSB_ps_r_weighted_T10000000_P100000_s4 evals=  100 shots=    9997800  gap_final=  1127.10  gap_best=   459.33 mHa
H2O_LBFGSB_ps_r_weighted_T10000000_P100000_s5 evals=  100 shots=    9997800  gap_final=  1153.86  gap_best=   550.89 mHa
H2O_LBFGSB_ps_r_weighted_T10000000_P100000_s7 evals=  100 shots=    9997800  gap_final=  1168.02  gap_best=   454.45 mHa
H2O_LBFGSB_ps_r_weighted_T10000000_P100000_s8 evals=  100 shots=    9997800  gap_final=  1137.27  gap_best=   532.70 mHa
H2O_LBFGSB_ps_r_weighted_T10000000_P100000_s6 evals=  100 shots=    9997800  gap_final=  1162.29  gap_best=   429.79 mHa
H2O_LBFGSB_ps_r_uniform_T100000000_P100000_s3 evals= 1000 shots=   99979000  gap_final=    19.08  gap_best=    19.08 mHa
H2O_LBFGSB_ps_r_weighted_T10000000_P100000_s9 evals=  100 shots=    9997800  gap_final=  1607.21  gap_best=   386.96 mHa
H2O_LBFGSB_ps_r_uniform_T100000000_P100000_s4 evals= 1000 shots=   99979000  gap_final=     6.47  gap_best=     6.47 mHa
H2O_LBFGSB_ps_r_uniform_T100000000_P100000_s9 evals= 1000 shots=   99979000  gap_final=     1.62  gap_best=     1.62 mHa
H2O_LBFGSB_ps_r_uniform_T100000000_P100000_s8 evals= 1000 shots=   99979000  gap_final=     4.58  gap_best=     4.10 mHa
H2O_LBFGSB_ps_r_uniform_T100000000_P100000_s6 evals= 1000 shots=   99979000  gap_final=     1.83  gap_best=     5.51 mHa
H2O_LBFGSB_ps_r_neyman_T1000000_P100000_s0   evals=   10 shots=     999679  gap_final=  1234.73  gap_best=   746.17 mHa
H2O_LBFGSB_ps_r_uniform_T100000000_P100000_s0 evals= 1000 shots=   99979000  gap_final=     1.77  gap_best=     1.77 mHa
H2O_LBFGSB_ps_r_uniform_T100000000_P100000_s5 evals= 1000 shots=   99979000  gap_final=   900.39  gap_best=     1.73 mHa
H2O_LBFGSB_ps_r_neyman_T1000000_P100000_s1   evals=   10 shots=     999693  gap_final=  1222.93  gap_best=   753.09 mHa
H2O_LBFGSB_ps_r_uniform_T100000000_P100000_s2 evals= 1000 shots=   99979000  gap_final=   866.08  gap_best=   338.84 mHa
H2O_LBFGSB_ps_r_uniform_T100000000_P100000_s7 evals= 1000 shots=   99979000  gap_final=     1.19  gap_best=     1.19 mHa
H2O_LBFGSB_ps_r_neyman_T1000000_P100000_s2   evals=   10 shots=     999679  gap_final=  1232.09  gap_best=   739.08 mHa
H2O_LBFGSB_ps_r_neyman_T1000000_P100000_s3   evals=   10 shots=     999688  gap_final=  1216.30  gap_best=   732.28 mHa
H2O_LBFGSB_ps_r_neyman_T1000000_P100000_s4   evals=   10 shots=     999687  gap_final=  1243.64  gap_best=   723.60 mHa
H2O_LBFGSB_ps_r_neyman_T1000000_P100000_s5   evals=   10 shots=     999689  gap_final=  1213.43  gap_best=   736.53 mHa
H2O_LBFGSB_ps_r_neyman_T1000000_P100000_s6   evals=   10 shots=     999692  gap_final=  1251.56  gap_best=   754.26 mHa
H2O_LBFGSB_ps_r_uniform_T100000000_P100000_s1 evals= 1000 shots=   99979000  gap_final=     3.83  gap_best=     3.83 mHa
H2O_LBFGSB_ps_r_neyman_T3000000_P100000_s1   evals=   30 shots=    2999066  gap_final=  1675.10  gap_best=   502.91 mHa
H2O_LBFGSB_ps_r_neyman_T3000000_P100000_s2   evals=   30 shots=    2999079  gap_final=  1494.42  gap_best=   514.68 mHa
H2O_LBFGSB_ps_r_weighted_T30000000_P100000_s3 evals=  300 shots=   29993400  gap_final=  1140.75  gap_best=   499.27 mHa
H2O_LBFGSB_ps_r_neyman_T1000000_P100000_s7   evals=   10 shots=     999691  gap_final=  1218.30  gap_best=   746.37 mHa
H2O_LBFGSB_ps_r_neyman_T1000000_P100000_s8   evals=   10 shots=     999695  gap_final=  1241.00  gap_best=   745.96 mHa
H2O_LBFGSB_ps_r_neyman_T3000000_P100000_s3   evals=   30 shots=    2999077  gap_final=  1625.09  gap_best=   535.67 mHa
H2O_LBFGSB_ps_r_neyman_T1000000_P100000_s9   evals=   10 shots=     999681  gap_final=  1226.89  gap_best=   736.86 mHa
H2O_LBFGSB_ps_r_neyman_T3000000_P100000_s4   evals=   30 shots=    2999071  gap_final=  1606.05  gap_best=   492.06 mHa
H2O_LBFGSB_ps_r_neyman_T3000000_P100000_s5   evals=   30 shots=    2999090  gap_final=  1649.75  gap_best=   539.33 mHa
H2O_LBFGSB_ps_r_neyman_T3000000_P100000_s0   evals=   30 shots=    2999078  gap_final=  1606.61  gap_best=   561.29 mHa
H2O_LBFGSB_ps_r_weighted_T30000000_P100000_s0 evals=  300 shots=   29993400  gap_final=  1390.21  gap_best=   385.83 mHa
H2O_LBFGSB_ps_r_weighted_T30000000_P100000_s9 evals=  300 shots=   29993400  gap_final=  1251.57  gap_best=     7.21 mHa
H2O_LBFGSB_ps_r_weighted_T30000000_P100000_s1 evals=  300 shots=   29993400  gap_final=  1050.64  gap_best=   245.58 mHa
H2O_LBFGSB_ps_r_weighted_T30000000_P100000_s2 evals=  300 shots=   29993400  gap_final=  1415.60  gap_best=   501.61 mHa
H2O_LBFGSB_ps_r_weighted_T30000000_P100000_s4 evals=  300 shots=   29993400  gap_final=  1279.02  gap_best=   401.44 mHa
H2O_LBFGSB_ps_r_weighted_T30000000_P100000_s5 evals=  300 shots=   29993400  gap_final=  1055.67  gap_best=   550.89 mHa
H2O_LBFGSB_ps_r_weighted_T30000000_P100000_s7 evals=  300 shots=   29993400  gap_final=  1084.37  gap_best=   401.27 mHa
H2O_LBFGSB_ps_r_weighted_T30000000_P100000_s6 evals=  300 shots=   29993400  gap_final=  1217.24  gap_best=   266.40 mHa
H2O_LBFGSB_ps_r_neyman_T3000000_P100000_s8   evals=   30 shots=    2999071  gap_final=  1806.22  gap_best=   535.21 mHa
H2O_LBFGSB_ps_r_neyman_T3000000_P100000_s9   evals=   30 shots=    2999053  gap_final=  1544.84  gap_best=   489.69 mHa
H2O_LBFGSB_ps_r_weighted_T30000000_P100000_s8 evals=  300 shots=   29993400  gap_final=  1022.00  gap_best=   532.70 mHa
H2O_LBFGSB_ps_r_neyman_T3000000_P100000_s7   evals=   30 shots=    2999076  gap_final=  1631.70  gap_best=   511.14 mHa
H2O_LBFGSB_ps_r_neyman_T3000000_P100000_s6   evals=   30 shots=    2999070  gap_final=  1609.80  gap_best=   508.21 mHa
H2O_LBFGSB_ps_r_neyman_T10000000_P100000_s3  evals=  100 shots=    9996927  gap_final=  1161.50  gap_best=   505.83 mHa
H2O_LBFGSB_ps_r_neyman_T10000000_P100000_s5  evals=  100 shots=    9996914  gap_final=  1137.14  gap_best=   548.25 mHa
H2O_LBFGSB_ps_r_neyman_T10000000_P100000_s6  evals=  100 shots=    9996926  gap_final=  1160.69  gap_best=   421.09 mHa
H2O_LBFGSB_ps_r_neyman_T10000000_P100000_s0  evals=  100 shots=    9996950  gap_final=  1183.05  gap_best=   527.61 mHa
H2O_LBFGSB_ps_r_neyman_T10000000_P100000_s4  evals=  100 shots=    9996915  gap_final=  1110.45  gap_best=   448.82 mHa
H2O_LBFGSB_ps_r_neyman_T10000000_P100000_s1  evals=  100 shots=    9996943  gap_final=  1164.16  gap_best=   416.79 mHa
H2O_LBFGSB_ps_r_neyman_T10000000_P100000_s2  evals=  100 shots=    9996925  gap_final=  1141.72  gap_best=   487.68 mHa
H2O_LBFGSB_ps_r_neyman_T10000000_P100000_s7  evals=  100 shots=    9996973  gap_final=  1156.46  gap_best=   456.04 mHa
H2O_LBFGSB_ps_r_neyman_T10000000_P100000_s9  evals=  100 shots=    9996909  gap_final=  1262.46  gap_best=   402.02 mHa
H2O_LBFGSB_ps_r_neyman_T10000000_P100000_s8  evals=  100 shots=    9996910  gap_final=  1143.45  gap_best=   521.09 mHa
H2O_LBFGSB_ps_r_neyman_T30000000_P100000_s4  evals=  300 shots=   29990954  gap_final=  1424.52  gap_best=   224.22 mHa
H2O_LBFGSB_ps_r_neyman_T30000000_P100000_s7  evals=  300 shots=   29990995  gap_final=  1350.43  gap_best=   381.28 mHa
H2O_LBFGSB_ps_r_weighted_T100000000_P100000_s0 evals= 1000 shots=   99978000  gap_final=     4.15  gap_best=     4.15 mHa
H2O_LBFGSB_ps_r_weighted_T100000000_P100000_s1 evals= 1000 shots=   99978000  gap_final=     2.58  gap_best=     2.58 mHa
H2O_LBFGSB_ps_r_exact_T1000000_P100000_s0    evals=   10 shots=          0  gap_final=  1234.73  gap_best=   746.17 mHa
H2O_LBFGSB_ps_r_exact_T1000000_P100000_s1    evals=   10 shots=          0  gap_final=  1222.93  gap_best=   753.09 mHa
H2O_LBFGSB_ps_r_exact_T1000000_P100000_s2    evals=   10 shots=          0  gap_final=  1232.09  gap_best=   739.08 mHa
H2O_LBFGSB_ps_r_exact_T1000000_P100000_s3    evals=   10 shots=          0  gap_final=  1216.30  gap_best=   732.28 mHa
H2O_LBFGSB_ps_r_exact_T1000000_P100000_s4    evals=   10 shots=          0  gap_final=  1243.64  gap_best=   723.60 mHa
H2O_LBFGSB_ps_r_exact_T1000000_P100000_s5    evals=   10 shots=          0  gap_final=  1213.43  gap_best=   736.53 mHa
H2O_LBFGSB_ps_r_exact_T1000000_P100000_s6    evals=   10 shots=          0  gap_final=  1251.56  gap_best=   754.26 mHa
H2O_LBFGSB_ps_r_neyman_T30000000_P100000_s0  evals=  300 shots=   29990939  gap_final=  1279.67  gap_best=   527.61 mHa
H2O_LBFGSB_ps_r_neyman_T30000000_P100000_s5  evals=  300 shots=   29990750  gap_final=  1120.13  gap_best=   548.25 mHa
H2O_LBFGSB_ps_r_neyman_T30000000_P100000_s6  evals=  300 shots=   29990836  gap_final=  1225.17  gap_best=   293.48 mHa
H2O_LBFGSB_ps_r_neyman_T30000000_P100000_s3  evals=  300 shots=   29990928  gap_final=  1039.07  gap_best=   478.45 mHa
H2O_LBFGSB_ps_r_exact_T1000000_P100000_s7    evals=   10 shots=          0  gap_final=  1218.30  gap_best=   746.37 mHa
H2O_LBFGSB_ps_r_neyman_T30000000_P100000_s1  evals=  300 shots=   29990858  gap_final=  1272.57  gap_best=   223.29 mHa
H2O_LBFGSB_ps_r_neyman_T30000000_P100000_s2  evals=  300 shots=   29990795  gap_final=  1323.43  gap_best=    89.39 mHa
H2O_LBFGSB_ps_r_exact_T1000000_P100000_s8    evals=   10 shots=          0  gap_final=  1241.00  gap_best=   745.96 mHa
H2O_LBFGSB_ps_r_exact_T1000000_P100000_s9    evals=   10 shots=          0  gap_final=  1226.89  gap_best=   736.86 mHa
H2O_LBFGSB_ps_r_weighted_T100000000_P100000_s9 evals= 1000 shots=   99978000  gap_final=     4.52  gap_best=     4.52 mHa
H2O_LBFGSB_ps_r_neyman_T30000000_P100000_s9  evals=  300 shots=   29990893  gap_final=  1170.47  gap_best=    38.65 mHa
H2O_LBFGSB_ps_r_exact_T3000000_P100000_s0    evals=   30 shots=          0  gap_final=  1594.01  gap_best=   558.82 mHa
H2O_LBFGSB_ps_r_neyman_T30000000_P100000_s8  evals=  300 shots=   29990834  gap_final=  1146.46  gap_best=   508.93 mHa
H2O_LBFGSB_ps_r_exact_T3000000_P100000_s8    evals=   30 shots=          0  gap_final=  1808.32  gap_best=   535.21 mHa
H2O_LBFGSB_ps_r_exact_T3000000_P100000_s7    evals=   30 shots=          0  gap_final=  1569.33  gap_best=   511.14 mHa
H2O_LBFGSB_ps_r_exact_T3000000_P100000_s2    evals=   30 shots=          0  gap_final=  1486.77  gap_best=   514.68 mHa
H2O_LBFGSB_ps_r_exact_T3000000_P100000_s4    evals=   30 shots=          0  gap_final=  1604.06  gap_best=   492.06 mHa
H2O_LBFGSB_ps_r_exact_T3000000_P100000_s9    evals=   30 shots=          0  gap_final=  1565.08  gap_best=   489.69 mHa
H2O_LBFGSB_ps_r_exact_T3000000_P100000_s1    evals=   30 shots=          0  gap_final=  1649.03  gap_best=   502.91 mHa
H2O_LBFGSB_ps_r_exact_T3000000_P100000_s5    evals=   30 shots=          0  gap_final=  1617.27  gap_best=   539.33 mHa
H2O_LBFGSB_ps_r_exact_T3000000_P100000_s3    evals=   30 shots=          0  gap_final=  1620.26  gap_best=   535.67 mHa
H2O_LBFGSB_ps_r_exact_T3000000_P100000_s6    evals=   30 shots=          0  gap_final=  1615.90  gap_best=   508.21 mHa
H2O_LBFGSB_ps_r_exact_T10000000_P100000_s0   evals=  100 shots=          0  gap_final=  1182.38  gap_best=   529.66 mHa
H2O_LBFGSB_ps_r_exact_T10000000_P100000_s4   evals=  100 shots=          0  gap_final=  1128.31  gap_best=   409.08 mHa
H2O_LBFGSB_ps_r_exact_T10000000_P100000_s6   evals=  100 shots=          0  gap_final=  1168.35  gap_best=   427.94 mHa
H2O_LBFGSB_ps_r_exact_T10000000_P100000_s1   evals=  100 shots=          0  gap_final=  1166.44  gap_best=   407.62 mHa
H2O_LBFGSB_ps_r_exact_T10000000_P100000_s2   evals=  100 shots=          0  gap_final=  1147.16  gap_best=   491.08 mHa
H2O_LBFGSB_ps_r_exact_T10000000_P100000_s3   evals=  100 shots=          0  gap_final=  1152.41  gap_best=   500.89 mHa
H2O_LBFGSB_ps_r_exact_T10000000_P100000_s5   evals=  100 shots=          0  gap_final=  1140.16  gap_best=   535.22 mHa
H2O_LBFGSB_ps_r_exact_T10000000_P100000_s8   evals=  100 shots=          0  gap_final=  1147.69  gap_best=   522.47 mHa
H2O_LBFGSB_ps_r_exact_T10000000_P100000_s7   evals=  100 shots=          0  gap_final=  1158.78  gap_best=   461.33 mHa
H2O_LBFGSB_ps_r_exact_T30000000_P100000_s2   evals=  300 shots=          0  gap_final=  1585.08  gap_best=   452.48 mHa
H2O_LBFGSB_ps_r_exact_T10000000_P100000_s9   evals=  100 shots=          0  gap_final=  1395.70  gap_best=   394.11 mHa
H2O_LBFGSB_ps_r_exact_T30000000_P100000_s3   evals=  300 shots=          0  gap_final=   933.51  gap_best=   493.90 mHa
H2O_LBFGSB_ps_r_exact_T30000000_P100000_s1   evals=  300 shots=          0  gap_final=  2189.17  gap_best=   161.00 mHa
H2O_LBFGSB_ps_r_exact_T30000000_P100000_s4   evals=  300 shots=          0  gap_final=  1836.49  gap_best=   288.74 mHa
H2O_LBFGSB_ps_r_exact_T30000000_P100000_s0   evals=  300 shots=          0  gap_final=   942.06  gap_best=   247.57 mHa
H2O_LBFGSB_ps_r_exact_T30000000_P100000_s5   evals=  300 shots=          0  gap_final=  1526.72  gap_best=   535.22 mHa
H2O_LBFGSB_ps_r_weighted_T100000000_P100000_s6 evals= 1000 shots=   99978000  gap_final=     1.61  gap_best=     1.61 mHa
H2O_LBFGSB_ps_r_exact_T30000000_P100000_s7   evals=  300 shots=          0  gap_final=  1892.26  gap_best=   355.87 mHa
H2O_LBFGSB_ps_r_exact_T30000000_P100000_s6   evals=  300 shots=          0  gap_final=  1950.60  gap_best=   322.13 mHa
H2O_LBFGSB_ps_r_exact_T30000000_P100000_s8   evals=  300 shots=          0  gap_final=  1139.92  gap_best=   515.31 mHa
H2O_LBFGSB_ps_r_neyman_T100000000_P100000_s0 evals= 1000 shots=   99969468  gap_final=  1202.82  gap_best=     5.98 mHa
H2O_LBFGSB_ps_r_exact_T30000000_P100000_s9   evals=  300 shots=          0  gap_final=  1050.66  gap_best=     5.92 mHa
H2O_LBFGSB_ps_r_neyman_T100000000_P100000_s1 evals= 1000 shots=   99969432  gap_final=     0.89  gap_best=     0.89 mHa
H2O_LBFGSB_ps_r_neyman_T100000000_P100000_s2 evals= 1000 shots=   99969369  gap_final=     7.63  gap_best=     7.63 mHa
H2O_LBFGSB_ps_r_weighted_T100000000_P100000_s2 evals= 1000 shots=   99978000  gap_final=     6.59  gap_best=     6.59 mHa
H2O_LBFGSB_ps_r_exact_T100000000_P100000_s2  evals= 1000 shots=          0  gap_final=  1243.25  gap_best=     0.35 mHa
H2O_LBFGSB_ps_r_exact_T100000000_P100000_s1  evals= 1000 shots=          0  gap_final=  1244.88  gap_best=     0.38 mHa
H2O_COBYLA_uniform_T1000000_P100000_s2       evals=   10 shots=     999790  gap_final=  1005.88  gap_best=  1005.88 mHa
H2O_COBYLA_uniform_T1000000_P100000_s3       evals=   10 shots=     999790  gap_final=  1041.10  gap_best=  1041.10 mHa
H2O_LBFGSB_ps_r_exact_T100000000_P100000_s3  evals= 1000 shots=          0  gap_final=  1167.66  gap_best=     2.10 mHa
H2O_LBFGSB_ps_r_exact_T100000000_P100000_s4  evals= 1000 shots=          0  gap_final=  1282.07  gap_best=     0.40 mHa
H2O_COBYLA_uniform_T1000000_P100000_s5       evals=   10 shots=     999790  gap_final=  1008.67  gap_best=  1008.67 mHa
H2O_COBYLA_uniform_T1000000_P100000_s6       evals=   10 shots=     999790  gap_final=  1010.21  gap_best=  1010.21 mHa
H2O_COBYLA_uniform_T1000000_P100000_s0       evals=   10 shots=     999790  gap_final=  1038.81  gap_best=  1038.81 mHa
H2O_COBYLA_uniform_T1000000_P100000_s1       evals=   10 shots=     999790  gap_final=  1007.28  gap_best=  1007.28 mHa
H2O_COBYLA_uniform_T1000000_P100000_s4       evals=   10 shots=     999790  gap_final=   978.39  gap_best=   978.39 mHa
H2O_LBFGSB_ps_r_exact_T100000000_P100000_s6  evals= 1000 shots=          0  gap_final=  1244.33  gap_best=     0.40 mHa
H2O_LBFGSB_ps_r_weighted_T100000000_P100000_s3 evals= 1000 shots=   99978000  gap_final=   427.73  gap_best=   428.57 mHa
H2O_COBYLA_uniform_T1000000_P100000_s8       evals=   10 shots=     999790  gap_final=  1013.77  gap_best=  1013.77 mHa
H2O_COBYLA_uniform_T1000000_P100000_s9       evals=   10 shots=     999790  gap_final=  1011.05  gap_best=  1011.05 mHa
H2O_COBYLA_uniform_T3000000_P100000_s0       evals=   30 shots=    2999370  gap_final=   970.19  gap_best=   970.19 mHa
H2O_COBYLA_uniform_T3000000_P100000_s1       evals=   30 shots=    2999370  gap_final=   980.95  gap_best=   980.95 mHa
H2O_COBYLA_uniform_T3000000_P100000_s2       evals=   30 shots=    2999370  gap_final=  1003.42  gap_best=  1003.42 mHa
H2O_COBYLA_uniform_T3000000_P100000_s3       evals=   30 shots=    2999370  gap_final=  1011.65  gap_best=  1011.65 mHa
H2O_COBYLA_uniform_T1000000_P100000_s7       evals=   10 shots=     999790  gap_final=  1025.19  gap_best=  1025.19 mHa
H2O_COBYLA_uniform_T3000000_P100000_s4       evals=   30 shots=    2999370  gap_final=   951.99  gap_best=   951.99 mHa
H2O_LBFGSB_ps_r_weighted_T100000000_P100000_s4 evals= 1000 shots=   99978000  gap_final=     0.62  gap_best=     0.62 mHa
H2O_LBFGSB_ps_r_weighted_T100000000_P100000_s5 evals= 1000 shots=   99978000  gap_final=   430.56  gap_best=   431.77 mHa
H2O_LBFGSB_ps_r_weighted_T100000000_P100000_s7 evals= 1000 shots=   99978000  gap_final=     6.01  gap_best=     6.01 mHa
H2O_COBYLA_uniform_T3000000_P100000_s8       evals=   30 shots=    2999370  gap_final=  1010.02  gap_best=  1010.02 mHa
H2O_COBYLA_uniform_T3000000_P100000_s7       evals=   30 shots=    2999370  gap_final=  1014.93  gap_best=  1014.93 mHa
H2O_LBFGSB_ps_r_weighted_T100000000_P100000_s8 evals= 1000 shots=   99978000  gap_final=  1022.00  gap_best=   430.45 mHa
H2O_LBFGSB_ps_r_exact_T100000000_P100000_s7  evals= 1000 shots=          0  gap_final=  1243.17  gap_best=     0.31 mHa
H2O_COBYLA_uniform_T3000000_P100000_s5       evals=   30 shots=    2999370  gap_final=  1002.02  gap_best=  1002.02 mHa
H2O_LBFGSB_ps_r_exact_T100000000_P100000_s0  evals= 1000 shots=          0  gap_final=  1242.82  gap_best=     0.29 mHa
H2O_LBFGSB_ps_r_neyman_T100000000_P100000_s6 evals= 1000 shots=   99969422  gap_final=     2.98  gap_best=     2.01 mHa
H2O_COBYLA_uniform_T3000000_P100000_s6       evals=   30 shots=    2999370  gap_final=   975.57  gap_best=   975.57 mHa
H2O_LBFGSB_ps_r_exact_T100000000_P100000_s5  evals= 1000 shots=          0  gap_final=   758.16  gap_best=   427.81 mHa
H2O_COBYLA_uniform_T3000000_P100000_s9       evals=   30 shots=    2999370  gap_final=   976.50  gap_best=   976.50 mHa
H2O_COBYLA_uniform_T10000000_P100000_s2      evals=   92 shots=    9198068  gap_final=  1003.42  gap_best=  1003.42 mHa
H2O_COBYLA_uniform_T10000000_P100000_s1      evals=   97 shots=    9697963  gap_final=   980.94  gap_best=   980.95 mHa
H2O_COBYLA_uniform_T10000000_P100000_s3      evals=  100 shots=    9997900  gap_final=   984.70  gap_best=   984.70 mHa
H2O_COBYLA_uniform_T10000000_P100000_s5      evals=   93 shots=    9298047  gap_final=  1004.10  gap_best=  1004.09 mHa
H2O_COBYLA_uniform_T10000000_P100000_s4      evals=   95 shots=    9498005  gap_final=   951.98  gap_best=   951.99 mHa
H2O_COBYLA_uniform_T10000000_P100000_s0      evals=  100 shots=    9997900  gap_final=   971.18  gap_best=   971.18 mHa
H2O_COBYLA_uniform_T30000000_P100000_s1      evals=   97 shots=    9697963  gap_final=   980.94  gap_best=   980.95 mHa
H2O_COBYLA_uniform_T30000000_P100000_s4      evals=   95 shots=    9498005  gap_final=   951.98  gap_best=   951.99 mHa
H2O_LBFGSB_ps_r_neyman_T100000000_P100000_s9 evals= 1000 shots=   99969411  gap_final=     4.38  gap_best=     5.28 mHa
H2O_LBFGSB_ps_r_exact_T100000000_P100000_s8  evals= 1000 shots=          0  gap_final=  1241.13  gap_best=     0.15 mHa
H2O_LBFGSB_ps_r_exact_T100000000_P100000_s9  evals= 1000 shots=          0  gap_final=  1245.18  gap_best=     0.02 mHa
H2O_LBFGSB_ps_r_neyman_T100000000_P100000_s5 evals= 1000 shots=   99969349  gap_final=   428.84  gap_best=   428.84 mHa
H2O_COBYLA_uniform_T10000000_P100000_s6      evals=  100 shots=    9997900  gap_final=   968.44  gap_best=   968.44 mHa
H2O_COBYLA_uniform_T10000000_P100000_s8      evals=   96 shots=    9597984  gap_final=  1008.32  gap_best=  1008.33 mHa
H2O_COBYLA_uniform_T10000000_P100000_s7      evals=   97 shots=    9697963  gap_final=  1014.53  gap_best=  1014.54 mHa
H2O_COBYLA_uniform_T100000000_P100000_s2     evals=   92 shots=    9198068  gap_final=  1003.42  gap_best=  1003.42 mHa
H2O_COBYLA_uniform_T30000000_P100000_s0      evals=  101 shots=   10097879  gap_final=   971.17  gap_best=   971.18 mHa
H2O_COBYLA_uniform_T10000000_P100000_s9      evals=  100 shots=    9997900  gap_final=   952.07  gap_best=   952.07 mHa
H2O_COBYLA_uniform_T100000000_P100000_s3     evals=  121 shots=   12097459  gap_final=   984.70  gap_best=   984.70 mHa
H2O_COBYLA_weighted_T1000000_P100000_s0      evals=   10 shots=     999780  gap_final=   990.87  gap_best=   990.87 mHa
H2O_COBYLA_uniform_T30000000_P100000_s2      evals=   92 shots=    9198068  gap_final=  1003.42  gap_best=  1003.42 mHa
H2O_COBYLA_uniform_T100000000_P100000_s5     evals=   93 shots=    9298047  gap_final=  1004.10  gap_best=  1004.09 mHa
H2O_COBYLA_uniform_T100000000_P100000_s4     evals=   95 shots=    9498005  gap_final=   951.98  gap_best=   951.99 mHa
H2O_COBYLA_uniform_T30000000_P100000_s5      evals=   93 shots=    9298047  gap_final=  1004.10  gap_best=  1004.09 mHa
H2O_COBYLA_uniform_T100000000_P100000_s6     evals=  101 shots=   10097879  gap_final=   968.43  gap_best=   968.44 mHa
H2O_LBFGSB_ps_r_neyman_T100000000_P100000_s7 evals= 1000 shots=   99969295  gap_final=     7.32  gap_best=     7.32 mHa
H2O_COBYLA_uniform_T30000000_P100000_s7      evals=   97 shots=    9697963  gap_final=  1014.53  gap_best=  1014.54 mHa
H2O_COBYLA_uniform_T30000000_P100000_s6      evals=  101 shots=   10097879  gap_final=   968.43  gap_best=   968.44 mHa
H2O_COBYLA_uniform_T30000000_P100000_s3      evals=  121 shots=   12097459  gap_final=   984.70  gap_best=   984.70 mHa
H2O_COBYLA_uniform_T30000000_P100000_s8      evals=   96 shots=    9597984  gap_final=  1008.32  gap_best=  1008.33 mHa
H2O_COBYLA_uniform_T100000000_P100000_s7     evals=   97 shots=    9697963  gap_final=  1014.53  gap_best=  1014.54 mHa
H2O_COBYLA_uniform_T100000000_P100000_s0     evals=  101 shots=   10097879  gap_final=   971.17  gap_best=   971.18 mHa
H2O_COBYLA_uniform_T100000000_P100000_s1     evals=   97 shots=    9697963  gap_final=   980.94  gap_best=   980.95 mHa
H2O_COBYLA_weighted_T1000000_P100000_s1      evals=   10 shots=     999780  gap_final=   998.37  gap_best=   998.37 mHa
H2O_COBYLA_uniform_T30000000_P100000_s9      evals=  109 shots=   10897711  gap_final=   952.07  gap_best=   952.07 mHa
H2O_COBYLA_weighted_T1000000_P100000_s2      evals=   10 shots=     999780  gap_final=  1029.62  gap_best=  1029.62 mHa
H2O_COBYLA_weighted_T1000000_P100000_s6      evals=   10 shots=     999780  gap_final=  1013.50  gap_best=  1013.50 mHa
H2O_COBYLA_weighted_T1000000_P100000_s7      evals=   10 shots=     999780  gap_final=  1023.36  gap_best=  1023.36 mHa
H2O_COBYLA_uniform_T100000000_P100000_s9     evals=  109 shots=   10897711  gap_final=   952.07  gap_best=   952.07 mHa
H2O_COBYLA_weighted_T1000000_P100000_s3      evals=   10 shots=     999780  gap_final=  1016.73  gap_best=  1016.73 mHa
H2O_COBYLA_weighted_T1000000_P100000_s4      evals=   10 shots=     999780  gap_final=   978.39  gap_best=   978.39 mHa
H2O_COBYLA_weighted_T3000000_P100000_s0      evals=   30 shots=    2999340  gap_final=   828.64  gap_best=   828.64 mHa
H2O_COBYLA_weighted_T1000000_P100000_s5      evals=   10 shots=     999780  gap_final=  1035.26  gap_best=  1035.26 mHa
H2O_COBYLA_weighted_T1000000_P100000_s8      evals=   10 shots=     999780  gap_final=  1008.34  gap_best=  1008.34 mHa
H2O_COBYLA_weighted_T3000000_P100000_s5      evals=   30 shots=    2999340  gap_final=  1020.16  gap_best=  1020.16 mHa
H2O_COBYLA_weighted_T1000000_P100000_s9      evals=   10 shots=     999780  gap_final=   981.42  gap_best=   981.42 mHa
H2O_COBYLA_uniform_T100000000_P100000_s8     evals=   96 shots=    9597984  gap_final=  1008.32  gap_best=  1008.33 mHa
H2O_COBYLA_weighted_T3000000_P100000_s7      evals=   30 shots=    2999340  gap_final=  1023.36  gap_best=  1023.36 mHa
H2O_COBYLA_weighted_T3000000_P100000_s1      evals=   30 shots=    2999340  gap_final=   914.91  gap_best=   914.91 mHa
H2O_COBYLA_weighted_T3000000_P100000_s2      evals=   30 shots=    2999340  gap_final=  1022.39  gap_best=  1022.39 mHa
H2O_COBYLA_weighted_T3000000_P100000_s3      evals=   30 shots=    2999340  gap_final=   942.76  gap_best=   942.76 mHa
H2O_LBFGSB_ps_r_neyman_T100000000_P100000_s3 evals= 1000 shots=   99969584  gap_final=     8.84  gap_best=     8.84 mHa
H2O_COBYLA_weighted_T3000000_P100000_s4      evals=   30 shots=    2999340  gap_final=   966.33  gap_best=   966.33 mHa
H2O_COBYLA_weighted_T3000000_P100000_s8      evals=   30 shots=    2999340  gap_final=   985.13  gap_best=   985.13 mHa
H2O_COBYLA_weighted_T3000000_P100000_s6      evals=   30 shots=    2999340  gap_final=   975.76  gap_best=   975.76 mHa
H2O_LBFGSB_ps_r_neyman_T100000000_P100000_s4 evals= 1000 shots=   99969697  gap_final=     1.17  gap_best=     1.17 mHa
H2O_COBYLA_weighted_T3000000_P100000_s9      evals=   30 shots=    2999340  gap_final=   724.70  gap_best=   724.70 mHa
H2O_COBYLA_weighted_T10000000_P100000_s3     evals=  100 shots=    9997800  gap_final=   911.71  gap_best=   911.71 mHa
H2O_COBYLA_weighted_T10000000_P100000_s4     evals=  100 shots=    9997800  gap_final=   970.15  gap_best=   970.15 mHa
H2O_COBYLA_weighted_T10000000_P100000_s7     evals=   88 shots=    8798064  gap_final=  1023.36  gap_best=  1023.36 mHa
H2O_COBYLA_weighted_T10000000_P100000_s6     evals=  100 shots=    9997800  gap_final=   978.23  gap_best=   978.23 mHa
H2O_LBFGSB_ps_r_neyman_T100000000_P100000_s8 evals= 1000 shots=   99969587  gap_final=  1028.52  gap_best=     2.99 mHa
H2O_COBYLA_weighted_T30000000_P100000_s7     evals=   88 shots=    8798064  gap_final=  1023.36  gap_best=  1023.36 mHa
H2O_COBYLA_weighted_T30000000_P100000_s5     evals=  100 shots=    9997800  gap_final=  1020.44  gap_best=  1020.44 mHa
H2O_COBYLA_weighted_T10000000_P100000_s5     evals=  100 shots=    9997800  gap_final=  1020.44  gap_best=  1020.44 mHa
H2O_COBYLA_weighted_T30000000_P100000_s0     evals=  160 shots=   15996480  gap_final=    23.03  gap_best=    23.04 mHa
H2O_COBYLA_weighted_T30000000_P100000_s8     evals=  104 shots=   10397712  gap_final=   988.21  gap_best=   988.20 mHa
H2O_COBYLA_weighted_T10000000_P100000_s2     evals=   94 shots=    9397932  gap_final=  1021.91  gap_best=  1021.92 mHa
H2O_COBYLA_neyman_T1000000_P100000_s0        evals=   10 shots=     999693  gap_final=  1022.82  gap_best=  1022.82 mHa
H2O_COBYLA_weighted_T10000000_P100000_s0     evals=  100 shots=    9997800  gap_final=    22.57  gap_best=    22.57 mHa
H2O_COBYLA_neyman_T1000000_P100000_s1        evals=   10 shots=     999687  gap_final=   980.65  gap_best=   980.65 mHa
H2O_COBYLA_weighted_T10000000_P100000_s1     evals=  100 shots=    9997800  gap_final=   878.93  gap_best=   878.93 mHa
H2O_COBYLA_neyman_T1000000_P100000_s2        evals=   10 shots=     999701  gap_final=  1005.88  gap_best=  1005.88 mHa
H2O_COBYLA_weighted_T10000000_P100000_s8     evals=  100 shots=    9997800  gap_final=   988.20  gap_best=   988.20 mHa
H2O_COBYLA_weighted_T10000000_P100000_s9     evals=  100 shots=    9997800  gap_final=   362.11  gap_best=   362.11 mHa
H2O_COBYLA_weighted_T100000000_P100000_s7    evals=   88 shots=    8798064  gap_final=  1023.36  gap_best=  1023.36 mHa
H2O_COBYLA_weighted_T30000000_P100000_s2     evals=   94 shots=    9397932  gap_final=  1021.91  gap_best=  1021.92 mHa
H2O_COBYLA_neyman_T1000000_P100000_s3        evals=   10 shots=     999685  gap_final=  1009.31  gap_best=  1009.31 mHa
H2O_COBYLA_neyman_T1000000_P100000_s5        evals=   10 shots=     999700  gap_final=  1008.67  gap_best=  1008.67 mHa
H2O_COBYLA_weighted_T30000000_P100000_s6     evals=  112 shots=   11197536  gap_final=   978.23  gap_best=   978.23 mHa
H2O_COBYLA_neyman_T1000000_P100000_s7        evals=   10 shots=     999701  gap_final=   998.35  gap_best=   998.35 mHa
H2O_COBYLA_weighted_T30000000_P100000_s4     evals=  103 shots=   10297734  gap_final=   970.14  gap_best=   970.15 mHa
H2O_COBYLA_weighted_T30000000_P100000_s1     evals=  117 shots=   11697426  gap_final=   878.91  gap_best=   878.93 mHa
H2O_COBYLA_neyman_T1000000_P100000_s8        evals=   10 shots=     999709  gap_final=  1008.34  gap_best=  1008.34 mHa
H2O_COBYLA_weighted_T30000000_P100000_s3     evals=  123 shots=   12297294  gap_final=   911.71  gap_best=   911.71 mHa
H2O_COBYLA_weighted_T100000000_P100000_s9    evals=  143 shots=   14296854  gap_final=   362.07  gap_best=   362.09 mHa
H2O_COBYLA_neyman_T1000000_P100000_s4        evals=   10 shots=     999699  gap_final=   978.39  gap_best=   978.39 mHa
H2O_COBYLA_neyman_T3000000_P100000_s1        evals=   30 shots=    2999071  gap_final=   863.85  gap_best=   863.85 mHa
H2O_COBYLA_weighted_T100000000_P100000_s6    evals=  112 shots=   11197536  gap_final=   978.23  gap_best=   978.23 mHa
H2O_COBYLA_neyman_T1000000_P100000_s6        evals=   10 shots=     999688  gap_final=   992.08  gap_best=   992.08 mHa
H2O_COBYLA_neyman_T3000000_P100000_s4        evals=   30 shots=    2999095  gap_final=   963.13  gap_best=   963.13 mHa
H2O_COBYLA_weighted_T100000000_P100000_s2    evals=   94 shots=    9397932  gap_final=  1021.91  gap_best=  1021.92 mHa
H2O_COBYLA_neyman_T1000000_P100000_s9        evals=   10 shots=     999693  gap_final=   995.34  gap_best=   995.34 mHa
H2O_COBYLA_weighted_T30000000_P100000_s9     evals=  143 shots=   14296854  gap_final=   362.07  gap_best=   362.09 mHa
H2O_COBYLA_weighted_T100000000_P100000_s4    evals=  103 shots=   10297734  gap_final=   970.14  gap_best=   970.15 mHa
H2O_COBYLA_neyman_T3000000_P100000_s6        evals=   30 shots=    2999073  gap_final=   876.93  gap_best=   876.93 mHa
H2O_COBYLA_weighted_T100000000_P100000_s5    evals=  100 shots=    9997800  gap_final=  1020.44  gap_best=  1020.44 mHa
H2O_COBYLA_neyman_T3000000_P100000_s7        evals=   30 shots=    2999060  gap_final=   976.07  gap_best=   976.07 mHa
H2O_COBYLA_neyman_T3000000_P100000_s5        evals=   30 shots=    2999091  gap_final=   987.34  gap_best=   987.34 mHa
H2O_COBYLA_neyman_T3000000_P100000_s0        evals=   30 shots=    2999099  gap_final=   983.02  gap_best=   983.02 mHa
H2O_COBYLA_weighted_T100000000_P100000_s1    evals=  117 shots=   11697426  gap_final=   878.91  gap_best=   878.93 mHa
H2O_COBYLA_weighted_T100000000_P100000_s3    evals=  123 shots=   12297294  gap_final=   911.71  gap_best=   911.71 mHa
H2O_COBYLA_neyman_T3000000_P100000_s2        evals=   30 shots=    2999101  gap_final=   958.60  gap_best=   958.60 mHa
H2O_COBYLA_weighted_T100000000_P100000_s8    evals=  104 shots=   10397712  gap_final=   988.21  gap_best=   988.20 mHa
H2O_COBYLA_neyman_T3000000_P100000_s3        evals=   30 shots=    2999079  gap_final=   803.35  gap_best=   803.35 mHa
H2O_COBYLA_neyman_T3000000_P100000_s8        evals=   30 shots=    2999093  gap_final=   906.37  gap_best=   906.37 mHa
H2O_COBYLA_weighted_T100000000_P100000_s0    evals=  160 shots=   15996480  gap_final=    23.03  gap_best=    23.04 mHa
H2O_COBYLA_neyman_T3000000_P100000_s9        evals=   30 shots=    2999082  gap_final=   995.34  gap_best=   995.34 mHa
H2O_COBYLA_neyman_T10000000_P100000_s0       evals=  100 shots=    9996926  gap_final=   944.48  gap_best=   944.48 mHa
H2O_COBYLA_neyman_T10000000_P100000_s2       evals=  100 shots=    9996969  gap_final=   960.91  gap_best=   960.91 mHa
H2O_COBYLA_neyman_T10000000_P100000_s3       evals=  100 shots=    9996923  gap_final=    41.16  gap_best=    41.16 mHa
H2O_COBYLA_neyman_T10000000_P100000_s6       evals=  100 shots=    9996919  gap_final=    33.08  gap_best=    33.08 mHa
H2O_COBYLA_neyman_T10000000_P100000_s1       evals=  100 shots=    9996952  gap_final=    13.89  gap_best=    13.89 mHa
H2O_COBYLA_neyman_T30000000_P100000_s5       evals=  102 shots=   10196935  gap_final=   987.42  gap_best=   987.43 mHa
H2O_COBYLA_neyman_T100000000_P100000_s2      evals=  102 shots=   10196913  gap_final=   960.90  gap_best=   960.91 mHa
H2O_COBYLA_exact_T1000000_P100000_s2         evals=   10 shots=          0  gap_final=  1005.88  gap_best=  1005.88 mHa
H2O_COBYLA_exact_T1000000_P100000_s3         evals=   10 shots=          0  gap_final=  1003.18  gap_best=  1003.18 mHa
H2O_COBYLA_neyman_T100000000_P100000_s7      evals=  100 shots=    9996887  gap_final=   976.49  gap_best=   976.49 mHa
H2O_COBYLA_neyman_T10000000_P100000_s4       evals=  100 shots=    9997062  gap_final=   966.62  gap_best=   966.62 mHa
H2O_COBYLA_neyman_T30000000_P100000_s6       evals=  155 shots=   15495215  gap_final=    33.07  gap_best=    33.08 mHa
H2O_COBYLA_neyman_T100000000_P100000_s5      evals=  102 shots=   10196935  gap_final=   987.42  gap_best=   987.43 mHa
H2O_COBYLA_neyman_T10000000_P100000_s5       evals=  100 shots=    9996992  gap_final=   987.43  gap_best=   987.43 mHa
H2O_COBYLA_exact_T1000000_P100000_s0         evals=   10 shots=          0  gap_final=   990.87  gap_best=   990.87 mHa
H2O_COBYLA_exact_T1000000_P100000_s1         evals=   10 shots=          0  gap_final=   998.37  gap_best=   998.37 mHa
H2O_COBYLA_neyman_T10000000_P100000_s9       evals=   90 shots=    8997249  gap_final=   995.34  gap_best=   995.34 mHa
H2O_COBYLA_neyman_T100000000_P100000_s1      evals=  150 shots=   14995448  gap_final=    13.90  gap_best=    13.90 mHa
H2O_COBYLA_neyman_T10000000_P100000_s7       evals=  100 shots=    9996887  gap_final=   976.49  gap_best=   976.49 mHa
H2O_COBYLA_neyman_T10000000_P100000_s8       evals=  100 shots=    9996829  gap_final=   890.00  gap_best=   890.00 mHa
H2O_COBYLA_exact_T1000000_P100000_s4         evals=   10 shots=          0  gap_final=   978.39  gap_best=   978.39 mHa
H2O_COBYLA_neyman_T30000000_P100000_s2       evals=  102 shots=   10196913  gap_final=   960.90  gap_best=   960.91 mHa
H2O_COBYLA_exact_T1000000_P100000_s5         evals=   10 shots=          0  gap_final=  1008.91  gap_best=  1008.91 mHa
H2O_COBYLA_neyman_T30000000_P100000_s0       evals=  115 shots=   11496456  gap_final=   944.49  gap_best=   944.48 mHa
H2O_COBYLA_neyman_T30000000_P100000_s9       evals=   90 shots=    8997249  gap_final=   995.34  gap_best=   995.34 mHa
H2O_COBYLA_exact_T1000000_P100000_s6         evals=   10 shots=          0  gap_final=   992.08  gap_best=   992.08 mHa
H2O_COBYLA_neyman_T30000000_P100000_s7       evals=  100 shots=    9996887  gap_final=   976.49  gap_best=   976.49 mHa
H2O_COBYLA_neyman_T100000000_P100000_s6      evals=  155 shots=   15495215  gap_final=    33.07  gap_best=    33.08 mHa
H2O_COBYLA_exact_T1000000_P100000_s7         evals=   10 shots=          0  gap_final=   998.35  gap_best=   998.35 mHa
H2O_COBYLA_neyman_T30000000_P100000_s4       evals=  105 shots=   10496906  gap_final=   966.62  gap_best=   966.62 mHa
H2O_COBYLA_exact_T1000000_P100000_s8         evals=   10 shots=          0  gap_final=  1008.34  gap_best=  1008.34 mHa
H2O_COBYLA_neyman_T30000000_P100000_s8       evals=  108 shots=   10796572  gap_final=   890.02  gap_best=   890.00 mHa
H2O_COBYLA_exact_T1000000_P100000_s9         evals=   10 shots=          0  gap_final=   981.42  gap_best=   981.42 mHa
H2O_COBYLA_neyman_T100000000_P100000_s0      evals=  115 shots=   11496456  gap_final=   944.49  gap_best=   944.48 mHa
H2O_COBYLA_exact_T3000000_P100000_s0         evals=   30 shots=          0  gap_final=   659.40  gap_best=   659.40 mHa
H2O_COBYLA_neyman_T30000000_P100000_s1       evals=  150 shots=   14995448  gap_final=    13.90  gap_best=    13.90 mHa
H2O_COBYLA_neyman_T100000000_P100000_s4      evals=  105 shots=   10496906  gap_final=   966.62  gap_best=   966.62 mHa
H2O_COBYLA_neyman_T100000000_P100000_s8      evals=  108 shots=   10796572  gap_final=   890.02  gap_best=   890.00 mHa
H2O_COBYLA_neyman_T30000000_P100000_s3       evals=  181 shots=   18094437  gap_final=    17.29  gap_best=    17.30 mHa
H2O_COBYLA_exact_T10000000_P100000_s0        evals=  100 shots=          0  gap_final=     5.44  gap_best=     5.44 mHa
H2O_COBYLA_neyman_T100000000_P100000_s9      evals=   90 shots=    8997249  gap_final=   995.34  gap_best=   995.34 mHa
H2O_COBYLA_exact_T3000000_P100000_s1         evals=   30 shots=          0  gap_final=   855.71  gap_best=   855.71 mHa
H2O_COBYLA_exact_T3000000_P100000_s3         evals=   30 shots=          0  gap_final=   818.49  gap_best=   818.49 mHa
H2O_COBYLA_exact_T3000000_P100000_s2         evals=   30 shots=          0  gap_final=   930.87  gap_best=   930.87 mHa
H2O_COBYLA_exact_T3000000_P100000_s4         evals=   30 shots=          0  gap_final=   808.20  gap_best=   808.20 mHa
H2O_COBYLA_exact_T3000000_P100000_s5         evals=   30 shots=          0  gap_final=   784.86  gap_best=   784.86 mHa
H2O_COBYLA_exact_T10000000_P100000_s2        evals=  100 shots=          0  gap_final=    52.56  gap_best=    52.56 mHa
H2O_COBYLA_exact_T3000000_P100000_s6         evals=   30 shots=          0  gap_final=   783.21  gap_best=   783.21 mHa
H2O_COBYLA_exact_T3000000_P100000_s7         evals=   30 shots=          0  gap_final=   841.80  gap_best=   841.80 mHa
H2O_COBYLA_exact_T3000000_P100000_s8         evals=   30 shots=          0  gap_final=   799.11  gap_best=   799.11 mHa
H2O_COBYLA_exact_T3000000_P100000_s9         evals=   30 shots=          0  gap_final=   747.63  gap_best=   747.63 mHa
H2O_COBYLA_exact_T10000000_P100000_s4        evals=  100 shots=          0  gap_final=     6.58  gap_best=     6.58 mHa
H2O_COBYLA_neyman_T100000000_P100000_s3      evals=  181 shots=   18094437  gap_final=    17.29  gap_best=    17.30 mHa
H2O_COBYLA_exact_T10000000_P100000_s1        evals=  100 shots=          0  gap_final=    24.75  gap_best=    24.75 mHa
H2O_COBYLA_exact_T10000000_P100000_s3        evals=  100 shots=          0  gap_final=    45.40  gap_best=    45.40 mHa
H2O_COBYLA_exact_T30000000_P100000_s0        evals=  276 shots=          0  gap_final=     0.39  gap_best=     0.39 mHa
H2O_COBYLA_exact_T10000000_P100000_s6        evals=  100 shots=          0  gap_final=     8.41  gap_best=     8.41 mHa
H2O_COBYLA_exact_T10000000_P100000_s5        evals=  100 shots=          0  gap_final=     8.39  gap_best=     8.39 mHa
H2O_COBYLA_exact_T30000000_P100000_s1        evals=  300 shots=          0  gap_final=     0.77  gap_best=     0.77 mHa
H2O_COBYLA_exact_T10000000_P100000_s7        evals=  100 shots=          0  gap_final=    12.19  gap_best=    12.19 mHa
H2O_COBYLA_exact_T10000000_P100000_s8        evals=  100 shots=          0  gap_final=     9.64  gap_best=     9.64 mHa
H2O_COBYLA_exact_T10000000_P100000_s9        evals=  100 shots=          0  gap_final=    26.51  gap_best=    26.51 mHa
H2O_COBYLA_exact_T30000000_P100000_s2        evals=  300 shots=          0  gap_final=     0.41  gap_best=     0.41 mHa
H2O_COBYLA_exact_T30000000_P100000_s4        evals=  300 shots=          0  gap_final=     0.40  gap_best=     0.40 mHa
H2O_COBYLA_exact_T30000000_P100000_s3        evals=  300 shots=          0  gap_final=     0.87  gap_best=     0.87 mHa
H2O_LBFGSB_ps_uniform_T1000000_P100000_s1    evals=   10 shots=     999790  gap_final=  1222.93  gap_best=   753.09 mHa
H2O_LBFGSB_ps_uniform_T1000000_P100000_s2    evals=   10 shots=     999790  gap_final=  1232.09  gap_best=   739.08 mHa
H2O_LBFGSB_ps_uniform_T1000000_P100000_s3    evals=   10 shots=     999790  gap_final=  1216.30  gap_best=   783.63 mHa
H2O_LBFGSB_ps_uniform_T1000000_P100000_s0    evals=   10 shots=     999790  gap_final=  1234.73  gap_best=   762.77 mHa
H2O_LBFGSB_ps_uniform_T1000000_P100000_s7    evals=   10 shots=     999790  gap_final=  1218.30  gap_best=   746.37 mHa
H2O_COBYLA_exact_T30000000_P100000_s5        evals=  300 shots=          0  gap_final=     0.40  gap_best=     0.40 mHa
H2O_LBFGSB_ps_uniform_T1000000_P100000_s8    evals=   10 shots=     999790  gap_final=  1241.00  gap_best=   745.96 mHa
H2O_COBYLA_exact_T100000000_P100000_s8       evals=  445 shots=          0  gap_final=     0.40  gap_best=     0.40 mHa
H2O_COBYLA_exact_T30000000_P100000_s6        evals=  300 shots=          0  gap_final=     0.39  gap_best=     0.39 mHa
H2O_LBFGSB_ps_uniform_T1000000_P100000_s4    evals=   10 shots=     999790  gap_final=  1243.64  gap_best=   787.60 mHa
H2O_LBFGSB_ps_uniform_T3000000_P100000_s1    evals=   30 shots=    2999370  gap_final=  1686.89  gap_best=   502.91 mHa
H2O_LBFGSB_ps_uniform_T3000000_P100000_s2    evals=   30 shots=    2999370  gap_final=  1589.68  gap_best=   514.68 mHa
H2O_LBFGSB_ps_uniform_T1000000_P100000_s5    evals=   10 shots=     999790  gap_final=  1213.43  gap_best=   736.53 mHa
H2O_LBFGSB_ps_uniform_T3000000_P100000_s0    evals=   30 shots=    2999370  gap_final=  1527.42  gap_best=   561.29 mHa
H2O_COBYLA_exact_T30000000_P100000_s9        evals=  300 shots=          0  gap_final=     0.38  gap_best=     0.38 mHa
H2O_COBYLA_exact_T30000000_P100000_s7        evals=  300 shots=          0  gap_final=     0.30  gap_best=     0.30 mHa
H2O_COBYLA_exact_T100000000_P100000_s0       evals=  276 shots=          0  gap_final=     0.39  gap_best=     0.39 mHa
H2O_COBYLA_exact_T30000000_P100000_s8        evals=  300 shots=          0  gap_final=     0.41  gap_best=     0.41 mHa
H2O_LBFGSB_ps_uniform_T1000000_P100000_s6    evals=   10 shots=     999790  gap_final=  1251.56  gap_best=   754.26 mHa
H2O_LBFGSB_ps_uniform_T1000000_P100000_s9    evals=   10 shots=     999790  gap_final=  1226.89  gap_best=   736.86 mHa
H2O_LBFGSB_ps_uniform_T3000000_P100000_s5    evals=   30 shots=    2999370  gap_final=  1598.71  gap_best=   539.33 mHa
H2O_COBYLA_exact_T100000000_P100000_s9       evals=  421 shots=          0  gap_final=     0.38  gap_best=     0.38 mHa
H2O_LBFGSB_ps_uniform_T3000000_P100000_s6    evals=   30 shots=    2999370  gap_final=  1503.16  gap_best=   508.21 mHa
H2O_COBYLA_exact_T100000000_P100000_s2       evals=  401 shots=          0  gap_final=     0.40  gap_best=     0.40 mHa
H2O_LBFGSB_ps_uniform_T3000000_P100000_s3    evals=   30 shots=    2999370  gap_final=  1686.51  gap_best=   535.67 mHa
H2O_COBYLA_exact_T100000000_P100000_s4       evals=  379 shots=          0  gap_final=     0.40  gap_best=     0.40 mHa
H2O_COBYLA_exact_T100000000_P100000_s6       evals=  381 shots=          0  gap_final=     0.39  gap_best=     0.39 mHa
H2O_COBYLA_exact_T100000000_P100000_s5       evals=  384 shots=          0  gap_final=     0.40  gap_best=     0.40 mHa
H2O_LBFGSB_ps_uniform_T3000000_P100000_s4    evals=   30 shots=    2999370  gap_final=  1652.86  gap_best=   492.06 mHa
H2O_COBYLA_exact_T100000000_P100000_s3       evals= 1000 shots=          0  gap_final=     0.46  gap_best=     0.46 mHa
H2O_LBFGSB_ps_uniform_T3000000_P100000_s9    evals=   30 shots=    2999370  gap_final=  1604.93  gap_best=   489.69 mHa
H2O_LBFGSB_ps_uniform_T3000000_P100000_s7    evals=   30 shots=    2999370  gap_final=  1643.00  gap_best=   511.14 mHa
H2O_COBYLA_exact_T100000000_P100000_s7       evals=  547 shots=          0  gap_final=     0.28  gap_best=     0.28 mHa
H2O_LBFGSB_ps_uniform_T3000000_P100000_s8    evals=   30 shots=    2999370  gap_final=  1760.57  gap_best=   535.21 mHa
H2O_COBYLA_exact_T100000000_P100000_s1       evals=  892 shots=          0  gap_final=     0.40  gap_best=     0.40 mHa
H2O_LBFGSB_ps_uniform_T10000000_P100000_s3   evals=  100 shots=    9997900  gap_final=  1157.46  gap_best=   494.17 mHa
H2O_LBFGSB_ps_uniform_T10000000_P100000_s4   evals=  100 shots=    9997900  gap_final=  1145.69  gap_best=   411.88 mHa
H2O_LBFGSB_ps_uniform_T10000000_P100000_s2   evals=  100 shots=    9997900  gap_final=  1133.03  gap_best=   509.30 mHa
H2O_LBFGSB_ps_uniform_T10000000_P100000_s0   evals=  100 shots=    9997900  gap_final=  1170.69  gap_best=   502.53 mHa
H2O_LBFGSB_ps_weighted_T1000000_P100000_s0   evals=   10 shots=     999780  gap_final=  1234.73  gap_best=   762.77 mHa
H2O_LBFGSB_ps_uniform_T10000000_P100000_s1   evals=  100 shots=    9997900  gap_final=  1182.60  gap_best=   402.01 mHa
H2O_LBFGSB_ps_weighted_T1000000_P100000_s1   evals=   10 shots=     999780  gap_final=  1222.93  gap_best=   753.09 mHa
H2O_LBFGSB_ps_uniform_T10000000_P100000_s9   evals=  100 shots=    9997900  gap_final=  1800.27  gap_best=   357.09 mHa
H2O_LBFGSB_ps_uniform_T10000000_P100000_s5   evals=  100 shots=    9997900  gap_final=  1132.51  gap_best=   494.00 mHa
H2O_LBFGSB_ps_uniform_T10000000_P100000_s6   evals=  100 shots=    9997900  gap_final=  1188.67  gap_best=   451.87 mHa
H2O_LBFGSB_ps_uniform_T10000000_P100000_s7   evals=  100 shots=    9997900  gap_final=  1165.64  gap_best=   446.53 mHa
H2O_LBFGSB_ps_uniform_T10000000_P100000_s8   evals=  100 shots=    9997900  gap_final=  1116.28  gap_best=   334.44 mHa
H2O_LBFGSB_ps_uniform_T30000000_P100000_s5   evals=  225 shots=   22495275  gap_final=  1011.44  gap_best=   516.66 mHa
H2O_LBFGSB_ps_uniform_T30000000_P100000_s6   evals=  250 shots=   24994750  gap_final=  1040.55  gap_best=   451.87 mHa
H2O_LBFGSB_ps_weighted_T1000000_P100000_s5   evals=   10 shots=     999780  gap_final=  1213.43  gap_best=   736.53 mHa
H2O_LBFGSB_ps_uniform_T100000000_P100000_s5  evals=  225 shots=   22495275  gap_final=  1011.44  gap_best=   516.66 mHa
H2O_LBFGSB_ps_uniform_T30000000_P100000_s7   evals=  300 shots=   29993700  gap_final=  1550.14  gap_best=   147.89 mHa
H2O_LBFGSB_ps_weighted_T1000000_P100000_s2   evals=   10 shots=     999780  gap_final=  1232.09  gap_best=   739.08 mHa
H2O_LBFGSB_ps_weighted_T1000000_P100000_s6   evals=   10 shots=     999780  gap_final=  1251.56  gap_best=   754.26 mHa
H2O_LBFGSB_ps_weighted_T1000000_P100000_s3   evals=   10 shots=     999780  gap_final=  1216.30  gap_best=   732.28 mHa
H2O_LBFGSB_ps_weighted_T1000000_P100000_s4   evals=   10 shots=     999780  gap_final=  1243.64  gap_best=   723.60 mHa
H2O_LBFGSB_ps_weighted_T3000000_P100000_s1   evals=   30 shots=    2999340  gap_final=  1652.66  gap_best=   502.91 mHa
H2O_LBFGSB_ps_weighted_T1000000_P100000_s7   evals=   10 shots=     999780  gap_final=  1218.30  gap_best=   746.37 mHa
H2O_LBFGSB_ps_weighted_T3000000_P100000_s2   evals=   30 shots=    2999340  gap_final=  1455.39  gap_best=   514.68 mHa
H2O_LBFGSB_ps_weighted_T1000000_P100000_s9   evals=   10 shots=     999780  gap_final=  1226.89  gap_best=   736.86 mHa
H2O_LBFGSB_ps_weighted_T1000000_P100000_s8   evals=   10 shots=     999780  gap_final=  1241.00  gap_best=   745.96 mHa
H2O_LBFGSB_ps_weighted_T3000000_P100000_s3   evals=   30 shots=    2999340  gap_final=  1625.72  gap_best=   535.67 mHa
H2O_LBFGSB_ps_weighted_T3000000_P100000_s0   evals=   30 shots=    2999340  gap_final=  1558.88  gap_best=   561.29 mHa
H2O_LBFGSB_ps_weighted_T3000000_P100000_s4   evals=   30 shots=    2999340  gap_final=  1687.97  gap_best=   492.06 mHa
H2O_LBFGSB_ps_weighted_T3000000_P100000_s5   evals=   30 shots=    2999340  gap_final=  1662.09  gap_best=   544.73 mHa
H2O_LBFGSB_ps_uniform_T30000000_P100000_s0   evals=  300 shots=   29993700  gap_final=  1374.81  gap_best=   408.69 mHa
H2O_LBFGSB_ps_weighted_T3000000_P100000_s6   evals=   30 shots=    2999340  gap_final=  1641.70  gap_best=   508.21 mHa
H2O_LBFGSB_ps_uniform_T30000000_P100000_s1   evals=  250 shots=   24994750  gap_final=  1039.14  gap_best=   402.01 mHa
H2O_LBFGSB_ps_weighted_T3000000_P100000_s8   evals=   30 shots=    2999340  gap_final=  1781.29  gap_best=   545.76 mHa
H2O_LBFGSB_ps_weighted_T3000000_P100000_s7   evals=   30 shots=    2999340  gap_final=  1549.85  gap_best=   511.14 mHa
H2O_LBFGSB_ps_weighted_T3000000_P100000_s9   evals=   30 shots=    2999340  gap_final=  1565.73  gap_best=   489.69 mHa
H2O_LBFGSB_ps_uniform_T30000000_P100000_s2   evals=  300 shots=   29993700  gap_final=  1133.03  gap_best=   521.10 mHa
H2O_LBFGSB_ps_weighted_T10000000_P100000_s3  evals=  100 shots=    9997800  gap_final=  1145.90  gap_best=   499.27 mHa
H2O_LBFGSB_ps_uniform_T100000000_P100000_s1  evals=  250 shots=   24994750  gap_final=  1039.14  gap_best=   402.01 mHa
H2O_LBFGSB_ps_uniform_T30000000_P100000_s3   evals=  300 shots=   29993700  gap_final=  1122.93  gap_best=   468.09 mHa
H2O_LBFGSB_ps_uniform_T100000000_P100000_s6  evals=  250 shots=   24994750  gap_final=  1040.55  gap_best=   451.87 mHa
H2O_LBFGSB_ps_weighted_T10000000_P100000_s4  evals=  100 shots=    9997800  gap_final=  1127.10  gap_best=   459.33 mHa
H2O_LBFGSB_ps_weighted_T10000000_P100000_s6  evals=  100 shots=    9997800  gap_final=  1162.29  gap_best=   429.79 mHa
H2O_LBFGSB_ps_uniform_T30000000_P100000_s4   evals=  300 shots=   29993700  gap_final=   783.51  gap_best=   317.58 mHa
H2O_LBFGSB_ps_weighted_T10000000_P100000_s5  evals=  100 shots=    9997800  gap_final=  1153.86  gap_best=   550.89 mHa
H2O_LBFGSB_ps_uniform_T30000000_P100000_s8   evals=  300 shots=   29993700  gap_final=  1125.90  gap_best=   169.22 mHa
H2O_LBFGSB_ps_uniform_T30000000_P100000_s9   evals=  300 shots=   29993700  gap_final=  1269.39  gap_best=    29.85 mHa
H2O_LBFGSB_ps_weighted_T10000000_P100000_s9  evals=  100 shots=    9997800  gap_final=  1607.21  gap_best=   386.96 mHa
H2O_LBFGSB_ps_weighted_T10000000_P100000_s0  evals=  100 shots=    9997800  gap_final=  1184.60  gap_best=   524.08 mHa
H2O_LBFGSB_ps_weighted_T10000000_P100000_s1  evals=  100 shots=    9997800  gap_final=  1172.42  gap_best=   414.35 mHa
H2O_LBFGSB_ps_weighted_T10000000_P100000_s2  evals=  100 shots=    9997800  gap_final=  1157.32  gap_best=   512.13 mHa
H2O_LBFGSB_ps_uniform_T100000000_P100000_s2  evals=  350 shots=   34992650  gap_final=  1023.42  gap_best=   521.10 mHa
H2O_LBFGSB_ps_uniform_T100000000_P100000_s4  evals=  650 shots=   64986350  gap_final=     7.24  gap_best=     7.24 mHa
H2O_LBFGSB_ps_weighted_T10000000_P100000_s7  evals=  100 shots=    9997800  gap_final=  1168.02  gap_best=   454.45 mHa
H2O_LBFGSB_ps_weighted_T10000000_P100000_s8  evals=  100 shots=    9997800  gap_final=  1137.27  gap_best=   532.70 mHa
H2O_LBFGSB_ps_neyman_T1000000_P100000_s2     evals=   10 shots=     999679  gap_final=  1232.09  gap_best=   739.08 mHa
H2O_LBFGSB_ps_neyman_T1000000_P100000_s0     evals=   10 shots=     999679  gap_final=  1234.73  gap_best=   746.17 mHa
H2O_LBFGSB_ps_neyman_T1000000_P100000_s1     evals=   10 shots=     999693  gap_final=  1222.93  gap_best=   753.09 mHa
H2O_LBFGSB_ps_neyman_T1000000_P100000_s4     evals=   10 shots=     999687  gap_final=  1243.64  gap_best=   723.60 mHa
H2O_LBFGSB_ps_neyman_T1000000_P100000_s3     evals=   10 shots=     999688  gap_final=  1216.30  gap_best=   732.28 mHa
H2O_LBFGSB_ps_neyman_T1000000_P100000_s5     evals=   10 shots=     999689  gap_final=  1213.43  gap_best=   736.53 mHa
H2O_LBFGSB_ps_neyman_T1000000_P100000_s8     evals=   10 shots=     999695  gap_final=  1241.00  gap_best=   745.96 mHa
H2O_LBFGSB_ps_weighted_T30000000_P100000_s6  evals=  300 shots=   29993400  gap_final=  1217.24  gap_best=   266.40 mHa
H2O_LBFGSB_ps_neyman_T1000000_P100000_s7     evals=   10 shots=     999691  gap_final=  1218.30  gap_best=   746.37 mHa
H2O_LBFGSB_ps_weighted_T30000000_P100000_s7  evals=  300 shots=   29993400  gap_final=  1084.37  gap_best=   401.27 mHa
H2O_LBFGSB_ps_uniform_T100000000_P100000_s9  evals=  775 shots=   77483725  gap_final=     1.62  gap_best=     1.62 mHa
H2O_LBFGSB_ps_neyman_T1000000_P100000_s6     evals=   10 shots=     999692  gap_final=  1251.56  gap_best=   754.26 mHa
H2O_LBFGSB_ps_neyman_T3000000_P100000_s0     evals=   30 shots=    2999078  gap_final=  1606.61  gap_best=   561.29 mHa
H2O_LBFGSB_ps_uniform_T100000000_P100000_s7  evals=  950 shots=   94980050  gap_final=     1.19  gap_best=     1.19 mHa
H2O_LBFGSB_ps_uniform_T100000000_P100000_s0  evals=  600 shots=   59987400  gap_final=    12.49  gap_best=    12.49 mHa
H2O_LBFGSB_ps_neyman_T1000000_P100000_s9     evals=   10 shots=     999681  gap_final=  1226.89  gap_best=   736.86 mHa
H2O_LBFGSB_ps_neyman_T3000000_P100000_s1     evals=   30 shots=    2999066  gap_final=  1675.10  gap_best=   502.91 mHa
H2O_LBFGSB_ps_neyman_T3000000_P100000_s2     evals=   30 shots=    2999079  gap_final=  1494.42  gap_best=   514.68 mHa
H2O_LBFGSB_ps_neyman_T3000000_P100000_s3     evals=   30 shots=    2999077  gap_final=  1625.09  gap_best=   535.67 mHa
H2O_LBFGSB_ps_weighted_T30000000_P100000_s5  evals=  300 shots=   29993400  gap_final=  1055.67  gap_best=   550.89 mHa
H2O_LBFGSB_ps_neyman_T3000000_P100000_s4     evals=   30 shots=    2999071  gap_final=  1606.05  gap_best=   492.06 mHa
H2O_LBFGSB_ps_neyman_T3000000_P100000_s5     evals=   30 shots=    2999090  gap_final=  1649.75  gap_best=   539.33 mHa
H2O_LBFGSB_ps_weighted_T30000000_P100000_s0  evals=  300 shots=   29993400  gap_final=  1390.21  gap_best=   385.83 mHa
H2O_LBFGSB_ps_weighted_T30000000_P100000_s1  evals=  300 shots=   29993400  gap_final=  1050.64  gap_best=   245.58 mHa
H2O_LBFGSB_ps_uniform_T100000000_P100000_s8  evals=  900 shots=   89981100  gap_final=     4.58  gap_best=     4.58 mHa
H2O_LBFGSB_ps_neyman_T3000000_P100000_s6     evals=   30 shots=    2999070  gap_final=  1609.80  gap_best=   508.21 mHa
H2O_LBFGSB_ps_weighted_T30000000_P100000_s3  evals=  300 shots=   29993400  gap_final=  1140.75  gap_best=   499.27 mHa
H2O_LBFGSB_ps_neyman_T3000000_P100000_s8     evals=   30 shots=    2999071  gap_final=  1806.22  gap_best=   535.21 mHa
H2O_LBFGSB_ps_weighted_T30000000_P100000_s2  evals=  300 shots=   29993400  gap_final=  1415.60  gap_best=   501.61 mHa
H2O_LBFGSB_ps_weighted_T30000000_P100000_s4  evals=  300 shots=   29993400  gap_final=  1279.02  gap_best=   401.44 mHa
H2O_LBFGSB_ps_weighted_T30000000_P100000_s8  evals=  275 shots=   27493950  gap_final=  1022.00  gap_best=   532.70 mHa
H2O_LBFGSB_ps_weighted_T100000000_P100000_s9 evals=  450 shots=   44990100  gap_final=     7.21  gap_best=     7.21 mHa
H2O_LBFGSB_ps_neyman_T3000000_P100000_s7     evals=   30 shots=    2999076  gap_final=  1631.70  gap_best=   511.14 mHa
H2O_LBFGSB_ps_neyman_T3000000_P100000_s9     evals=   30 shots=    2999053  gap_final=  1544.84  gap_best=   489.69 mHa
H2O_LBFGSB_ps_weighted_T30000000_P100000_s9  evals=  300 shots=   29993400  gap_final=  1251.57  gap_best=     7.21 mHa
H2O_LBFGSB_ps_neyman_T10000000_P100000_s2    evals=  100 shots=    9996925  gap_final=  1141.72  gap_best=   487.68 mHa
H2O_LBFGSB_ps_neyman_T10000000_P100000_s1    evals=  100 shots=    9996943  gap_final=  1164.16  gap_best=   416.79 mHa
H2O_LBFGSB_ps_neyman_T10000000_P100000_s3    evals=  100 shots=    9996927  gap_final=  1161.50  gap_best=   505.83 mHa
H2O_LBFGSB_ps_neyman_T10000000_P100000_s4    evals=  100 shots=    9996915  gap_final=  1110.45  gap_best=   448.82 mHa
H2O_LBFGSB_ps_weighted_T100000000_P100000_s8 evals=  275 shots=   27493950  gap_final=  1022.00  gap_best=   532.70 mHa
H2O_LBFGSB_ps_neyman_T10000000_P100000_s8    evals=  100 shots=    9996910  gap_final=  1143.45  gap_best=   521.09 mHa
H2O_LBFGSB_ps_neyman_T10000000_P100000_s9    evals=  100 shots=    9996909  gap_final=  1262.46  gap_best=   402.02 mHa
H2O_LBFGSB_ps_weighted_T100000000_P100000_s7 evals=  575 shots=   57487350  gap_final=     6.76  gap_best=     6.76 mHa
H2O_LBFGSB_ps_neyman_T10000000_P100000_s0    evals=  100 shots=    9996950  gap_final=  1183.05  gap_best=   527.61 mHa
H2O_LBFGSB_ps_neyman_T10000000_P100000_s5    evals=  100 shots=    9996914  gap_final=  1137.14  gap_best=   548.25 mHa
H2O_LBFGSB_ps_neyman_T10000000_P100000_s6    evals=  100 shots=    9996926  gap_final=  1160.69  gap_best=   421.09 mHa
H2O_LBFGSB_ps_neyman_T10000000_P100000_s7    evals=  100 shots=    9996973  gap_final=  1156.46  gap_best=   456.04 mHa
H2O_LBFGSB_ps_uniform_T100000000_P100000_s3  evals=  875 shots=   87481625  gap_final=    19.08  gap_best=    19.08 mHa
H2O_LBFGSB_ps_weighted_T100000000_P100000_s2 evals=  475 shots=   47489550  gap_final=   931.97  gap_best=   501.61 mHa
H2O_LBFGSB_ps_exact_T1000000_P100000_s0      evals=   10 shots=          0  gap_final=  1234.73  gap_best=   746.17 mHa
H2O_LBFGSB_ps_exact_T1000000_P100000_s1      evals=   10 shots=          0  gap_final=  1222.93  gap_best=   753.09 mHa
H2O_LBFGSB_ps_exact_T1000000_P100000_s2      evals=   10 shots=          0  gap_final=  1232.09  gap_best=   739.08 mHa
H2O_LBFGSB_ps_exact_T1000000_P100000_s3      evals=   10 shots=          0  gap_final=  1216.30  gap_best=   732.28 mHa
H2O_LBFGSB_ps_exact_T1000000_P100000_s4      evals=   10 shots=          0  gap_final=  1243.64  gap_best=   723.60 mHa
H2O_LBFGSB_ps_neyman_T30000000_P100000_s8    evals=  300 shots=   29990834  gap_final=  1146.46  gap_best=   508.93 mHa
H2O_LBFGSB_ps_neyman_T30000000_P100000_s9    evals=  300 shots=   29990893  gap_final=  1170.47  gap_best=    38.65 mHa
H2O_LBFGSB_ps_weighted_T100000000_P100000_s1 evals=  525 shots=   52488450  gap_final=     6.47  gap_best=     6.47 mHa
H2O_LBFGSB_ps_weighted_T100000000_P100000_s6 evals= 1000 shots=   99978000  gap_final=     1.61  gap_best=     1.61 mHa
H2O_LBFGSB_ps_exact_T1000000_P100000_s5      evals=   10 shots=          0  gap_final=  1213.43  gap_best=   736.53 mHa
H2O_LBFGSB_ps_neyman_T100000000_P100000_s3   evals=  350 shots=   34989456  gap_final=   947.08  gap_best=   478.45 mHa
H2O_LBFGSB_ps_exact_T1000000_P100000_s9      evals=   10 shots=          0  gap_final=  1226.89  gap_best=   736.86 mHa
H2O_LBFGSB_ps_weighted_T100000000_P100000_s3 evals=  575 shots=   57487350  gap_final=   428.57  gap_best=   428.57 mHa
H2O_LBFGSB_ps_exact_T1000000_P100000_s6      evals=   10 shots=          0  gap_final=  1251.56  gap_best=   754.26 mHa
H2O_LBFGSB_ps_weighted_T100000000_P100000_s4 evals=  575 shots=   57487350  gap_final=     2.44  gap_best=     2.44 mHa
H2O_LBFGSB_ps_exact_T1000000_P100000_s7      evals=   10 shots=          0  gap_final=  1218.30  gap_best=   746.37 mHa
H2O_LBFGSB_ps_neyman_T100000000_P100000_s5   evals=  350 shots=   34989213  gap_final=  1006.31  gap_best=   548.25 mHa
H2O_LBFGSB_ps_exact_T1000000_P100000_s8      evals=   10 shots=          0  gap_final=  1241.00  gap_best=   745.96 mHa
H2O_LBFGSB_ps_exact_T3000000_P100000_s0      evals=   30 shots=          0  gap_final=  1594.01  gap_best=   558.82 mHa
H2O_LBFGSB_ps_exact_T3000000_P100000_s2      evals=   30 shots=          0  gap_final=  1486.77  gap_best=   514.68 mHa
H2O_LBFGSB_ps_neyman_T30000000_P100000_s2    evals=  300 shots=   29990795  gap_final=  1323.43  gap_best=    89.39 mHa
H2O_LBFGSB_ps_neyman_T30000000_P100000_s4    evals=  300 shots=   29990954  gap_final=  1424.52  gap_best=   224.22 mHa
H2O_LBFGSB_ps_exact_T3000000_P100000_s1      evals=   30 shots=          0  gap_final=  1649.03  gap_best=   502.91 mHa
H2O_LBFGSB_ps_weighted_T100000000_P100000_s0 evals=  675 shots=   67485150  gap_final=     4.94  gap_best=     4.94 mHa
H2O_LBFGSB_ps_exact_T3000000_P100000_s4      evals=   30 shots=          0  gap_final=  1604.06  gap_best=   492.06 mHa
H2O_LBFGSB_ps_exact_T3000000_P100000_s3      evals=   30 shots=          0  gap_final=  1620.26  gap_best=   535.67 mHa
H2O_LBFGSB_ps_neyman_T100000000_P100000_s7   evals=  375 shots=   37488757  gap_final=   858.84  gap_best=   381.28 mHa
H2O_LBFGSB_ps_neyman_T30000000_P100000_s0    evals=  300 shots=   29990939  gap_final=  1279.67  gap_best=   527.61 mHa
H2O_LBFGSB_ps_weighted_T100000000_P100000_s5 evals=  625 shots=   62486250  gap_final=   431.77  gap_best=   431.77 mHa
H2O_LBFGSB_ps_neyman_T30000000_P100000_s1    evals=  300 shots=   29990858  gap_final=  1272.57  gap_best=   223.29 mHa
H2O_LBFGSB_ps_neyman_T30000000_P100000_s3    evals=  300 shots=   29990928  gap_final=  1039.07  gap_best=   478.45 mHa
H2O_LBFGSB_ps_exact_T3000000_P100000_s8      evals=   30 shots=          0  gap_final=  1808.32  gap_best=   535.21 mHa
H2O_LBFGSB_ps_exact_T10000000_P100000_s0     evals=  100 shots=          0  gap_final=  1182.38  gap_best=   529.66 mHa
H2O_LBFGSB_ps_neyman_T30000000_P100000_s7    evals=  300 shots=   29990995  gap_final=  1350.43  gap_best=   381.28 mHa
H2O_LBFGSB_ps_exact_T3000000_P100000_s9      evals=   30 shots=          0  gap_final=  1565.08  gap_best=   489.69 mHa
H2O_LBFGSB_ps_exact_T3000000_P100000_s7      evals=   30 shots=          0  gap_final=  1569.33  gap_best=   511.14 mHa
H2O_LBFGSB_ps_neyman_T30000000_P100000_s5    evals=  300 shots=   29990750  gap_final=  1120.13  gap_best=   548.25 mHa
H2O_LBFGSB_ps_neyman_T30000000_P100000_s6    evals=  300 shots=   29990836  gap_final=  1225.17  gap_best=   293.48 mHa
H2O_LBFGSB_ps_exact_T3000000_P100000_s5      evals=   30 shots=          0  gap_final=  1617.27  gap_best=   539.33 mHa
H2O_LBFGSB_ps_exact_T3000000_P100000_s6      evals=   30 shots=          0  gap_final=  1615.90  gap_best=   508.21 mHa
H2O_LBFGSB_ps_exact_T10000000_P100000_s5     evals=  100 shots=          0  gap_final=  1140.16  gap_best=   535.22 mHa
H2O_LBFGSB_ps_exact_T10000000_P100000_s8     evals=  100 shots=          0  gap_final=  1147.69  gap_best=   522.47 mHa
H2O_LBFGSB_ps_exact_T10000000_P100000_s1     evals=  100 shots=          0  gap_final=  1166.44  gap_best=   407.62 mHa
H2O_LBFGSB_ps_exact_T10000000_P100000_s4     evals=  100 shots=          0  gap_final=  1128.31  gap_best=   409.08 mHa
H2O_LBFGSB_ps_exact_T10000000_P100000_s2     evals=  100 shots=          0  gap_final=  1147.16  gap_best=   491.08 mHa
H2O_LBFGSB_ps_exact_T10000000_P100000_s3     evals=  100 shots=          0  gap_final=  1152.41  gap_best=   500.89 mHa
H2O_LBFGSB_ps_exact_T10000000_P100000_s6     evals=  100 shots=          0  gap_final=  1168.35  gap_best=   427.94 mHa
H2O_LBFGSB_ps_exact_T10000000_P100000_s7     evals=  100 shots=          0  gap_final=  1158.78  gap_best=   461.33 mHa
H2O_LBFGSB_ps_exact_T30000000_P100000_s3     evals=  300 shots=          0  gap_final=   933.51  gap_best=   493.90 mHa
H2O_LBFGSB_ps_exact_T10000000_P100000_s9     evals=  100 shots=          0  gap_final=  1395.70  gap_best=   394.11 mHa
H2O_LBFGSB_ps_exact_T30000000_P100000_s6     evals=  300 shots=          0  gap_final=  1950.60  gap_best=   322.13 mHa
H2O_LBFGSB_ps_exact_T30000000_P100000_s1     evals=  300 shots=          0  gap_final=  2189.17  gap_best=   161.00 mHa
H2O_LBFGSB_ps_exact_T30000000_P100000_s0     evals=  300 shots=          0  gap_final=   942.06  gap_best=   247.57 mHa
H2O_LBFGSB_ps_neyman_T100000000_P100000_s8   evals=  375 shots=   37488550  gap_final=  1028.52  gap_best=   508.93 mHa
H2O_LBFGSB_ps_exact_T30000000_P100000_s4     evals=  300 shots=          0  gap_final=  1836.49  gap_best=   288.74 mHa
H2O_LBFGSB_ps_exact_T30000000_P100000_s5     evals=  300 shots=          0  gap_final=  1526.72  gap_best=   535.22 mHa
H2O_LBFGSB_ps_exact_T30000000_P100000_s2     evals=  300 shots=          0  gap_final=  1585.08  gap_best=   452.48 mHa
H2O_LBFGSB_ps_exact_T30000000_P100000_s7     evals=  300 shots=          0  gap_final=  1892.26  gap_best=   355.87 mHa
H2O_LBFGSB_ps_exact_T30000000_P100000_s8     evals=  300 shots=          0  gap_final=  1139.92  gap_best=   515.31 mHa
H2O_LBFGSB_ps_exact_T30000000_P100000_s9     evals=  300 shots=          0  gap_final=  1050.66  gap_best=     5.92 mHa
H2O_LBFGSB_ps_exact_T100000000_P100000_s4    evals=  725 shots=          0  gap_final=     0.40  gap_best=     0.40 mHa
H2O_LBFGSB_ps_exact_T100000000_P100000_s9    evals=  500 shots=          0  gap_final=     0.39  gap_best=     0.39 mHa
H2O_LBFGSB_ps_exact_T100000000_P100000_s2    evals=  775 shots=          0  gap_final=     0.37  gap_best=     0.37 mHa
H2O_LBFGSB_ps_exact_T100000000_P100000_s3    evals= 1000 shots=          0  gap_final=  1167.66  gap_best=     2.10 mHa
H2O_LBFGSB_ps_exact_T100000000_P100000_s1    evals=  825 shots=          0  gap_final=     0.39  gap_best=     0.39 mHa
H2O_LBFGSB_ps_exact_T100000000_P100000_s6    evals=  850 shots=          0  gap_final=     0.40  gap_best=     0.40 mHa
H2O_LBFGSB_ps_neyman_T100000000_P100000_s2   evals=  550 shots=   54983131  gap_final=     7.66  gap_best=     7.66 mHa
H2O_LBFGSB_ps_neyman_T100000000_P100000_s1   evals=  550 shots=   54983212  gap_final=     0.89  gap_best=     0.89 mHa
H2O_LBFGSB_ps_neyman_T100000000_P100000_s6   evals=  800 shots=   79975607  gap_final=     2.98  gap_best=     2.98 mHa
H2O_LBFGSB_ps_exact_T100000000_P100000_s0    evals=  775 shots=          0  gap_final=     0.29  gap_best=     0.29 mHa
H2O_LBFGSB_ps_exact_T100000000_P100000_s5    evals= 1000 shots=          0  gap_final=   758.16  gap_best=   427.81 mHa
H2O_LBFGSB_ps_exact_T100000000_P100000_s7    evals=  700 shots=          0  gap_final=     0.39  gap_best=     0.39 mHa
H2O_LBFGSB_ps_exact_T100000000_P100000_s8    evals= 1000 shots=          0  gap_final=  1241.13  gap_best=     0.15 mHa
H2O_LBFGSB_ps_neyman_T100000000_P100000_s0   evals= 1000 shots=   99969468  gap_final=  1202.82  gap_best=     5.98 mHa
H2O_LBFGSB_ps_neyman_T100000000_P100000_s9   evals=  900 shots=   89972472  gap_final=     4.38  gap_best=     5.28 mHa
H2O_LBFGSB_ps_neyman_T100000000_P100000_s4   evals=  700 shots=   69978738  gap_final=     1.69  gap_best=     1.69 mHa
=== done ===
Thu Aug 27 01:04:23 PM CEST 2026
results: 1600
