=== termination sweep: 1320 jobs, 30 at a time ===
Thu Aug 27 01:14:19 PM CEST 2026
LiH_COBYLA_uniform_T10000000_P10000_s5       evals=  101 shots=     995456  gap_final=   907.41  gap_best=   907.41 mHa
LiH_COBYLA_uniform_T1000000_P1000_s3         evals=  105 shots=      97020  gap_final=   701.53  gap_best=   701.52 mHa
LiH_COBYLA_uniform_T1000000_P1000_s5         evals=  107 shots=      98868  gap_final=   769.95  gap_best=   769.94 mHa
LiH_COBYLA_uniform_T1000000_P1000_s4         evals=  107 shots=      98868  gap_final=   827.59  gap_best=   827.57 mHa
LiH_COBYLA_uniform_T10000000_P10000_s8       evals=  110 shots=    1084160  gap_final=   702.60  gap_best=   702.60 mHa
LiH_COBYLA_uniform_T10000000_P10000_s7       evals=  110 shots=    1084160  gap_final=   720.20  gap_best=   720.20 mHa
LiH_COBYLA_uniform_T10000000_P10000_s9       evals=  115 shots=    1133440  gap_final=   702.56  gap_best=   702.55 mHa
LiH_COBYLA_uniform_T1000000_P1000_s1         evals=  119 shots=     109956  gap_final=   750.93  gap_best=   750.91 mHa
LiH_COBYLA_uniform_T1000000_P1000_s2         evals=  126 shots=     116424  gap_final=   753.94  gap_best=   753.95 mHa
LiH_COBYLA_uniform_T1000000_P1000_s0         evals=  127 shots=     117348  gap_final=   922.56  gap_best=   922.58 mHa
LiH_COBYLA_uniform_T100000000_P100000_s7     evals=   99 shots=    9894654  gap_final=   696.18  gap_best=   696.18 mHa
LiH_COBYLA_uniform_T10000000_P10000_s2       evals=  103 shots=    1015168  gap_final=   767.49  gap_best=   767.49 mHa
LiH_COBYLA_uniform_T10000000_P10000_s4       evals=  103 shots=    1015168  gap_final=   755.50  gap_best=   755.51 mHa
LiH_COBYLA_uniform_T10000000_P10000_s0       evals=  105 shots=    1034880  gap_final=   750.67  gap_best=   750.67 mHa
LiH_COBYLA_uniform_T10000000_P10000_s1       evals=  105 shots=    1034880  gap_final=   776.81  gap_best=   776.83 mHa
LiH_COBYLA_uniform_T100000000_P100000_s8     evals=  107 shots=   10694222  gap_final=   691.80  gap_best=   691.80 mHa
LiH_COBYLA_uniform_T10000000_P10000_s6       evals=  108 shots=    1064448  gap_final=   749.08  gap_best=   749.09 mHa
LiH_COBYLA_uniform_T1000000_P1000_s7         evals=  114 shots=     105336  gap_final=   753.10  gap_best=   753.12 mHa
LiH_COBYLA_uniform_T1000000_P1000_s8         evals=  109 shots=     100716  gap_final=   801.72  gap_best=   801.73 mHa
LiH_COBYLA_uniform_T100000000_P100000_s0     evals=  113 shots=   11293898  gap_final=   694.54  gap_best=   694.54 mHa
LiH_COBYLA_uniform_T100000000_P100000_s1     evals=  114 shots=   11393844  gap_final=   688.51  gap_best=   688.51 mHa
LiH_COBYLA_uniform_T100000000_P100000_s5     evals=  120 shots=   11993520  gap_final=   693.48  gap_best=   693.49 mHa
LiH_COBYLA_uniform_T100000000_P100000_s3     evals=  120 shots=   11993520  gap_final=   678.43  gap_best=   678.44 mHa
LiH_COBYLA_uniform_T10000000_P10000_s3       evals=  119 shots=    1172864  gap_final=   758.03  gap_best=   758.02 mHa
LiH_COBYLA_uniform_T1000000_P1000_s9         evals=  119 shots=     109956  gap_final=   893.94  gap_best=   893.91 mHa
LiH_COBYLA_uniform_T100000000_P100000_s6     evals=  120 shots=   11993520  gap_final=   699.23  gap_best=   699.23 mHa
LiH_COBYLA_uniform_T100000000_P100000_s2     evals=  133 shots=   13292818  gap_final=   679.20  gap_best=   679.21 mHa
LiH_COBYLA_uniform_T100000000_P100000_s9     evals=  125 shots=   12493250  gap_final=   703.99  gap_best=   703.99 mHa
LiH_COBYLA_uniform_T100000000_P100000_s4     evals=  142 shots=   14192332  gap_final=   534.87  gap_best=   534.86 mHa
LiH_COBYLA_uniform_T1000000_P1000_s6         evals=  130 shots=     120120  gap_final=   825.09  gap_best=   825.09 mHa
LiH_COBYLA_uniform_T1000000000_P1000000_s3   evals=  107 shots=  106991654  gap_final=   668.41  gap_best=   668.40 mHa
LiH_COBYLA_uniform_T1000000000_P1000000_s1   evals=  137 shots=  136989314  gap_final=   653.80  gap_best=   653.80 mHa
LiH_COBYLA_uniform_T1000000000_P1000000_s5   evals=  142 shots=  141988924  gap_final=   667.50  gap_best=   667.50 mHa
LiH_COBYLA_uniform_T1000000000_P1000000_s9   evals=  109 shots=  108991498  gap_final=   695.01  gap_best=   695.00 mHa
LiH_COBYLA_uniform_T1000000000_P1000000_s6   evals=  127 shots=  126990094  gap_final=   654.33  gap_best=   654.33 mHa
LiH_COBYLA_uniform_T1000000000_P1000000_s8   evals=  126 shots=  125990172  gap_final=   686.62  gap_best=   686.62 mHa
LiH_COBYLA_uniform_T1000000000_P1000000_s4   evals=  210 shots=  209983620  gap_final=   256.92  gap_best=   256.92 mHa
LiH_COBYLA_neyman_T1000000_P1000_s2          evals=  100 shots=      96500  gap_final=   706.37  gap_best=   706.37 mHa
LiH_COBYLA_uniform_T1000000000_P1000000_s2   evals=  159 shots=  158987598  gap_final=   661.62  gap_best=   661.62 mHa
LiH_COBYLA_neyman_T1000000_P1000_s8          evals=  103 shots=      99409  gap_final=   809.00  gap_best=   808.98 mHa
LiH_COBYLA_neyman_T1000000_P1000_s5          evals=  112 shots=     108062  gap_final=   699.09  gap_best=   699.08 mHa
LiH_COBYLA_neyman_T1000000_P1000_s9          evals=  104 shots=     100365  gap_final=   743.49  gap_best=   743.49 mHa
LiH_COBYLA_uniform_T1000000000_P1000000_s0   evals=  256 shots=  255980032  gap_final=   191.79  gap_best=   191.79 mHa
LiH_COBYLA_neyman_T10000000_P10000_s2        evals=  108 shots=    1072513  gap_final=   699.04  gap_best=   699.04 mHa
LiH_COBYLA_uniform_T10000000000_P10000000_s4 evals=  166 shots= 1659998340  gap_final=   436.04  gap_best=   436.04 mHa
LiH_COBYLA_uniform_T10000000000_P10000000_s7 evals=  217 shots= 2169997830  gap_final=   241.02  gap_best=   241.02 mHa
LiH_COBYLA_neyman_T1000000_P1000_s0          evals=  105 shots=     101392  gap_final=   832.62  gap_best=   832.64 mHa
LiH_COBYLA_neyman_T1000000_P1000_s3          evals=  118 shots=     113867  gap_final=   760.69  gap_best=   760.70 mHa
LiH_COBYLA_neyman_T1000000_P1000_s4          evals=  102 shots=      98499  gap_final=   750.52  gap_best=   750.51 mHa
LiH_COBYLA_uniform_T10000000000_P10000000_s6 evals=  174 shots= 1739998260  gap_final=   638.34  gap_best=   638.34 mHa
LiH_COBYLA_neyman_T1000000_P1000_s1          evals=  124 shots=     119585  gap_final=   709.57  gap_best=   709.57 mHa
LiH_COBYLA_uniform_T1000000000_P1000000_s7   evals=  210 shots=  209983620  gap_final=   368.99  gap_best=   368.97 mHa
LiH_COBYLA_neyman_T10000000_P10000_s1        evals=  107 shots=    1062406  gap_final=   702.03  gap_best=   702.03 mHa
LiH_COBYLA_neyman_T1000000_P1000_s7          evals=  115 shots=     110972  gap_final=   708.02  gap_best=   708.01 mHa
LiH_COBYLA_neyman_T10000000_P10000_s6        evals=  120 shots=    1191709  gap_final=   680.54  gap_best=   680.54 mHa
LiH_COBYLA_neyman_T1000000_P1000_s6          evals=  126 shots=     121543  gap_final=   725.94  gap_best=   725.95 mHa
LiH_COBYLA_neyman_T100000000_P100000_s1      evals=  109 shots=   10891508  gap_final=   666.37  gap_best=   666.37 mHa
LiH_COBYLA_neyman_T10000000_P10000_s9        evals=  116 shots=    1152068  gap_final=   713.46  gap_best=   713.45 mHa
LiH_COBYLA_neyman_T10000000_P10000_s0        evals=  119 shots=    1181525  gap_final=   739.33  gap_best=   739.34 mHa
LiH_COBYLA_neyman_T10000000_P10000_s3        evals=  124 shots=    1231423  gap_final=   690.88  gap_best=   690.88 mHa
LiH_COBYLA_neyman_T100000000_P100000_s2      evals=  129 shots=   12889977  gap_final=   624.36  gap_best=   624.35 mHa
LiH_COBYLA_neyman_T100000000_P100000_s0      evals=  145 shots=   14488788  gap_final=   595.74  gap_best=   595.74 mHa
LiH_COBYLA_neyman_T10000000_P10000_s5        evals=  102 shots=    1012764  gap_final=   706.35  gap_best=   706.35 mHa
LiH_COBYLA_neyman_T10000000_P10000_s4        evals=  112 shots=    1112396  gap_final=   699.71  gap_best=   699.72 mHa
LiH_COBYLA_neyman_T100000000_P100000_s3      evals=  132 shots=   13189878  gap_final=   660.73  gap_best=   660.73 mHa
LiH_COBYLA_uniform_T10000000000_P10000000_s5 evals=  325 shots= 3249996750  gap_final=   137.17  gap_best=   137.17 mHa
LiH_COBYLA_neyman_T10000000_P10000_s8        evals=  103 shots=    1022750  gap_final=   708.86  gap_best=   708.87 mHa
LiH_COBYLA_neyman_T10000000_P10000_s7        evals=  110 shots=    1092578  gap_final=   708.52  gap_best=   708.52 mHa
LiH_COBYLA_uniform_T10000000000_P10000000_s3 evals=  215 shots= 2149997850  gap_final=   184.34  gap_best=   184.34 mHa
LiH_COBYLA_neyman_T100000000_P100000_s9      evals=  109 shots=   10891509  gap_final=   700.27  gap_best=   700.27 mHa
LiH_COBYLA_uniform_T10000000000_P10000000_s8 evals=  238 shots= 2379997620  gap_final=   566.50  gap_best=   566.48 mHa
LiH_COBYLA_neyman_T1000000000_P1000000_s4    evals=  172 shots=  171986890  gap_final=   427.92  gap_best=   427.91 mHa
LiH_COBYLA_neyman_T100000000_P100000_s8      evals=  110 shots=   10991536  gap_final=   693.22  gap_best=   693.22 mHa
LiH_COBYLA_neyman_T100000000_P100000_s6      evals=  115 shots=   11491004  gap_final=   675.93  gap_best=   675.92 mHa
LiH_COBYLA_neyman_T100000000_P100000_s5      evals=  123 shots=   12290541  gap_final=   679.49  gap_best=   679.50 mHa
LiH_COBYLA_uniform_T10000000000_P10000000_s2 evals=  272 shots= 2719997280  gap_final=   140.39  gap_best=   140.38 mHa
LiH_COBYLA_uniform_T10000000000_P10000000_s9 evals=  287 shots= 2869997130  gap_final=   252.63  gap_best=   252.63 mHa
LiH_COBYLA_neyman_T100000000_P100000_s7      evals=  130 shots=   12990368  gap_final=   638.64  gap_best=   638.64 mHa
LiH_COBYLA_uniform_T10000000000_P10000000_s1 evals=  301 shots= 3009996990  gap_final=   169.06  gap_best=   169.06 mHa
LiH_COBYLA_neyman_T100000000_P100000_s4      evals=  146 shots=   14588793  gap_final=   603.32  gap_best=   603.32 mHa
LiH_COBYLA_uniform_T10000000000_P10000000_s0 evals=  305 shots= 3049996950  gap_final=    37.79  gap_best=    37.80 mHa
LiH_COBYLA_neyman_T1000000000_P1000000_s8    evals=  116 shots=  115991116  gap_final=   681.96  gap_best=   681.96 mHa
LiH_COBYLA_neyman_T1000000000_P1000000_s5    evals=  263 shots=  262979773  gap_final=   196.29  gap_best=   196.29 mHa
LiH_COBYLA_neyman_T1000000000_P1000000_s9    evals=  136 shots=  135989643  gap_final=   654.75  gap_best=   654.76 mHa
LiH_COBYLA_neyman_T1000000000_P1000000_s7    evals=  285 shots=  284978252  gap_final=   144.68  gap_best=   144.68 mHa
LiH_COBYLA_exact_T100000000_P100000_s1       evals= 1000 shots=          0  gap_final=   147.44  gap_best=   147.44 mHa
LiH_COBYLA_neyman_T1000000000_P1000000_s3    evals=  197 shots=  196984699  gap_final=   291.69  gap_best=   291.69 mHa
LiH_COBYLA_neyman_T1000000000_P1000000_s6    evals=  264 shots=  263979821  gap_final=   454.17  gap_best=   454.16 mHa
LiH_COBYLA_neyman_T10000000000_P10000000_s1  evals=  317 shots= 3169975621  gap_final=   155.97  gap_best=   155.97 mHa
LiH_COBYLA_exact_T100000000_P100000_s4       evals= 1000 shots=          0  gap_final=     0.09  gap_best=     0.09 mHa
LiH_COBYLA_exact_T100000000_P100000_s6       evals= 1000 shots=          0  gap_final=     0.16  gap_best=     0.16 mHa
LiH_COBYLA_neyman_T10000000000_P10000000_s4  evals=  311 shots= 3109976052  gap_final=    91.17  gap_best=    91.18 mHa
LiH_COBYLA_neyman_T1000000000_P1000000_s0    evals=  225 shots=  224982620  gap_final=   427.88  gap_best=   427.89 mHa
LiH_COBYLA_neyman_T1000000000_P1000000_s1    evals=  228 shots=  227982482  gap_final=   193.21  gap_best=   193.22 mHa
LiH_COBYLA_neyman_T10000000000_P10000000_s7  evals=  304 shots= 3039976448  gap_final=   170.60  gap_best=   170.60 mHa
LiH_COBYLA_exact_T100000000_P100000_s7       evals=  584 shots=          0  gap_final=   147.56  gap_best=   147.56 mHa
LiH_COBYLA_neyman_T10000000000_P10000000_s0  evals=  393 shots= 3929969778  gap_final=    13.61  gap_best=    13.61 mHa
LiH_COBYLA_exact_T100000000_P100000_s2       evals= 1000 shots=          0  gap_final=     0.07  gap_best=     0.07 mHa
LiH_COBYLA_exact_T100000000_P100000_s3       evals= 1000 shots=          0  gap_final=     1.61  gap_best=     1.61 mHa
LiH_COBYLA_exact_T100000000_P100000_s0       evals= 1000 shots=          0  gap_final=     0.23  gap_best=     0.23 mHa
LiH_COBYLA_neyman_T1000000000_P1000000_s2    evals=  304 shots=  303976740  gap_final=     9.86  gap_best=     9.86 mHa
LiH_COBYLA_exact_T100000000_P100000_s5       evals= 1000 shots=          0  gap_final=     0.55  gap_best=     0.55 mHa
LiH_COBYLA_exact_T100000000_P100000_s8       evals= 1000 shots=          0  gap_final=   147.56  gap_best=   147.56 mHa
LiH_COBYLA_exact_T100000000_P100000_s9       evals= 1000 shots=          0  gap_final=   147.56  gap_best=   147.56 mHa
LiH_COBYLA_neyman_T10000000000_P10000000_s6  evals=  316 shots= 3159975694  gap_final=   168.92  gap_best=   168.92 mHa
LiH_COBYLA_neyman_T10000000000_P10000000_s3  evals=  302 shots= 3019976735  gap_final=     7.43  gap_best=     7.43 mHa
LiH_COBYLA_neyman_T10000000000_P10000000_s5  evals=  308 shots= 3079976303  gap_final=    43.02  gap_best=    43.02 mHa
LiH_COBYLA_neyman_T10000000000_P10000000_s9  evals=  375 shots= 3749971108  gap_final=   154.79  gap_best=   154.79 mHa
LiH_LBFGSB_uniform_T1000000_P1000_s5         evals=  336 shots=     310464  gap_final=   706.19  gap_best=   732.58 mHa
LiH_LBFGSB_uniform_T1000000_P1000_s2         evals=  416 shots=     384384  gap_final=   707.59  gap_best=  1243.87 mHa
LiH_COBYLA_neyman_T10000000000_P10000000_s2  evals=  376 shots= 3759971206  gap_final=    21.07  gap_best=    21.07 mHa
LiH_COBYLA_neyman_T10000000000_P10000000_s8  evals=  361 shots= 3609972063  gap_final=   170.02  gap_best=   170.01 mHa
LiH_LBFGSB_uniform_T1000000_P1000_s9         evals=  368 shots=     340032  gap_final=   717.58  gap_best=   797.39 mHa
LiH_LBFGSB_uniform_T1000000_P1000_s8         evals=  400 shots=     369600  gap_final=   708.87  gap_best=   913.24 mHa
LiH_LBFGSB_uniform_T10000000_P10000_s0       evals=  416 shots=    4100096  gap_final=   722.49  gap_best=   738.82 mHa
LiH_LBFGSB_uniform_T10000000_P10000_s4       evals=  416 shots=    4100096  gap_final=   706.36  gap_best=   706.36 mHa
LiH_LBFGSB_uniform_T10000000_P10000_s7       evals=  400 shots=    3942400  gap_final=   713.45  gap_best=   896.67 mHa
LiH_LBFGSB_uniform_T10000000_P10000_s1       evals=  464 shots=    4573184  gap_final=   701.61  gap_best=   701.61 mHa
LiH_LBFGSB_uniform_T10000000_P10000_s3       evals=  448 shots=    4415488  gap_final=   699.57  gap_best=   729.95 mHa
LiH_LBFGSB_uniform_T1000000_P1000_s0         evals=  400 shots=     369600  gap_final=   722.49  gap_best=   873.13 mHa
LiH_LBFGSB_uniform_T1000000_P1000_s1         evals=  400 shots=     369600  gap_final=   701.61  gap_best=   647.46 mHa
LiH_LBFGSB_uniform_T1000000_P1000_s4         evals=  416 shots=     384384  gap_final=   706.36  gap_best=   706.36 mHa
LiH_LBFGSB_uniform_T1000000_P1000_s3         evals=  416 shots=     384384  gap_final=   699.57  gap_best=   944.59 mHa
LiH_LBFGSB_uniform_T10000000_P10000_s5       evals=  464 shots=    4573184  gap_final=   706.19  gap_best=   907.00 mHa
LiH_LBFGSB_uniform_T1000000_P1000_s7         evals=  400 shots=     369600  gap_final=   713.45  gap_best=   777.05 mHa
LiH_LBFGSB_uniform_T100000000_P100000_s8     evals=  400 shots=   39978400  gap_final=   708.87  gap_best=   709.15 mHa
LiH_LBFGSB_uniform_T100000000_P100000_s9     evals=  400 shots=   39978400  gap_final=   717.58  gap_best=   717.58 mHa
LiH_LBFGSB_uniform_T100000000_P100000_s3     evals=  336 shots=   33581856  gap_final=   699.57  gap_best=   699.57 mHa
LiH_LBFGSB_uniform_T100000000_P100000_s1     evals=  336 shots=   33581856  gap_final=   701.61  gap_best=   701.61 mHa
LiH_LBFGSB_uniform_T100000000_P100000_s0     evals=  368 shots=   36780128  gap_final=   722.49  gap_best=   722.49 mHa
LiH_LBFGSB_uniform_T1000000000_P1000000_s2   evals=  384 shots=  383970048  gap_final=   707.59  gap_best=   707.59 mHa
LiH_LBFGSB_uniform_T10000000_P10000_s8       evals=  384 shots=    3784704  gap_final=   708.87  gap_best=   708.87 mHa
LiH_LBFGSB_uniform_T1000000000_P1000000_s4   evals=  336 shots=  335973792  gap_final=   706.36  gap_best=   706.30 mHa
LiH_LBFGSB_uniform_T10000000_P10000_s2       evals=  464 shots=    4573184  gap_final=   707.59  gap_best=  1033.61 mHa
LiH_LBFGSB_uniform_T1000000000_P1000000_s7   evals=  336 shots=  335973792  gap_final=   713.45  gap_best=   713.01 mHa
LiH_LBFGSB_uniform_T10000000_P10000_s9       evals=  400 shots=    3942400  gap_final=   717.58  gap_best=   717.57 mHa
LiH_LBFGSB_uniform_T1000000000_P1000000_s6   evals=  432 shots=  431966304  gap_final=   705.73  gap_best=   705.73 mHa
LiH_LBFGSB_uniform_T1000000000_P1000000_s0   evals=  432 shots=  431966304  gap_final=   722.49  gap_best=   722.49 mHa
LiH_LBFGSB_uniform_T100000000_P100000_s2     evals=  448 shots=   44775808  gap_final=   707.59  gap_best=   707.59 mHa
LiH_LBFGSB_uniform_T1000000000_P1000000_s8   evals=  448 shots=  447965056  gap_final=   708.87  gap_best=   680.10 mHa
LiH_LBFGSB_uniform_T1000000000_P1000000_s1   evals=  320 shots=  319975040  gap_final=   701.61  gap_best=   701.61 mHa
LiH_LBFGSB_uniform_T100000000_P100000_s6     evals=  384 shots=   38379264  gap_final=   705.73  gap_best=   705.73 mHa
LiH_LBFGSB_uniform_T100000000_P100000_s4     evals=  416 shots=   41577536  gap_final=   706.36  gap_best=   706.36 mHa
LiH_LBFGSB_uniform_T100000000_P100000_s5     evals=  416 shots=   41577536  gap_final=   706.19  gap_best=   706.19 mHa
LiH_LBFGSB_uniform_T10000000_P10000_s6       evals=  512 shots=    5046272  gap_final=   705.73  gap_best=   742.71 mHa
LiH_LBFGSB_uniform_T1000000000_P1000000_s3   evals=  336 shots=  335973792  gap_final=   699.57  gap_best=   699.57 mHa
LiH_LBFGSB_uniform_T1000000000_P1000000_s5   evals=  544 shots=  543957568  gap_final=   706.19  gap_best=   706.19 mHa
LiH_LBFGSB_uniform_T10000000000_P10000000_s3 evals=  336 shots= 3359996640  gap_final=   699.57  gap_best=   699.47 mHa
LiH_LBFGSB_uniform_T100000000_P100000_s7     evals=  464 shots=   46374944  gap_final=   713.45  gap_best=   713.45 mHa
LiH_LBFGSB_uniform_T10000000000_P10000000_s6 evals=  400 shots= 3999996000  gap_final=   705.73  gap_best=   705.53 mHa
LiH_LBFGSB_uniform_T10000000000_P10000000_s4 evals=  384 shots= 3839996160  gap_final=   706.36  gap_best=   664.22 mHa
LiH_LBFGSB_uniform_T10000000000_P10000000_s5 evals=  432 shots= 4319995680  gap_final=   706.19  gap_best=   706.24 mHa
LiH_LBFGSB_neyman_T1000000_P1000_s2          evals=  384 shots=     370308  gap_final=   707.59  gap_best=   754.34 mHa
LiH_LBFGSB_neyman_T1000000_P1000_s4          evals=  384 shots=     370337  gap_final=   706.36  gap_best=   706.36 mHa
LiH_LBFGSB_uniform_T10000000000_P10000000_s2 evals=  384 shots= 3839996160  gap_final=   707.59  gap_best=   704.66 mHa
LiH_LBFGSB_uniform_T10000000000_P10000000_s0 evals=  368 shots= 3679996320  gap_final=   722.49  gap_best=   720.93 mHa
LiH_LBFGSB_neyman_T1000000_P1000_s6          evals=  416 shots=     401156  gap_final=   705.73  gap_best=   705.73 mHa
LiH_LBFGSB_neyman_T10000000_P10000_s5        evals=  336 shots=    3336204  gap_final=   706.19  gap_best=   706.19 mHa
LiH_LBFGSB_uniform_T1000000000_P1000000_s9   evals=  432 shots=  431966304  gap_final=   717.58  gap_best=   717.58 mHa
LiH_LBFGSB_neyman_T1000000_P1000_s1          evals=  320 shots=     308617  gap_final=   701.61  gap_best=   701.61 mHa
LiH_LBFGSB_uniform_T10000000000_P10000000_s9 evals=  336 shots= 3359996640  gap_final=   717.58  gap_best=   715.24 mHa
LiH_LBFGSB_uniform_T1000000_P1000_s6         evals=  864 shots=     798336  gap_final=   705.73  gap_best=  1523.32 mHa
LiH_LBFGSB_neyman_T1000000_P1000_s5          evals=  400 shots=     385750  gap_final=   706.19  gap_best=   706.19 mHa
LiH_LBFGSB_neyman_T1000000_P1000_s0          evals=  416 shots=     401149  gap_final=   722.49  gap_best=   888.99 mHa
LiH_LBFGSB_neyman_T10000000_P10000_s6        evals=  432 shots=    4289385  gap_final=   705.73  gap_best=   705.73 mHa
LiH_LBFGSB_neyman_T10000000_P10000_s7        evals=  432 shots=    4289322  gap_final=   713.45  gap_best=   713.45 mHa
LiH_LBFGSB_neyman_T10000000_P10000_s9        evals=  384 shots=    3812886  gap_final=   717.58  gap_best=   717.63 mHa
LiH_LBFGSB_uniform_T10000000000_P10000000_s7 evals=  464 shots= 4639995360  gap_final=   713.45  gap_best=   702.52 mHa
LiH_LBFGSB_neyman_T100000000_P100000_s2      evals=  400 shots=   39969422  gap_final=   707.59  gap_best=   680.32 mHa
LiH_LBFGSB_neyman_T10000000_P10000_s1        evals=  336 shots=    3336175  gap_final=   701.61  gap_best=   701.61 mHa
LiH_LBFGSB_neyman_T10000000_P10000_s0        evals=  368 shots=    3654002  gap_final=   722.49  gap_best=   722.72 mHa
LiH_LBFGSB_uniform_T10000000000_P10000000_s8 evals=  512 shots= 5119994880  gap_final=   708.87  gap_best=   708.87 mHa
LiH_LBFGSB_uniform_T10000000000_P10000000_s1 evals=  560 shots= 5599994400  gap_final=   701.61  gap_best=   701.61 mHa
LiH_LBFGSB_neyman_T100000000_P100000_s1      evals=  464 shots=   46364723  gap_final=   701.61  gap_best=   701.61 mHa
LiH_LBFGSB_neyman_T100000000_P100000_s3      evals=  432 shots=   43166889  gap_final=   699.57  gap_best=   699.57 mHa
LiH_LBFGSB_neyman_T1000000_P1000_s3          evals=  464 shots=     447446  gap_final=   699.56  gap_best=   699.56 mHa
LiH_LBFGSB_neyman_T100000000_P100000_s0      evals=  416 shots=   41568553  gap_final=   722.49  gap_best=   722.49 mHa
LiH_LBFGSB_neyman_T10000000_P10000_s8        evals=  336 shots=    3336240  gap_final=   708.87  gap_best=   708.87 mHa
LiH_LBFGSB_neyman_T100000000_P100000_s7      evals=  336 shots=   33574326  gap_final=   713.45  gap_best=   713.45 mHa
LiH_LBFGSB_neyman_T1000000_P1000_s8          evals=  432 shots=     416569  gap_final=   708.87  gap_best=   708.87 mHa
LiH_LBFGSB_neyman_T1000000_P1000_s7          evals=  448 shots=     432047  gap_final=   713.45  gap_best=   713.45 mHa
LiH_LBFGSB_neyman_T10000000_P10000_s3        evals=  400 shots=    3971363  gap_final=   699.56  gap_best=   699.54 mHa
LiH_LBFGSB_neyman_T10000000_P10000_s4        evals=  448 shots=    4448525  gap_final=   706.36  gap_best=   700.98 mHa
LiH_LBFGSB_neyman_T1000000_P1000_s9          evals=  528 shots=     509278  gap_final=   717.58  gap_best=   717.58 mHa
LiH_LBFGSB_neyman_T10000000_P10000_s2        evals=  464 shots=    4607045  gap_final=   707.59  gap_best=   708.90 mHa
LiH_LBFGSB_neyman_T1000000000_P1000000_s5    evals=  288 shots=  287977886  gap_final=   706.19  gap_best=   706.15 mHa
LiH_LBFGSB_neyman_T100000000_P100000_s6      evals=  368 shots=   36772090  gap_final=   705.73  gap_best=   705.79 mHa
LiH_LBFGSB_neyman_T1000000000_P1000000_s3    evals=  320 shots=  319975357  gap_final=   699.57  gap_best=   699.57 mHa
LiH_LBFGSB_neyman_T1000000000_P1000000_s6    evals=  352 shots=  351973128  gap_final=   705.73  gap_best=   702.80 mHa
LiH_LBFGSB_neyman_T100000000_P100000_s4      evals=  416 shots=   41568935  gap_final=   706.36  gap_best=   706.46 mHa
LiH_LBFGSB_exact_T100000000_P100000_s3       evals=  800 shots=          0  gap_final=     0.08  gap_best=     0.08 mHa
LiH_LBFGSB_neyman_T1000000000_P1000000_s4    evals=  448 shots=  447965603  gap_final=   706.36  gap_best=   698.37 mHa
LiH_LBFGSB_exact_T100000000_P100000_s7       evals=  688 shots=          0  gap_final=     0.13  gap_best=     0.13 mHa
LiH_LBFGSB_exact_T100000000_P100000_s5       evals= 1000 shots=          0  gap_final=     0.05  gap_best=     0.05 mHa
LiH_LBFGSB_exact_T100000000_P100000_s6       evals=  480 shots=          0  gap_final=     0.12  gap_best=     0.12 mHa
LiH_LBFGSB_neyman_T100000000_P100000_s9      evals=  432 shots=   43167240  gap_final=   717.58  gap_best=   717.58 mHa
LiH_LBFGSB_neyman_T1000000000_P1000000_s8    evals=  384 shots=  383970605  gap_final=   708.87  gap_best=   707.11 mHa
LiH_LBFGSB_exact_T100000000_P100000_s4       evals=  672 shots=          0  gap_final=     0.06  gap_best=     0.06 mHa
LiH_LBFGSB_exact_T100000000_P100000_s8       evals=  560 shots=          0  gap_final=     0.10  gap_best=     0.10 mHa
LiH_LBFGSB_exact_T100000000_P100000_s2       evals=  848 shots=          0  gap_final=     0.08  gap_best=     0.08 mHa
LiH_LBFGSB_exact_T100000000_P100000_s0       evals=  864 shots=          0  gap_final=     0.03  gap_best=     0.03 mHa
LiH_LBFGSB_neyman_T1000000000_P1000000_s1    evals=  336 shots=  335974036  gap_final=   701.61  gap_best=   694.74 mHa
LiH_LBFGSB_neyman_T100000000_P100000_s5      evals=  512 shots=   51161581  gap_final=   706.19  gap_best=   706.19 mHa
LiH_LBFGSB_exact_T100000000_P100000_s1       evals= 1000 shots=          0  gap_final=     0.12  gap_best=     0.12 mHa
LiH_LBFGSB_neyman_T10000000000_P10000000_s1  evals=  416 shots= 4159968061  gap_final=   701.61  gap_best=   701.61 mHa
LiH_LBFGSB_neyman_T100000000_P100000_s8      evals=  384 shots=   38371208  gap_final=   708.87  gap_best=   708.87 mHa
LiH_LBFGSB_exact_T100000000_P100000_s9       evals=  592 shots=          0  gap_final=     0.10  gap_best=     0.10 mHa
LiH_LBFGSB_neyman_T10000000000_P10000000_s3  evals=  432 shots= 4319966840  gap_final=   699.56  gap_best=   699.56 mHa
LiH_LBFGSB_neyman_T10000000000_P10000000_s7  evals=  320 shots= 3199975311  gap_final=   713.45  gap_best=   710.08 mHa
LiH_LBFGSB_neyman_T1000000000_P1000000_s7    evals=  384 shots=  383970477  gap_final=   713.45  gap_best=   713.45 mHa
LiH_LBFGSB_neyman_T1000000000_P1000000_s9    evals=  336 shots=  335974074  gap_final=   717.58  gap_best=   717.58 mHa
LiH_LBFGSB_ps_uniform_T1000000_P1000_s2      evals=  310 shots=     286440  gap_final=  1057.75  gap_best=   785.71 mHa
LiH_LBFGSB_ps_uniform_T1000000_P1000_s3      evals=  310 shots=     286440  gap_final=   700.50  gap_best=   427.07 mHa
LiH_LBFGSB_neyman_T10000000000_P10000000_s0  evals=  384 shots= 3839970460  gap_final=   722.49  gap_best=   722.50 mHa
LiH_LBFGSB_ps_uniform_T1000000_P1000_s8      evals=  279 shots=     257796  gap_final=   708.87  gap_best=   462.26 mHa
LiH_LBFGSB_neyman_T10000000000_P10000000_s4  evals=  352 shots= 3519972903  gap_final=   706.36  gap_best=   697.24 mHa
LiH_LBFGSB_ps_uniform_T1000000_P1000_s5      evals=  310 shots=     286440  gap_final=   729.94  gap_best=   461.63 mHa
LiH_LBFGSB_neyman_T1000000000_P1000000_s2    evals=  496 shots=  495961769  gap_final=   707.59  gap_best=   707.59 mHa
LiH_LBFGSB_neyman_T10000000000_P10000000_s6  evals=  336 shots= 3359973999  gap_final=   705.73  gap_best=   705.66 mHa
LiH_LBFGSB_ps_uniform_T10000000_P10000_s4    evals=  248 shots=    2444288  gap_final=   707.01  gap_best=   411.86 mHa
LiH_LBFGSB_ps_uniform_T1000000_P1000_s1      evals=  434 shots=     401016  gap_final=   756.29  gap_best=  1229.74 mHa
LiH_LBFGSB_neyman_T1000000000_P1000000_s0    evals=  576 shots=  575955754  gap_final=   722.49  gap_best=   722.49 mHa
LiH_LBFGSB_neyman_T10000000000_P10000000_s5  evals=  448 shots= 4479965623  gap_final=   706.19  gap_best=   705.41 mHa
LiH_LBFGSB_neyman_T10000000000_P10000000_s2  evals=  464 shots= 4639964443  gap_final=   707.59  gap_best=   707.59 mHa
LiH_LBFGSB_neyman_T10000000000_P10000000_s8  evals=  400 shots= 3999969302  gap_final=   708.87  gap_best=   708.87 mHa
LiH_LBFGSB_ps_uniform_T10000000_P10000_s8    evals=  279 shots=    2749824  gap_final=   708.87  gap_best=   451.39 mHa
LiH_LBFGSB_ps_uniform_T10000000_P10000_s0    evals=  248 shots=    2444288  gap_final=   722.49  gap_best=   417.29 mHa
LiH_LBFGSB_ps_uniform_T10000000_P10000_s7    evals=  341 shots=    3360896  gap_final=   711.55  gap_best=   422.12 mHa
LiH_LBFGSB_ps_uniform_T100000000_P100000_s1  evals=  248 shots=   24786608  gap_final=   701.61  gap_best=   428.31 mHa
LiH_LBFGSB_neyman_T10000000000_P10000000_s9  evals=  464 shots= 4639964255  gap_final=   717.58  gap_best=   717.58 mHa
LiH_LBFGSB_ps_uniform_T100000000_P100000_s2  evals=  248 shots=   24786608  gap_final=   700.70  gap_best=   427.49 mHa
LiH_LBFGSB_ps_uniform_T10000000_P10000_s6    evals=  279 shots=    2749824  gap_final=   708.92  gap_best=   399.88 mHa
LiH_LBFGSB_ps_uniform_T1000000_P1000_s0      evals=  651 shots=     601524  gap_final=   733.86  gap_best=  1525.35 mHa
LiH_LBFGSB_ps_uniform_T1000000_P1000_s4      evals=  341 shots=     315084  gap_final=   703.78  gap_best=  1669.97 mHa
LiH_LBFGSB_ps_uniform_T1000000_P1000_s9      evals=  310 shots=     286440  gap_final=   822.71  gap_best=   541.84 mHa
LiH_LBFGSB_ps_uniform_T10000000_P10000_s1    evals=  341 shots=    3360896  gap_final=   701.92  gap_best=   435.49 mHa
LiH_LBFGSB_ps_uniform_T100000000_P100000_s3  evals=  279 shots=   27884934  gap_final=   699.57  gap_best=   414.18 mHa
LiH_LBFGSB_ps_uniform_T10000000_P10000_s3    evals=  372 shots=    3666432  gap_final=   697.05  gap_best=   448.35 mHa
LiH_LBFGSB_ps_uniform_T10000000_P10000_s9    evals=  279 shots=    2749824  gap_final=   704.49  gap_best=   389.29 mHa
LiH_LBFGSB_ps_uniform_T10000000_P10000_s5    evals=  341 shots=    3360896  gap_final=   706.09  gap_best=   421.65 mHa
LiH_LBFGSB_ps_uniform_T10000000_P10000_s2    evals=  372 shots=    3666432  gap_final=   707.61  gap_best=   424.94 mHa
LiH_LBFGSB_ps_uniform_T1000000_P1000_s6      evals=  403 shots=     372372  gap_final=  1030.93  gap_best=  2102.72 mHa
LiH_LBFGSB_ps_uniform_T1000000_P1000_s7      evals=  403 shots=     372372  gap_final=   787.29  gap_best=  1084.22 mHa
LiH_LBFGSB_ps_uniform_T100000000_P100000_s6  evals=  310 shots=   30983260  gap_final=   702.42  gap_best=   395.10 mHa
LiH_LBFGSB_ps_uniform_T100000000_P100000_s7  evals=  279 shots=   27884934  gap_final=   698.16  gap_best=   404.46 mHa
LiH_LBFGSB_ps_uniform_T100000000_P100000_s8  evals=  558 shots=   55769868  gap_final=   702.35  gap_best=   402.71 mHa
LiH_LBFGSB_ps_uniform_T100000000_P100000_s5  evals=  310 shots=   30983260  gap_final=   700.29  gap_best=   413.48 mHa
LiH_LBFGSB_ps_uniform_T1000000000_P1000000_s7 evals=  372 shots=  371970984  gap_final=   696.35  gap_best=   402.35 mHa
LiH_LBFGSB_ps_uniform_T100000000_P100000_s9  evals=  372 shots=   37179912  gap_final=   699.74  gap_best=   386.02 mHa
LiH_LBFGSB_ps_uniform_T1000000000_P1000000_s4 evals=  279 shots=  278978238  gap_final=   696.82  gap_best=   391.93 mHa
LiH_LBFGSB_ps_uniform_T1000000000_P1000000_s1 evals=  341 shots=  340973402  gap_final=   687.50  gap_best=   408.61 mHa
LiH_LBFGSB_ps_uniform_T100000000_P100000_s4  evals=  496 shots=   49573216  gap_final=   696.34  gap_best=   393.52 mHa
LiH_LBFGSB_ps_neyman_T1000000_P1000_s5       evals=  279 shots=     269402  gap_final=   745.55  gap_best=   439.41 mHa
LiH_LBFGSB_ps_neyman_T1000000_P1000_s1       evals=  248 shots=     239530  gap_final=   701.61  gap_best=   441.02 mHa
LiH_LBFGSB_ps_uniform_T1000000000_P1000000_s9 evals=  775 shots=  774939550  gap_final=   105.95  gap_best=    21.12 mHa
LiH_LBFGSB_ps_uniform_T100000000_P100000_s0  evals=  620 shots=   61966520  gap_final=   704.22  gap_best=   417.60 mHa
LiH_LBFGSB_ps_neyman_T1000000_P1000_s2       evals=  310 shots=     299440  gap_final=   709.24  gap_best=   476.20 mHa
LiH_LBFGSB_ps_neyman_T1000000_P1000_s3       evals=  310 shots=     299403  gap_final=   701.19  gap_best=   533.76 mHa
LiH_LBFGSB_ps_neyman_T10000000_P10000_s1     evals=  248 shots=    2462077  gap_final=   701.61  gap_best=   428.29 mHa
LiH_LBFGSB_ps_neyman_T1000000_P1000_s7       evals=  434 shots=     419173  gap_final=   708.76  gap_best=   423.37 mHa
LiH_LBFGSB_ps_uniform_T1000000000_P1000000_s3 evals=  496 shots=  495961312  gap_final=   691.71  gap_best=   399.96 mHa
LiH_LBFGSB_ps_uniform_T1000000000_P1000000_s0 evals= 1000 shots=  999922000  gap_final=   175.14  gap_best=     2.68 mHa
LiH_LBFGSB_ps_uniform_T1000000000_P1000000_s8 evals=  930 shots=  929927460  gap_final=     0.40  gap_best=     0.40 mHa
LiH_LBFGSB_ps_neyman_T1000000_P1000_s9       evals=  310 shots=     299417  gap_final=   702.80  gap_best=   390.27 mHa
LiH_LBFGSB_ps_uniform_T10000000000_P10000000_s0 evals= 1000 shots= 9999990000  gap_final=   176.16  gap_best=     6.77 mHa
LiH_LBFGSB_ps_neyman_T1000000_P1000_s6       evals=  341 shots=     329340  gap_final=   697.17  gap_best=   444.88 mHa
LiH_LBFGSB_ps_neyman_T1000000_P1000_s0       evals=  434 shots=     419194  gap_final=   722.93  gap_best=   427.83 mHa
LiH_LBFGSB_ps_uniform_T10000000000_P10000000_s2 evals= 1000 shots= 9999990000  gap_final=   137.30  gap_best=     6.65 mHa
LiH_LBFGSB_ps_neyman_T10000000_P10000_s2     evals=  372 shots=    3693135  gap_final=   702.17  gap_best=   418.57 mHa
LiH_LBFGSB_ps_uniform_T1000000000_P1000000_s5 evals= 1000 shots=  999922000  gap_final=   567.97  gap_best=   132.69 mHa
LiH_LBFGSB_ps_neyman_T100000000_P100000_s1   evals=  279 shots=   27879412  gap_final=   690.27  gap_best=   407.54 mHa
LiH_LBFGSB_ps_neyman_T10000000_P10000_s7     evals=  310 shots=    3077563  gap_final=   700.32  gap_best=   401.96 mHa
LiH_LBFGSB_ps_neyman_T10000000_P10000_s8     evals=  310 shots=    3077524  gap_final=   695.29  gap_best=   384.91 mHa
LiH_LBFGSB_ps_uniform_T1000000000_P1000000_s2 evals= 1000 shots=  999922000  gap_final=   123.98  gap_best=     1.84 mHa
LiH_LBFGSB_ps_uniform_T10000000000_P10000000_s1 evals=  651 shots= 6509993490  gap_final=   460.73  gap_best=   306.23 mHa
LiH_LBFGSB_ps_neyman_T10000000_P10000_s3     evals=  248 shots=    2461965  gap_final=   695.59  gap_best=   425.07 mHa
LiH_LBFGSB_ps_neyman_T10000000_P10000_s5     evals=  248 shots=    2462004  gap_final=   706.19  gap_best=   422.36 mHa
LiH_LBFGSB_ps_neyman_T10000000_P10000_s9     evals=  248 shots=    2461991  gap_final=   701.45  gap_best=   381.86 mHa
LiH_LBFGSB_ps_neyman_T100000000_P100000_s2   evals=  279 shots=   27879245  gap_final=   698.40  gap_best=   410.88 mHa
LiH_LBFGSB_ps_neyman_T10000000_P10000_s4     evals=  403 shots=    4000830  gap_final=   695.56  gap_best=   394.20 mHa
LiH_LBFGSB_ps_neyman_T1000000_P1000_s4       evals=  527 shots=     508989  gap_final=   709.08  gap_best=   456.48 mHa
LiH_LBFGSB_ps_neyman_T1000000_P1000_s8       evals=  434 shots=     419249  gap_final=   708.87  gap_best=   410.13 mHa
LiH_LBFGSB_ps_neyman_T100000000_P100000_s0   evals=  372 shots=   37172366  gap_final=   699.15  gap_best=   394.14 mHa
LiH_LBFGSB_ps_neyman_T10000000_P10000_s6     evals=  372 shots=    3693035  gap_final=   696.65  gap_best=   374.40 mHa
LiH_LBFGSB_ps_uniform_T1000000000_P1000000_s6 evals= 1000 shots=  999922000  gap_final=   547.26  gap_best=     5.72 mHa
LiH_LBFGSB_ps_neyman_T10000000_P10000_s0     evals=  496 shots=    4924123  gap_final=   699.41  gap_best=   401.41 mHa
LiH_LBFGSB_ps_neyman_T100000000_P100000_s3   evals=  279 shots=   27879367  gap_final=   693.92  gap_best=   407.47 mHa
LiH_LBFGSB_ps_uniform_T10000000000_P10000000_s5 evals= 1000 shots= 9999990000  gap_final=   253.53  gap_best=     7.45 mHa
LiH_LBFGSB_ps_uniform_T10000000000_P10000000_s3 evals= 1000 shots= 9999990000  gap_final=   127.83  gap_best=     0.29 mHa
LiH_LBFGSB_ps_uniform_T10000000000_P10000000_s4 evals= 1000 shots= 9999990000  gap_final=   217.55  gap_best=     7.26 mHa
LiH_LBFGSB_ps_uniform_T10000000000_P10000000_s6 evals=  899 shots= 8989991010  gap_final=     0.59  gap_best=     0.59 mHa
LiH_LBFGSB_ps_uniform_T10000000000_P10000000_s7 evals= 1000 shots= 9999990000  gap_final=   197.42  gap_best=     0.16 mHa
LiH_LBFGSB_ps_uniform_T10000000000_P10000000_s8 evals=  899 shots= 8989991010  gap_final=     0.88  gap_best=     0.88 mHa
LiH_LBFGSB_ps_exact_T100000000_P100000_s1    evals= 1000 shots=          0  gap_final=   213.85  gap_best=     0.50 mHa
LiH_LBFGSB_ps_uniform_T10000000000_P10000000_s9 evals= 1000 shots= 9999990000  gap_final=   288.06  gap_best=     0.61 mHa
LiH_LBFGSB_ps_exact_T100000000_P100000_s0    evals= 1000 shots=          0  gap_final=   178.99  gap_best=     2.09 mHa
LiH_LBFGSB_ps_exact_T100000000_P100000_s3    evals= 1000 shots=          0  gap_final=   110.12  gap_best=     0.17 mHa
LiH_LBFGSB_ps_neyman_T1000000000_P1000000_s7 evals=  837 shots=  836935560  gap_final=     0.55  gap_best=     0.55 mHa
LiH_LBFGSB_ps_exact_T100000000_P100000_s4    evals= 1000 shots=          0  gap_final=   228.24  gap_best=     0.07 mHa
LiH_LBFGSB_ps_neyman_T100000000_P100000_s4   evals=  806 shots=   80537893  gap_final=     2.82  gap_best=     2.82 mHa
LiH_LBFGSB_ps_exact_T100000000_P100000_s2    evals= 1000 shots=          0  gap_final=   190.60  gap_best=     0.20 mHa
LiH_LBFGSB_ps_neyman_T100000000_P100000_s6   evals=  837 shots=   83635400  gap_final=    26.28  gap_best=    26.28 mHa
LiH_LBFGSB_ps_neyman_T1000000000_P1000000_s6 evals= 1000 shots=  999922549  gap_final=   919.06  gap_best=     0.27 mHa
LiH_LBFGSB_ps_exact_T100000000_P100000_s7    evals= 1000 shots=          0  gap_final=   194.84  gap_best=     0.15 mHa
LiH_LBFGSB_ps_neyman_T1000000000_P1000000_s8 evals= 1000 shots=  999922959  gap_final=   629.03  gap_best=     0.28 mHa
LiH_LBFGSB_ps_exact_T100000000_P100000_s8    evals= 1000 shots=          0  gap_final=   444.52  gap_best=     0.10 mHa
LiH_LBFGSB_ps_exact_T100000000_P100000_s6    evals=  930 shots=          0  gap_final=     0.12  gap_best=     0.12 mHa
LiH_LBFGSB_ps_exact_T100000000_P100000_s5    evals= 1000 shots=          0  gap_final=   336.43  gap_best=     3.88 mHa
LiH_LBFGSB_ps_neyman_T10000000000_P10000000_s3 evals= 1000 shots= 9999922978  gap_final=   115.28  gap_best=     0.30 mHa
LiH_LBFGSB_ps_exact_T100000000_P100000_s9    evals= 1000 shots=          0  gap_final=   409.19  gap_best=     0.10 mHa
LiH_LBFGSB_ps_neyman_T100000000_P100000_s5   evals= 1000 shots=   99923327  gap_final=   239.50  gap_best=     3.47 mHa
LiH_LBFGSB_ps_neyman_T10000000000_P10000000_s2 evals= 1000 shots= 9999923295  gap_final=   252.42  gap_best=     0.27 mHa
LiH_LBFGSB_ps_neyman_T10000000000_P10000000_s6 evals=  837 shots= 8369935347  gap_final=     2.20  gap_best=     2.20 mHa
LiH_LBFGSB_ps_neyman_T100000000_P100000_s8   evals=  837 shots=   83636032  gap_final=     1.54  gap_best=     1.54 mHa
LiH_LBFGSB_ps_neyman_T1000000000_P1000000_s3 evals=  899 shots=  898930582  gap_final=     0.76  gap_best=     0.76 mHa
LiH_LBFGSB_ps_neyman_T10000000000_P10000000_s7 evals= 1000 shots= 9999923114  gap_final=   208.24  gap_best=    16.04 mHa
LiH_LBFGSB_ps_neyman_T100000000_P100000_s9   evals= 1000 shots=   99923477  gap_final=   266.56  gap_best=     2.30 mHa
LiH_LBFGSB_ps_neyman_T10000000000_P10000000_s4 evals= 1000 shots= 9999923053  gap_final=   208.31  gap_best=     0.26 mHa
LiH_LBFGSB_ps_neyman_T100000000_P100000_s7   evals=  992 shots=   99123780  gap_final=     3.48  gap_best=     3.48 mHa
LiH_LBFGSB_ps_neyman_T1000000000_P1000000_s4 evals=  868 shots=  867933427  gap_final=     9.24  gap_best=     9.24 mHa
LiH_LBFGSB_ps_neyman_T1000000000_P1000000_s0 evals=  961 shots=  960926254  gap_final=     3.30  gap_best=     3.30 mHa
LiH_LBFGSB_ps_neyman_T1000000000_P1000000_s1 evals= 1000 shots=  999922754  gap_final=   207.34  gap_best=     1.10 mHa
LiH_LBFGSB_ps_neyman_T1000000000_P1000000_s2 evals= 1000 shots=  999923377  gap_final=   106.61  gap_best=     0.68 mHa
LiH_LBFGSB_ps_neyman_T1000000000_P1000000_s5 evals= 1000 shots=  999923016  gap_final=   275.50  gap_best=    18.37 mHa
LiH_LBFGSB_ps_neyman_T10000000000_P10000000_s1 evals= 1000 shots= 9999923041  gap_final=   259.75  gap_best=     0.55 mHa
LiH_LBFGSB_ps_neyman_T1000000000_P1000000_s9 evals= 1000 shots=  999923051  gap_final=   279.05  gap_best=     0.66 mHa
LiH_LBFGSB_ps_neyman_T10000000000_P10000000_s0 evals= 1000 shots= 9999923160  gap_final=   193.67  gap_best=     0.82 mHa
LiH_COBYLA_r_uniform_T1000000_P1000_s2       evals= 1000 shots=     924000  gap_final=  1226.63  gap_best=  1226.63 mHa
LiH_COBYLA_r_uniform_T1000000_P1000_s3       evals= 1000 shots=     924000  gap_final=   919.79  gap_best=   919.79 mHa
LiH_LBFGSB_ps_neyman_T10000000000_P10000000_s9 evals=  868 shots= 8679933078  gap_final=     1.17  gap_best=     1.17 mHa
LiH_COBYLA_r_uniform_T1000000_P1000_s4       evals= 1000 shots=     924000  gap_final=  1262.88  gap_best=  1262.88 mHa
LiH_LBFGSB_ps_neyman_T10000000000_P10000000_s5 evals= 1000 shots= 9999922842  gap_final=   282.41  gap_best=     0.22 mHa
LiH_LBFGSB_ps_neyman_T10000000000_P10000000_s8 evals= 1000 shots= 9999922844  gap_final=   599.22  gap_best=     0.25 mHa
LiH_COBYLA_r_uniform_T1000000_P1000_s1       evals= 1000 shots=     924000  gap_final=  1212.29  gap_best=  1212.29 mHa
LiH_COBYLA_r_uniform_T10000000_P10000_s2     evals= 1000 shots=    9856000  gap_final=   948.58  gap_best=   767.49 mHa
LiH_COBYLA_r_uniform_T1000000_P1000_s8       evals= 1000 shots=     924000  gap_final=  1011.72  gap_best=   936.90 mHa
LiH_COBYLA_r_uniform_T10000000_P10000_s1     evals= 1000 shots=    9856000  gap_final=   789.27  gap_best=   789.27 mHa
LiH_COBYLA_r_uniform_T1000000_P1000_s5       evals= 1000 shots=     924000  gap_final=   989.28  gap_best=   989.28 mHa
LiH_COBYLA_r_uniform_T100000000_P100000_s2   evals= 1000 shots=   99946000  gap_final=   595.58  gap_best=   595.58 mHa
LiH_COBYLA_r_uniform_T1000000_P1000_s0       evals= 1000 shots=     924000  gap_final=  1211.65  gap_best=  1211.65 mHa
LiH_COBYLA_r_uniform_T100000000_P100000_s3   evals= 1000 shots=   99946000  gap_final=   563.36  gap_best=   563.36 mHa
LiH_COBYLA_r_uniform_T100000000_P100000_s4   evals= 1000 shots=   99946000  gap_final=   249.49  gap_best=   249.49 mHa
LiH_COBYLA_r_uniform_T1000000_P1000_s7       evals= 1000 shots=     924000  gap_final=   756.85  gap_best=   756.85 mHa
LiH_COBYLA_r_uniform_T100000000_P100000_s1   evals= 1000 shots=   99946000  gap_final=   489.39  gap_best=   489.39 mHa
LiH_COBYLA_r_uniform_T1000000_P1000_s6       evals= 1000 shots=     924000  gap_final=   824.87  gap_best=   824.87 mHa
LiH_COBYLA_r_uniform_T100000000_P100000_s0   evals= 1000 shots=   99946000  gap_final=   603.80  gap_best=   603.80 mHa
LiH_COBYLA_r_uniform_T100000000_P100000_s7   evals= 1000 shots=   99946000  gap_final=   579.89  gap_best=   579.89 mHa
LiH_COBYLA_r_uniform_T10000000_P10000_s0     evals= 1000 shots=    9856000  gap_final=   881.05  gap_best=   881.05 mHa
LiH_COBYLA_r_uniform_T1000000_P1000_s9       evals= 1000 shots=     924000  gap_final=   969.72  gap_best=   969.72 mHa
LiH_COBYLA_r_uniform_T10000000_P10000_s4     evals= 1000 shots=    9856000  gap_final=   804.96  gap_best=   720.03 mHa
LiH_COBYLA_r_uniform_T10000000_P10000_s5     evals= 1000 shots=    9856000  gap_final=   839.27  gap_best=   907.41 mHa
LiH_COBYLA_r_uniform_T1000000000_P1000000_s0 evals= 1000 shots=  999922000  gap_final=   151.56  gap_best=   151.56 mHa
LiH_COBYLA_r_uniform_T10000000_P10000_s6     evals= 1000 shots=    9856000  gap_final=   914.51  gap_best=   788.87 mHa
LiH_COBYLA_r_uniform_T10000000_P10000_s3     evals= 1000 shots=    9856000  gap_final=   787.42  gap_best=   780.00 mHa
LiH_COBYLA_r_uniform_T100000000_P100000_s9   evals= 1000 shots=   99946000  gap_final=   606.40  gap_best=   606.40 mHa
LiH_COBYLA_r_uniform_T10000000_P10000_s7     evals= 1000 shots=    9856000  gap_final=   679.84  gap_best=   679.84 mHa
LiH_COBYLA_r_uniform_T10000000_P10000_s8     evals= 1000 shots=    9856000  gap_final=   802.54  gap_best=   802.54 mHa
LiH_COBYLA_r_uniform_T1000000000_P1000000_s4 evals= 1000 shots=  999922000  gap_final=    87.13  gap_best=    87.13 mHa
LiH_COBYLA_r_uniform_T10000000_P10000_s9     evals= 1000 shots=    9856000  gap_final=   685.52  gap_best=   682.38 mHa
LiH_COBYLA_r_uniform_T1000000000_P1000000_s6 evals= 1000 shots=  999922000  gap_final=   191.99  gap_best=   191.99 mHa
LiH_COBYLA_r_uniform_T100000000_P100000_s8   evals= 1000 shots=   99946000  gap_final=   607.63  gap_best=   607.63 mHa
LiH_COBYLA_r_uniform_T100000000_P100000_s6   evals= 1000 shots=   99946000  gap_final=   569.03  gap_best=   569.03 mHa
LiH_COBYLA_r_uniform_T100000000_P100000_s5   evals= 1000 shots=   99946000  gap_final=   726.92  gap_best=   637.90 mHa
LiH_COBYLA_r_uniform_T1000000000_P1000000_s2 evals= 1000 shots=  999922000  gap_final=    67.15  gap_best=    67.15 mHa
LiH_COBYLA_r_uniform_T10000000000_P10000000_s0 evals= 1000 shots= 9999990000  gap_final=     8.34  gap_best=     8.34 mHa
LiH_COBYLA_r_uniform_T1000000000_P1000000_s1 evals= 1000 shots=  999922000  gap_final=   374.35  gap_best=   374.35 mHa
LiH_COBYLA_r_uniform_T10000000000_P10000000_s1 evals= 1000 shots= 9999990000  gap_final=   149.25  gap_best=   149.36 mHa
LiH_COBYLA_r_uniform_T10000000000_P10000000_s6 evals= 1000 shots= 9999990000  gap_final=   166.15  gap_best=   166.15 mHa
LiH_COBYLA_r_uniform_T1000000000_P1000000_s7 evals= 1000 shots=  999922000  gap_final=    84.03  gap_best=    84.03 mHa
LiH_COBYLA_r_uniform_T1000000000_P1000000_s5 evals= 1000 shots=  999922000  gap_final=   336.26  gap_best=   336.26 mHa
LiH_COBYLA_r_uniform_T1000000000_P1000000_s3 evals= 1000 shots=  999922000  gap_final=   253.65  gap_best=   253.65 mHa
LiH_COBYLA_r_neyman_T1000000_P1000_s4        evals= 1000 shots=     965778  gap_final=   809.17  gap_best=   809.17 mHa
LiH_COBYLA_r_uniform_T10000000000_P10000000_s3 evals= 1000 shots= 9999990000  gap_final=    85.96  gap_best=    85.96 mHa
LiH_COBYLA_r_neyman_T1000000_P1000_s7        evals= 1000 shots=     965586  gap_final=   729.72  gap_best=   729.72 mHa
LiH_COBYLA_r_neyman_T1000000_P1000_s9        evals= 1000 shots=     965446  gap_final=   798.46  gap_best=   689.20 mHa
LiH_COBYLA_r_uniform_T10000000000_P10000000_s7 evals= 1000 shots= 9999990000  gap_final=   158.13  gap_best=   158.13 mHa
LiH_COBYLA_r_neyman_T1000000_P1000_s1        evals= 1000 shots=     965042  gap_final=   773.70  gap_best=   773.70 mHa
LiH_COBYLA_r_neyman_T10000000_P10000_s0      evals= 1000 shots=    9926766  gap_final=   534.36  gap_best=   534.36 mHa
LiH_COBYLA_r_uniform_T1000000000_P1000000_s8 evals= 1000 shots=  999922000  gap_final=   305.21  gap_best=   305.21 mHa
LiH_COBYLA_r_uniform_T1000000000_P1000000_s9 evals= 1000 shots=  999922000  gap_final=   204.59  gap_best=   204.59 mHa
LiH_COBYLA_r_uniform_T10000000000_P10000000_s2 evals= 1000 shots= 9999990000  gap_final=    11.22  gap_best=    11.22 mHa
LiH_COBYLA_r_uniform_T10000000000_P10000000_s8 evals= 1000 shots= 9999990000  gap_final=   213.48  gap_best=   213.48 mHa
LiH_COBYLA_r_uniform_T10000000000_P10000000_s4 evals= 1000 shots= 9999990000  gap_final=    60.54  gap_best=    60.54 mHa
LiH_COBYLA_r_neyman_T10000000_P10000_s4      evals= 1000 shots=    9931710  gap_final=   634.81  gap_best=   634.81 mHa
LiH_COBYLA_r_neyman_T1000000_P1000_s3        evals= 1000 shots=     965366  gap_final=   864.91  gap_best=   760.70 mHa
LiH_COBYLA_r_neyman_T10000000_P10000_s5      evals= 1000 shots=    9930255  gap_final=   674.01  gap_best=   674.01 mHa
LiH_COBYLA_r_neyman_T1000000_P1000_s0        evals= 1000 shots=     966023  gap_final=   840.83  gap_best=   838.98 mHa
LiH_COBYLA_r_uniform_T10000000000_P10000000_s5 evals= 1000 shots= 9999990000  gap_final=    27.85  gap_best=    27.85 mHa
LiH_COBYLA_r_neyman_T10000000_P10000_s6      evals= 1000 shots=    9930226  gap_final=   563.84  gap_best=   563.84 mHa
LiH_COBYLA_r_uniform_T10000000000_P10000000_s9 evals= 1000 shots= 9999990000  gap_final=   148.16  gap_best=   148.16 mHa
LiH_COBYLA_r_neyman_T1000000_P1000_s2        evals= 1000 shots=     965614  gap_final=   743.36  gap_best=   732.60 mHa
LiH_COBYLA_r_neyman_T10000000_P10000_s7      evals= 1000 shots=    9929213  gap_final=   604.37  gap_best=   604.37 mHa
LiH_COBYLA_r_neyman_T1000000_P1000_s8        evals= 1000 shots=     965426  gap_final=  1000.16  gap_best=   808.99 mHa
LiH_COBYLA_r_neyman_T1000000_P1000_s5        evals= 1000 shots=     965488  gap_final=   714.92  gap_best=   699.08 mHa
LiH_COBYLA_r_neyman_T1000000_P1000_s6        evals= 1000 shots=     965236  gap_final=   801.72  gap_best=   801.72 mHa
LiH_COBYLA_r_neyman_T10000000_P10000_s2      evals= 1000 shots=    9929486  gap_final=   679.14  gap_best=   679.14 mHa
LiH_COBYLA_r_neyman_T10000000_P10000_s1      evals= 1000 shots=    9930373  gap_final=   637.97  gap_best=   637.97 mHa
LiH_COBYLA_r_neyman_T100000000_P100000_s4    evals= 1000 shots=   99922555  gap_final=   207.42  gap_best=   207.42 mHa
LiH_COBYLA_r_neyman_T100000000_P100000_s2    evals= 1000 shots=   99922326  gap_final=   179.10  gap_best=   179.10 mHa
LiH_COBYLA_r_neyman_T10000000_P10000_s3      evals= 1000 shots=    9926782  gap_final=   533.67  gap_best=   533.67 mHa
LiH_COBYLA_r_neyman_T100000000_P100000_s1    evals= 1000 shots=   99922059  gap_final=   303.59  gap_best=   303.59 mHa
LiH_COBYLA_r_neyman_T100000000_P100000_s9    evals= 1000 shots=   99921870  gap_final=   481.48  gap_best=   481.48 mHa
LiH_COBYLA_r_neyman_T100000000_P100000_s3    evals= 1000 shots=   99921699  gap_final=   293.49  gap_best=   293.49 mHa
LiH_COBYLA_r_exact_T100000000_P100000_s1     evals= 1000 shots=          0  gap_final=   147.44  gap_best=   147.44 mHa
LiH_COBYLA_r_neyman_T100000000_P100000_s0    evals= 1000 shots=   99922051  gap_final=   216.68  gap_best=   216.68 mHa
LiH_COBYLA_r_neyman_T1000000000_P1000000_s3  evals= 1000 shots=  999922473  gap_final=   203.65  gap_best=   203.65 mHa
LiH_COBYLA_r_exact_T100000000_P100000_s2     evals= 1000 shots=          0  gap_final=     0.07  gap_best=     0.07 mHa
LiH_COBYLA_r_neyman_T10000000_P10000_s8      evals= 1000 shots=    9930121  gap_final=   737.22  gap_best=   737.22 mHa
LiH_COBYLA_r_exact_T100000000_P100000_s0     evals= 1000 shots=          0  gap_final=     0.23  gap_best=     0.23 mHa
LiH_COBYLA_r_neyman_T100000000_P100000_s6    evals= 1000 shots=   99921765  gap_final=   245.20  gap_best=   245.20 mHa
LiH_COBYLA_r_neyman_T10000000_P10000_s9      evals= 1000 shots=    9929268  gap_final=   625.61  gap_best=   625.61 mHa
LiH_COBYLA_r_exact_T100000000_P100000_s4     evals= 1000 shots=          0  gap_final=     0.09  gap_best=     0.09 mHa
LiH_COBYLA_r_exact_T100000000_P100000_s3     evals= 1000 shots=          0  gap_final=     1.61  gap_best=     1.61 mHa
LiH_COBYLA_r_exact_T100000000_P100000_s5     evals= 1000 shots=          0  gap_final=     0.55  gap_best=     0.55 mHa
LiH_COBYLA_r_exact_T100000000_P100000_s6     evals= 1000 shots=          0  gap_final=     0.16  gap_best=     0.16 mHa
LiH_COBYLA_r_neyman_T1000000000_P1000000_s5  evals= 1000 shots=  999922994  gap_final=    29.90  gap_best=    29.90 mHa
LiH_COBYLA_r_neyman_T1000000000_P1000000_s1  evals= 1000 shots=  999923311  gap_final=   122.76  gap_best=   122.76 mHa
LiH_COBYLA_r_neyman_T1000000000_P1000000_s6  evals= 1000 shots=  999924063  gap_final=   135.23  gap_best=   135.23 mHa
LiH_COBYLA_r_exact_T100000000_P100000_s9     evals= 1000 shots=          0  gap_final=   147.56  gap_best=   147.56 mHa
LiH_COBYLA_r_exact_T100000000_P100000_s8     evals= 1000 shots=          0  gap_final=   147.56  gap_best=   147.56 mHa
LiH_COBYLA_r_neyman_T1000000000_P1000000_s4  evals= 1000 shots=  999923169  gap_final=    70.47  gap_best=    70.47 mHa
LiH_COBYLA_r_neyman_T10000000000_P10000000_s2 evals= 1000 shots= 9999923300  gap_final=    15.47  gap_best=    14.29 mHa
LiH_COBYLA_r_neyman_T10000000000_P10000000_s4 evals= 1000 shots= 9999922913  gap_final=    92.59  gap_best=    91.18 mHa
LiH_COBYLA_r_neyman_T1000000000_P1000000_s8  evals= 1000 shots=  999923111  gap_final=   224.00  gap_best=   224.00 mHa
LiH_COBYLA_r_exact_T100000000_P100000_s7     evals= 1000 shots=          0  gap_final=   147.56  gap_best=   147.56 mHa
LiH_COBYLA_r_neyman_T100000000_P100000_s5    evals= 1000 shots=   99922516  gap_final=   506.97  gap_best=   506.97 mHa
LiH_COBYLA_r_neyman_T100000000_P100000_s7    evals= 1000 shots=   99924290  gap_final=   443.28  gap_best=   443.28 mHa
LiH_COBYLA_r_neyman_T1000000000_P1000000_s0  evals= 1000 shots=  999923138  gap_final=   251.40  gap_best=   251.40 mHa
LiH_COBYLA_r_neyman_T1000000000_P1000000_s7  evals= 1000 shots=  999923237  gap_final=    49.24  gap_best=    49.24 mHa
LiH_COBYLA_r_neyman_T100000000_P100000_s8    evals= 1000 shots=   99922357  gap_final=   524.28  gap_best=   524.28 mHa
LiH_COBYLA_r_neyman_T10000000000_P10000000_s8 evals= 1000 shots= 9999922926  gap_final=    31.39  gap_best=    31.39 mHa
LiH_COBYLA_r_neyman_T1000000000_P1000000_s2  evals= 1000 shots=  999923193  gap_final=     6.30  gap_best=     6.30 mHa
LiH_COBYLA_r_neyman_T1000000000_P1000000_s9  evals= 1000 shots=  999923222  gap_final=   231.06  gap_best=   231.06 mHa
LiH_COBYLA_r_neyman_T10000000000_P10000000_s0 evals= 1000 shots= 9999922977  gap_final=     7.85  gap_best=     7.85 mHa
LiH_COBYLA_r_neyman_T10000000000_P10000000_s1 evals= 1000 shots= 9999922822  gap_final=   150.77  gap_best=   150.65 mHa
LiH_LBFGSB_r_uniform_T1000000_P1000_s0       evals= 1000 shots=     924000  gap_final=   722.49  gap_best=   873.13 mHa
LiH_COBYLA_r_neyman_T10000000000_P10000000_s3 evals= 1000 shots= 9999922891  gap_final=     5.97  gap_best=     5.97 mHa
LiH_LBFGSB_r_uniform_T1000000_P1000_s1       evals= 1000 shots=     924000  gap_final=   701.61  gap_best=  1325.13 mHa
LiH_COBYLA_r_neyman_T10000000000_P10000000_s5 evals= 1000 shots= 9999923040  gap_final=    18.25  gap_best=    18.25 mHa
LiH_LBFGSB_r_uniform_T1000000_P1000_s4       evals= 1000 shots=     924000  gap_final=   706.36  gap_best=   944.57 mHa
LiH_LBFGSB_r_uniform_T1000000_P1000_s7       evals= 1000 shots=     924000  gap_final=   713.45  gap_best=  1074.62 mHa
LiH_LBFGSB_r_uniform_T1000000_P1000_s8       evals= 1000 shots=     924000  gap_final=   708.87  gap_best=   913.24 mHa
LiH_COBYLA_r_neyman_T10000000000_P10000000_s7 evals= 1000 shots= 9999922807  gap_final=   162.74  gap_best=   162.74 mHa
LiH_COBYLA_r_neyman_T10000000000_P10000000_s6 evals= 1000 shots= 9999923181  gap_final=   149.68  gap_best=   149.68 mHa
LiH_LBFGSB_r_uniform_T10000000_P10000_s1     evals= 1000 shots=    9856000  gap_final=   701.61  gap_best=   701.61 mHa
LiH_LBFGSB_r_uniform_T10000000_P10000_s2     evals= 1000 shots=    9856000  gap_final=   707.59  gap_best=  1033.61 mHa
LiH_LBFGSB_r_uniform_T10000000_P10000_s7     evals= 1000 shots=    9856000  gap_final=   713.45  gap_best=   825.47 mHa
LiH_COBYLA_r_neyman_T10000000000_P10000000_s9 evals= 1000 shots= 9999923089  gap_final=   153.35  gap_best=   153.35 mHa
LiH_LBFGSB_r_uniform_T1000000_P1000_s2       evals= 1000 shots=     924000  gap_final=   707.59  gap_best=  1005.90 mHa
LiH_LBFGSB_r_uniform_T100000000_P100000_s0   evals= 1000 shots=   99946000  gap_final=   722.49  gap_best=   722.49 mHa
LiH_LBFGSB_r_uniform_T10000000_P10000_s0     evals= 1000 shots=    9856000  gap_final=   722.49  gap_best=   738.82 mHa
LiH_LBFGSB_r_uniform_T1000000_P1000_s6       evals= 1000 shots=     924000  gap_final=   705.73  gap_best=  1523.32 mHa
LiH_LBFGSB_r_uniform_T1000000_P1000_s3       evals= 1000 shots=     924000  gap_final=   699.57  gap_best=   791.64 mHa
LiH_LBFGSB_r_uniform_T1000000_P1000_s9       evals= 1000 shots=     924000  gap_final=   717.58  gap_best=   797.39 mHa
LiH_LBFGSB_r_uniform_T1000000_P1000_s5       evals= 1000 shots=     924000  gap_final=   706.19  gap_best=  1061.37 mHa
LiH_LBFGSB_r_uniform_T100000000_P100000_s5   evals= 1000 shots=   99946000  gap_final=   706.19  gap_best=   706.19 mHa
LiH_LBFGSB_r_uniform_T10000000_P10000_s3     evals= 1000 shots=    9856000  gap_final=   699.57  gap_best=   729.95 mHa
LiH_LBFGSB_r_uniform_T10000000_P10000_s4     evals= 1000 shots=    9856000  gap_final=   706.36  gap_best=   879.46 mHa
LiH_LBFGSB_r_uniform_T10000000_P10000_s5     evals= 1000 shots=    9856000  gap_final=   706.19  gap_best=   907.00 mHa
LiH_LBFGSB_r_uniform_T100000000_P100000_s9   evals= 1000 shots=   99946000  gap_final=   717.58  gap_best=   738.26 mHa
LiH_LBFGSB_r_uniform_T1000000000_P1000000_s1 evals= 1000 shots=  999922000  gap_final=   701.61  gap_best=   701.61 mHa
LiH_LBFGSB_r_uniform_T10000000_P10000_s6     evals= 1000 shots=    9856000  gap_final=   705.73  gap_best=   742.71 mHa
LiH_LBFGSB_r_uniform_T1000000000_P1000000_s4 evals= 1000 shots=  999922000  gap_final=   706.36  gap_best=   706.36 mHa
LiH_LBFGSB_r_uniform_T10000000_P10000_s8     evals= 1000 shots=    9856000  gap_final=   708.87  gap_best=   851.08 mHa
LiH_LBFGSB_r_uniform_T10000000_P10000_s9     evals= 1000 shots=    9856000  gap_final=   717.58  gap_best=   735.20 mHa
LiH_LBFGSB_r_uniform_T1000000000_P1000000_s5 evals= 1000 shots=  999922000  gap_final=   706.19  gap_best=   706.19 mHa
LiH_LBFGSB_r_uniform_T100000000_P100000_s2   evals= 1000 shots=   99946000  gap_final=   707.59  gap_best=   708.79 mHa
LiH_LBFGSB_r_uniform_T100000000_P100000_s1   evals= 1000 shots=   99946000  gap_final=   701.61  gap_best=   698.09 mHa
LiH_LBFGSB_r_uniform_T1000000000_P1000000_s6 evals= 1000 shots=  999922000  gap_final=   705.73  gap_best=   705.73 mHa
LiH_LBFGSB_r_uniform_T1000000000_P1000000_s9 evals= 1000 shots=  999922000  gap_final=   717.58  gap_best=   706.83 mHa
LiH_LBFGSB_r_uniform_T100000000_P100000_s3   evals= 1000 shots=   99946000  gap_final=   699.57  gap_best=   699.57 mHa
LiH_LBFGSB_r_uniform_T100000000_P100000_s6   evals= 1000 shots=   99946000  gap_final=   705.73  gap_best=   710.06 mHa
LiH_LBFGSB_r_uniform_T1000000000_P1000000_s0 evals= 1000 shots=  999922000  gap_final=   722.49  gap_best=   726.75 mHa
LiH_LBFGSB_r_uniform_T100000000_P100000_s4   evals= 1000 shots=   99946000  gap_final=   706.36  gap_best=   706.36 mHa
LiH_LBFGSB_r_uniform_T100000000_P100000_s7   evals= 1000 shots=   99946000  gap_final=   713.45  gap_best=   706.40 mHa
LiH_LBFGSB_r_uniform_T100000000_P100000_s8   evals= 1000 shots=   99946000  gap_final=   708.87  gap_best=   715.64 mHa
LiH_LBFGSB_r_uniform_T1000000000_P1000000_s3 evals= 1000 shots=  999922000  gap_final=   699.57  gap_best=   699.71 mHa
LiH_LBFGSB_r_uniform_T1000000000_P1000000_s2 evals= 1000 shots=  999922000  gap_final=   707.59  gap_best=   707.60 mHa
LiH_LBFGSB_r_uniform_T10000000000_P10000000_s5 evals= 1000 shots= 9999990000  gap_final=   706.19  gap_best=   706.19 mHa
LiH_LBFGSB_r_uniform_T1000000000_P1000000_s8 evals= 1000 shots=  999922000  gap_final=   708.87  gap_best=   680.10 mHa
LiH_LBFGSB_r_uniform_T10000000000_P10000000_s9 evals= 1000 shots= 9999990000  gap_final=   717.58  gap_best=   717.58 mHa
LiH_LBFGSB_r_neyman_T1000000_P1000_s0        evals= 1000 shots=     964432  gap_final=   722.49  gap_best=   888.99 mHa
LiH_LBFGSB_r_neyman_T1000000_P1000_s2        evals= 1000 shots=     964329  gap_final=   707.59  gap_best=   754.34 mHa
LiH_LBFGSB_r_neyman_T1000000_P1000_s5        evals= 1000 shots=     964344  gap_final=   706.19  gap_best=   706.19 mHa
LiH_LBFGSB_r_uniform_T1000000000_P1000000_s7 evals= 1000 shots=  999922000  gap_final=   713.45  gap_best=   713.45 mHa
LiH_LBFGSB_r_neyman_T1000000_P1000_s6        evals= 1000 shots=     964336  gap_final=   705.73  gap_best=   705.73 mHa
LiH_LBFGSB_r_uniform_T10000000000_P10000000_s0 evals= 1000 shots= 9999990000  gap_final=   722.49  gap_best=   709.23 mHa
LiH_LBFGSB_r_uniform_T10000000000_P10000000_s1 evals= 1000 shots= 9999990000  gap_final=   701.61  gap_best=   694.89 mHa
LiH_LBFGSB_r_neyman_T1000000_P1000_s8        evals= 1000 shots=     964376  gap_final=   708.87  gap_best=   708.87 mHa
LiH_LBFGSB_r_neyman_T1000000_P1000_s3        evals= 1000 shots=     964357  gap_final=   699.57  gap_best=   699.57 mHa
LiH_LBFGSB_r_uniform_T10000000000_P10000000_s4 evals= 1000 shots= 9999990000  gap_final=   706.36  gap_best=   664.22 mHa
LiH_LBFGSB_r_uniform_T10000000000_P10000000_s2 evals= 1000 shots= 9999990000  gap_final=   707.59  gap_best=   704.66 mHa
LiH_LBFGSB_r_uniform_T10000000000_P10000000_s7 evals= 1000 shots= 9999990000  gap_final=   713.45  gap_best=   702.52 mHa
LiH_LBFGSB_r_neyman_T1000000_P1000_s9        evals= 1000 shots=     964460  gap_final=   717.58  gap_best=   717.58 mHa
LiH_LBFGSB_r_uniform_T10000000000_P10000000_s3 evals= 1000 shots= 9999990000  gap_final=   699.57  gap_best=   699.54 mHa
LiH_LBFGSB_r_uniform_T10000000000_P10000000_s6 evals= 1000 shots= 9999990000  gap_final=   705.73  gap_best=   680.68 mHa
LiH_LBFGSB_r_neyman_T1000000_P1000_s4        evals= 1000 shots=     964501  gap_final=   706.36  gap_best=   706.36 mHa
LiH_LBFGSB_r_uniform_T10000000000_P10000000_s8 evals= 1000 shots= 9999990000  gap_final=   708.87  gap_best=   706.24 mHa
LiH_LBFGSB_r_neyman_T10000000_P10000_s5      evals= 1000 shots=    9929714  gap_final=   706.19  gap_best=   706.19 mHa
LiH_LBFGSB_r_neyman_T1000000_P1000_s1        evals= 1000 shots=     964334  gap_final=   701.61  gap_best=   701.61 mHa
LiH_LBFGSB_r_neyman_T10000000_P10000_s8      evals= 1000 shots=    9929225  gap_final=   708.87  gap_best=   726.21 mHa
LiH_LBFGSB_r_neyman_T100000000_P100000_s0    evals= 1000 shots=   99924367  gap_final=   722.49  gap_best=   722.49 mHa
LiH_LBFGSB_r_neyman_T1000000_P1000_s7        evals= 1000 shots=     964463  gap_final=   713.45  gap_best=   713.47 mHa
LiH_LBFGSB_r_neyman_T100000000_P100000_s1    evals= 1000 shots=   99924096  gap_final=   701.61  gap_best=   701.38 mHa
LiH_LBFGSB_r_neyman_T100000000_P100000_s2    evals= 1000 shots=   99923626  gap_final=   707.59  gap_best=   680.32 mHa
LiH_LBFGSB_r_neyman_T100000000_P100000_s3    evals= 1000 shots=   99923254  gap_final=   699.57  gap_best=   699.57 mHa
LiH_LBFGSB_r_neyman_T10000000_P10000_s0      evals= 1000 shots=    9929426  gap_final=   722.49  gap_best=   722.49 mHa
LiH_LBFGSB_r_neyman_T10000000_P10000_s1      evals= 1000 shots=    9929827  gap_final=   701.61  gap_best=   701.61 mHa
LiH_LBFGSB_r_neyman_T100000000_P100000_s8    evals= 1000 shots=   99924487  gap_final=   708.87  gap_best=   668.42 mHa
LiH_LBFGSB_r_neyman_T10000000_P10000_s2      evals= 1000 shots=    9929153  gap_final=   707.59  gap_best=   708.90 mHa
LiH_LBFGSB_r_neyman_T10000000_P10000_s3      evals= 1000 shots=    9928451  gap_final=   699.56  gap_best=   699.44 mHa
LiH_LBFGSB_r_neyman_T1000000000_P1000000_s3  evals= 1000 shots=  999923082  gap_final=   699.57  gap_best=   699.57 mHa
LiH_LBFGSB_r_neyman_T10000000_P10000_s4      evals= 1000 shots=    9929519  gap_final=   706.36  gap_best=   700.98 mHa
LiH_LBFGSB_r_neyman_T10000000_P10000_s7      evals= 1000 shots=    9929558  gap_final=   713.45  gap_best=   713.45 mHa
LiH_LBFGSB_r_neyman_T1000000000_P1000000_s1  evals= 1000 shots=  999922862  gap_final=   701.61  gap_best=   694.74 mHa
LiH_LBFGSB_r_exact_T100000000_P100000_s1     evals= 1000 shots=          0  gap_final=     0.12  gap_best=     0.12 mHa
LiH_LBFGSB_r_neyman_T10000000_P10000_s6      evals= 1000 shots=    9928935  gap_final=   705.73  gap_best=   705.73 mHa
LiH_LBFGSB_r_neyman_T100000000_P100000_s5    evals= 1000 shots=   99925017  gap_final=   706.19  gap_best=   706.19 mHa
LiH_LBFGSB_r_exact_T100000000_P100000_s0     evals= 1000 shots=          0  gap_final=     0.03  gap_best=     0.03 mHa
LiH_LBFGSB_r_neyman_T10000000_P10000_s9      evals= 1000 shots=    9929812  gap_final=   717.58  gap_best=   717.63 mHa
LiH_LBFGSB_r_neyman_T1000000000_P1000000_s8  evals= 1000 shots=  999923118  gap_final=   708.87  gap_best=   707.11 mHa
LiH_LBFGSB_r_exact_T100000000_P100000_s3     evals= 1000 shots=          0  gap_final=     0.08  gap_best=     0.08 mHa
LiH_LBFGSB_r_exact_T100000000_P100000_s5     evals= 1000 shots=          0  gap_final=     0.05  gap_best=     0.05 mHa
LiH_LBFGSB_r_exact_T100000000_P100000_s4     evals= 1000 shots=          0  gap_final=     0.02  gap_best=     0.02 mHa
LiH_LBFGSB_r_exact_T100000000_P100000_s2     evals= 1000 shots=          0  gap_final=     0.08  gap_best=     0.08 mHa
LiH_LBFGSB_r_neyman_T10000000000_P10000000_s0 evals= 1000 shots= 9999922875  gap_final=   722.49  gap_best=   715.91 mHa
LiH_LBFGSB_r_exact_T100000000_P100000_s6     evals= 1000 shots=          0  gap_final=     0.03  gap_best=     0.03 mHa
LiH_LBFGSB_r_neyman_T100000000_P100000_s4    evals= 1000 shots=   99925050  gap_final=   706.36  gap_best=   706.36 mHa
LiH_LBFGSB_r_exact_T100000000_P100000_s8     evals= 1000 shots=          0  gap_final=     0.01  gap_best=     0.01 mHa
LiH_LBFGSB_r_neyman_T100000000_P100000_s6    evals= 1000 shots=   99924018  gap_final=   705.73  gap_best=   705.79 mHa
LiH_LBFGSB_r_neyman_T10000000000_P10000000_s1 evals= 1000 shots= 9999923178  gap_final=   701.61  gap_best=   689.87 mHa
LiH_LBFGSB_r_exact_T100000000_P100000_s7     evals= 1000 shots=          0  gap_final=     0.14  gap_best=     0.10 mHa
LiH_LBFGSB_r_exact_T100000000_P100000_s9     evals= 1000 shots=          0  gap_final=     0.05  gap_best=     0.05 mHa
LiH_LBFGSB_r_neyman_T10000000000_P10000000_s2 evals= 1000 shots= 9999923093  gap_final=   707.59  gap_best=   699.90 mHa
LiH_LBFGSB_r_neyman_T1000000000_P1000000_s5  evals= 1000 shots=  999922946  gap_final=   706.19  gap_best=   706.19 mHa
LiH_LBFGSB_r_neyman_T100000000_P100000_s9    evals= 1000 shots=   99924438  gap_final=   717.58  gap_best=   717.58 mHa
LiH_LBFGSB_r_neyman_T10000000000_P10000000_s4 evals= 1000 shots= 9999922911  gap_final=   706.36  gap_best=   697.24 mHa
LiH_LBFGSB_r_neyman_T10000000000_P10000000_s5 evals= 1000 shots= 9999923082  gap_final=   706.19  gap_best=   705.41 mHa
LiH_LBFGSB_r_neyman_T100000000_P100000_s7    evals= 1000 shots=   99923831  gap_final=   713.45  gap_best=   713.45 mHa
LiH_LBFGSB_r_neyman_T1000000000_P1000000_s0  evals= 1000 shots=  999923163  gap_final=   722.49  gap_best=   715.99 mHa
LiH_LBFGSB_r_neyman_T1000000000_P1000000_s7  evals= 1000 shots=  999923169  gap_final=   713.45  gap_best=   713.45 mHa
LiH_LBFGSB_r_neyman_T1000000000_P1000000_s4  evals= 1000 shots=  999923106  gap_final=   706.36  gap_best=   698.37 mHa
LiH_LBFGSB_r_neyman_T1000000000_P1000000_s2  evals= 1000 shots=  999923076  gap_final=   707.59  gap_best=   707.59 mHa
LiH_LBFGSB_r_neyman_T1000000000_P1000000_s6  evals= 1000 shots=  999923305  gap_final=   705.73  gap_best=   703.14 mHa
LiH_LBFGSB_r_neyman_T10000000000_P10000000_s8 evals= 1000 shots= 9999923020  gap_final=   708.87  gap_best=   682.68 mHa
LiH_LBFGSB_r_neyman_T1000000000_P1000000_s9  evals= 1000 shots=  999922854  gap_final=   717.58  gap_best=   717.59 mHa
LiH_LBFGSB_r_neyman_T10000000000_P10000000_s3 evals= 1000 shots= 9999923116  gap_final=   699.56  gap_best=   697.87 mHa
LiH_LBFGSB_ps_r_uniform_T1000000_P1000_s2    evals= 1000 shots=     924000  gap_final=  1053.87  gap_best=   785.71 mHa
LiH_LBFGSB_r_neyman_T10000000000_P10000000_s6 evals= 1000 shots= 9999922858  gap_final=   705.73  gap_best=   705.73 mHa
LiH_LBFGSB_ps_r_uniform_T1000000_P1000_s0    evals= 1000 shots=     924000  gap_final=   739.30  gap_best=  1525.35 mHa
LiH_LBFGSB_ps_r_uniform_T1000000_P1000_s5    evals= 1000 shots=     924000  gap_final=  1021.90  gap_best=   833.61 mHa
LiH_LBFGSB_r_neyman_T10000000000_P10000000_s9 evals= 1000 shots= 9999923346  gap_final=   717.58  gap_best=   703.72 mHa
LiH_LBFGSB_ps_r_uniform_T10000000_P10000_s0  evals= 1000 shots=    9856000  gap_final=   741.41  gap_best=   417.29 mHa
LiH_LBFGSB_r_neyman_T10000000000_P10000000_s7 evals= 1000 shots= 9999922970  gap_final=   713.45  gap_best=   710.08 mHa
LiH_LBFGSB_ps_r_uniform_T10000000_P10000_s3  evals= 1000 shots=    9856000  gap_final=   697.05  gap_best=   448.35 mHa
LiH_LBFGSB_ps_r_uniform_T10000000_P10000_s4  evals= 1000 shots=    9856000  gap_final=   736.06  gap_best=   492.89 mHa
LiH_LBFGSB_ps_r_uniform_T100000000_P100000_s1 evals= 1000 shots=   99946000  gap_final=   690.02  gap_best=   412.70 mHa
LiH_LBFGSB_ps_r_uniform_T100000000_P100000_s4 evals= 1000 shots=   99946000  gap_final=   696.34  gap_best=   390.01 mHa
LiH_LBFGSB_ps_r_uniform_T10000000_P10000_s6  evals= 1000 shots=    9856000  gap_final=   708.92  gap_best=   401.58 mHa
LiH_LBFGSB_ps_r_uniform_T1000000_P1000_s6    evals= 1000 shots=     924000  gap_final=   914.38  gap_best=   672.74 mHa
LiH_LBFGSB_ps_r_uniform_T10000000_P10000_s8  evals= 1000 shots=    9856000  gap_final=   708.87  gap_best=   420.27 mHa
LiH_LBFGSB_ps_r_uniform_T10000000_P10000_s7  evals= 1000 shots=    9856000  gap_final=   701.48  gap_best=   414.13 mHa
LiH_LBFGSB_ps_r_uniform_T1000000_P1000_s1    evals= 1000 shots=     924000  gap_final=  1213.10  gap_best=  1164.64 mHa
LiH_LBFGSB_ps_r_uniform_T1000000_P1000_s3    evals= 1000 shots=     924000  gap_final=  1175.21  gap_best=  1530.23 mHa
LiH_LBFGSB_ps_r_uniform_T1000000_P1000_s4    evals= 1000 shots=     924000  gap_final=  1346.05  gap_best=  1137.15 mHa
LiH_LBFGSB_ps_r_uniform_T10000000_P10000_s1  evals= 1000 shots=    9856000  gap_final=   701.92  gap_best=   428.87 mHa
LiH_LBFGSB_ps_r_uniform_T1000000_P1000_s7    evals= 1000 shots=     924000  gap_final=   780.84  gap_best=  1084.22 mHa
LiH_LBFGSB_ps_r_uniform_T1000000_P1000_s8    evals= 1000 shots=     924000  gap_final=   694.94  gap_best=  1625.78 mHa
LiH_LBFGSB_ps_r_uniform_T1000000_P1000_s9    evals= 1000 shots=     924000  gap_final=   917.91  gap_best=   649.20 mHa
LiH_LBFGSB_ps_r_uniform_T100000000_P100000_s6 evals= 1000 shots=   99946000  gap_final=   694.61  gap_best=   363.43 mHa
LiH_LBFGSB_ps_r_uniform_T10000000_P10000_s9  evals= 1000 shots=    9856000  gap_final=   704.49  gap_best=   389.29 mHa
LiH_LBFGSB_ps_r_uniform_T10000000_P10000_s2  evals= 1000 shots=    9856000  gap_final=   707.53  gap_best=   449.76 mHa
LiH_LBFGSB_ps_r_uniform_T100000000_P100000_s0 evals= 1000 shots=   99946000  gap_final=   697.16  gap_best=   394.22 mHa
LiH_LBFGSB_ps_r_uniform_T10000000_P10000_s5  evals= 1000 shots=    9856000  gap_final=   706.09  gap_best=   421.65 mHa
LiH_LBFGSB_ps_r_uniform_T1000000000_P1000000_s0 evals= 1000 shots=  999922000  gap_final=   175.14  gap_best=     2.68 mHa
LiH_LBFGSB_ps_r_uniform_T100000000_P100000_s9 evals= 1000 shots=   99946000  gap_final=   695.28  gap_best=   362.64 mHa
LiH_LBFGSB_ps_r_uniform_T100000000_P100000_s3 evals= 1000 shots=   99946000  gap_final=   695.26  gap_best=   414.18 mHa
LiH_LBFGSB_ps_r_uniform_T100000000_P100000_s2 evals= 1000 shots=   99946000  gap_final=   697.48  gap_best=   401.40 mHa
LiH_LBFGSB_ps_r_uniform_T100000000_P100000_s7 evals= 1000 shots=   99946000  gap_final=   697.97  gap_best=   404.46 mHa
LiH_LBFGSB_ps_r_uniform_T100000000_P100000_s5 evals= 1000 shots=   99946000  gap_final=   693.30  gap_best=   404.61 mHa
LiH_LBFGSB_ps_r_uniform_T100000000_P100000_s8 evals= 1000 shots=   99946000  gap_final=   702.35  gap_best=   396.46 mHa
LiH_LBFGSB_ps_r_uniform_T1000000000_P1000000_s2 evals= 1000 shots=  999922000  gap_final=   123.98  gap_best=     1.84 mHa
LiH_LBFGSB_ps_r_uniform_T1000000000_P1000000_s4 evals= 1000 shots=  999922000  gap_final=   696.82  gap_best=    43.21 mHa
LiH_LBFGSB_ps_r_uniform_T1000000000_P1000000_s9 evals= 1000 shots=  999922000  gap_final=   105.95  gap_best=    21.12 mHa
LiH_LBFGSB_ps_r_uniform_T1000000000_P1000000_s1 evals= 1000 shots=  999922000  gap_final=   590.65  gap_best=   322.75 mHa
LiH_LBFGSB_ps_r_uniform_T1000000000_P1000000_s3 evals= 1000 shots=  999922000  gap_final=   691.71  gap_best=   168.42 mHa
LiH_LBFGSB_ps_r_uniform_T10000000000_P10000000_s6 evals= 1000 shots= 9999990000  gap_final=     0.59  gap_best=     0.59 mHa
LiH_LBFGSB_ps_r_uniform_T1000000000_P1000000_s7 evals= 1000 shots=  999922000  gap_final=   696.35  gap_best=    59.87 mHa
LiH_LBFGSB_ps_r_uniform_T10000000000_P10000000_s8 evals= 1000 shots= 9999990000  gap_final=     0.88  gap_best=     0.88 mHa
LiH_LBFGSB_ps_r_uniform_T1000000000_P1000000_s6 evals= 1000 shots=  999922000  gap_final=   547.26  gap_best=     5.72 mHa
LiH_LBFGSB_ps_r_uniform_T10000000000_P10000000_s9 evals= 1000 shots= 9999990000  gap_final=   288.06  gap_best=     0.61 mHa
LiH_LBFGSB_ps_r_uniform_T1000000000_P1000000_s5 evals= 1000 shots=  999922000  gap_final=   567.97  gap_best=   132.69 mHa
LiH_LBFGSB_ps_r_uniform_T10000000000_P10000000_s0 evals= 1000 shots= 9999990000  gap_final=   176.16  gap_best=     6.77 mHa
LiH_LBFGSB_ps_r_neyman_T1000000_P1000_s2     evals= 1000 shots=     965903  gap_final=   709.24  gap_best=   476.20 mHa
LiH_LBFGSB_ps_r_uniform_T1000000000_P1000000_s8 evals= 1000 shots=  999922000  gap_final=     0.40  gap_best=     0.40 mHa
LiH_LBFGSB_ps_r_neyman_T1000000_P1000_s9     evals= 1000 shots=     965734  gap_final=   702.18  gap_best=   411.74 mHa
LiH_LBFGSB_ps_r_uniform_T10000000000_P10000000_s1 evals= 1000 shots= 9999990000  gap_final=   460.73  gap_best=    78.77 mHa
LiH_LBFGSB_ps_r_neyman_T10000000_P10000_s0   evals= 1000 shots=    9927634  gap_final=   698.99  gap_best=   401.08 mHa
LiH_LBFGSB_ps_r_uniform_T10000000000_P10000000_s2 evals= 1000 shots= 9999990000  gap_final=   137.30  gap_best=     6.65 mHa
LiH_LBFGSB_ps_r_uniform_T10000000000_P10000000_s5 evals= 1000 shots= 9999990000  gap_final=   253.53  gap_best=     7.45 mHa
LiH_LBFGSB_ps_r_uniform_T10000000000_P10000000_s7 evals= 1000 shots= 9999990000  gap_final=   197.42  gap_best=     0.16 mHa
LiH_LBFGSB_ps_r_neyman_T10000000_P10000_s1   evals= 1000 shots=    9927732  gap_final=   693.33  gap_best=   414.95 mHa
LiH_LBFGSB_ps_r_uniform_T10000000000_P10000000_s3 evals= 1000 shots= 9999990000  gap_final=   127.83  gap_best=     0.29 mHa
LiH_LBFGSB_ps_r_neyman_T10000000_P10000_s4   evals= 1000 shots=    9927462  gap_final=   695.55  gap_best=   394.20 mHa
LiH_LBFGSB_ps_r_neyman_T1000000_P1000_s8     evals= 1000 shots=     965988  gap_final=   711.43  gap_best=   410.13 mHa
LiH_LBFGSB_ps_r_neyman_T1000000_P1000_s7     evals= 1000 shots=     965895  gap_final=   708.25  gap_best=   424.25 mHa
LiH_LBFGSB_ps_r_uniform_T10000000000_P10000000_s4 evals= 1000 shots= 9999990000  gap_final=   217.55  gap_best=     7.26 mHa
LiH_LBFGSB_ps_r_neyman_T1000000_P1000_s3     evals= 1000 shots=     965775  gap_final=   700.93  gap_best=   411.74 mHa
LiH_LBFGSB_ps_r_neyman_T1000000_P1000_s1     evals= 1000 shots=     965829  gap_final=   702.44  gap_best=   430.33 mHa
LiH_LBFGSB_ps_r_neyman_T1000000_P1000_s0     evals= 1000 shots=     965868  gap_final=   701.79  gap_best=   474.59 mHa
LiH_LBFGSB_ps_r_neyman_T1000000_P1000_s6     evals= 1000 shots=     965867  gap_final=   696.85  gap_best=   381.35 mHa
LiH_LBFGSB_ps_r_neyman_T1000000_P1000_s4     evals= 1000 shots=     965760  gap_final=   698.80  gap_best=   456.48 mHa
LiH_LBFGSB_ps_r_neyman_T1000000_P1000_s5     evals= 1000 shots=     965671  gap_final=   704.66  gap_best=   439.41 mHa
LiH_LBFGSB_ps_r_neyman_T10000000_P10000_s3   evals= 1000 shots=    9927576  gap_final=   693.80  gap_best=   429.31 mHa
LiH_LBFGSB_ps_r_neyman_T10000000_P10000_s8   evals= 1000 shots=    9927341  gap_final=   693.49  gap_best=   379.97 mHa
LiH_LBFGSB_ps_r_neyman_T10000000_P10000_s2   evals= 1000 shots=    9927459  gap_final=   701.24  gap_best=   418.57 mHa
LiH_LBFGSB_ps_r_neyman_T100000000_P100000_s4 evals= 1000 shots=   99923037  gap_final=     2.82  gap_best=     2.82 mHa
LiH_LBFGSB_ps_r_neyman_T10000000_P10000_s6   evals= 1000 shots=    9927667  gap_final=   694.30  gap_best=   374.40 mHa
LiH_LBFGSB_ps_r_neyman_T10000000_P10000_s5   evals= 1000 shots=    9927343  gap_final=   696.78  gap_best=   436.34 mHa
LiH_LBFGSB_ps_r_neyman_T10000000_P10000_s7   evals= 1000 shots=    9927585  gap_final=   691.07  gap_best=   387.92 mHa
LiH_LBFGSB_ps_r_neyman_T10000000_P10000_s9   evals= 1000 shots=    9926416  gap_final=   560.23  gap_best=    45.53 mHa
LiH_LBFGSB_ps_r_neyman_T100000000_P100000_s2 evals= 1000 shots=   99923945  gap_final=   654.01  gap_best=   176.72 mHa
LiH_LBFGSB_ps_r_neyman_T100000000_P100000_s7 evals= 1000 shots=   99923152  gap_final=     3.48  gap_best=     3.48 mHa
LiH_LBFGSB_ps_r_exact_T100000000_P100000_s0  evals= 1000 shots=          0  gap_final=   178.99  gap_best=     2.09 mHa
LiH_LBFGSB_ps_r_neyman_T100000000_P100000_s0 evals= 1000 shots=   99924913  gap_final=   699.15  gap_best=   255.87 mHa
LiH_LBFGSB_ps_r_exact_T100000000_P100000_s1  evals= 1000 shots=          0  gap_final=   213.85  gap_best=     0.50 mHa
LiH_LBFGSB_ps_r_neyman_T100000000_P100000_s3 evals= 1000 shots=   99924020  gap_final=   693.92  gap_best=     4.82 mHa
LiH_LBFGSB_ps_r_neyman_T100000000_P100000_s1 evals= 1000 shots=   99923559  gap_final=   690.27  gap_best=     4.19 mHa
LiH_LBFGSB_ps_r_exact_T100000000_P100000_s2  evals= 1000 shots=          0  gap_final=   190.60  gap_best=     0.20 mHa
LiH_LBFGSB_ps_r_exact_T100000000_P100000_s3  evals= 1000 shots=          0  gap_final=   110.12  gap_best=     0.17 mHa
LiH_LBFGSB_ps_r_exact_T100000000_P100000_s5  evals= 1000 shots=          0  gap_final=   336.43  gap_best=     3.88 mHa
LiH_LBFGSB_ps_r_exact_T100000000_P100000_s8  evals= 1000 shots=          0  gap_final=   444.52  gap_best=     0.10 mHa
H2O_COBYLA_uniform_T1000000_P1000_s0         evals=   93 shots=      90768  gap_final=  1066.22  gap_best=  1066.21 mHa
LiH_LBFGSB_ps_r_exact_T100000000_P100000_s9  evals= 1000 shots=          0  gap_final=   409.19  gap_best=     0.10 mHa
H2O_COBYLA_uniform_T1000000_P1000_s1         evals=   88 shots=      85888  gap_final=  1019.04  gap_best=  1019.03 mHa
LiH_LBFGSB_ps_r_exact_T100000000_P100000_s4  evals= 1000 shots=          0  gap_final=   228.24  gap_best=     0.07 mHa
H2O_COBYLA_uniform_T1000000_P1000_s2         evals=   92 shots=      89792  gap_final=  1101.22  gap_best=  1101.22 mHa
LiH_LBFGSB_ps_r_neyman_T1000000000_P1000000_s3 evals= 1000 shots=  999922798  gap_final=     0.76  gap_best=     0.76 mHa
H2O_COBYLA_uniform_T1000000_P1000_s3         evals=  101 shots=      98576  gap_final=  1150.60  gap_best=  1150.58 mHa
LiH_LBFGSB_ps_r_exact_T100000000_P100000_s6  evals= 1000 shots=          0  gap_final=   507.57  gap_best=     0.12 mHa
LiH_LBFGSB_ps_r_neyman_T100000000_P100000_s5 evals= 1000 shots=   99923327  gap_final=   239.50  gap_best=     3.47 mHa
LiH_LBFGSB_ps_r_exact_T100000000_P100000_s7  evals= 1000 shots=          0  gap_final=   194.84  gap_best=     0.15 mHa
H2O_COBYLA_uniform_T1000000_P1000_s6         evals=  101 shots=      98576  gap_final=  1083.10  gap_best=  1083.11 mHa
LiH_LBFGSB_ps_r_neyman_T10000000000_P10000000_s3 evals= 1000 shots= 9999922978  gap_final=   115.28  gap_best=     0.30 mHa
LiH_LBFGSB_ps_r_neyman_T1000000000_P1000000_s7 evals= 1000 shots=  999922945  gap_final=     0.55  gap_best=     0.55 mHa
LiH_LBFGSB_ps_r_neyman_T100000000_P100000_s8 evals= 1000 shots=   99923596  gap_final=     1.54  gap_best=     1.54 mHa
H2O_COBYLA_uniform_T1000000_P1000_s4         evals=   91 shots=      88816  gap_final=  1046.53  gap_best=  1046.53 mHa
H2O_COBYLA_uniform_T1000000_P1000_s5         evals=   86 shots=      83936  gap_final=  1114.64  gap_best=  1114.65 mHa
H2O_COBYLA_uniform_T1000000_P1000_s8         evals=   92 shots=      89792  gap_final=  1106.91  gap_best=  1106.92 mHa
LiH_LBFGSB_ps_r_neyman_T10000000000_P10000000_s0 evals= 1000 shots= 9999923160  gap_final=   193.67  gap_best=     0.82 mHa
LiH_LBFGSB_ps_r_neyman_T1000000000_P1000000_s0 evals= 1000 shots=  999923193  gap_final=     3.30  gap_best=     3.30 mHa
H2O_COBYLA_uniform_T10000000_P10000_s2       evals=   86 shots=     855098  gap_final=  1106.59  gap_best=  1106.58 mHa
H2O_COBYLA_uniform_T10000000_P10000_s3       evals=   97 shots=     964471  gap_final=  1006.21  gap_best=  1006.20 mHa
H2O_COBYLA_uniform_T1000000_P1000_s7         evals=  109 shots=     106384  gap_final=  1017.50  gap_best=  1017.50 mHa
H2O_COBYLA_uniform_T10000000_P10000_s0       evals=   97 shots=     964471  gap_final=  1046.35  gap_best=  1046.35 mHa
H2O_COBYLA_uniform_T1000000_P1000_s9         evals=   90 shots=      87840  gap_final=  1085.69  gap_best=  1085.70 mHa
H2O_COBYLA_uniform_T10000000_P10000_s7       evals=   91 shots=     904813  gap_final=  1078.43  gap_best=  1078.44 mHa
LiH_LBFGSB_ps_r_neyman_T1000000000_P1000000_s1 evals= 1000 shots=  999922754  gap_final=   207.34  gap_best=     1.10 mHa
LiH_LBFGSB_ps_r_neyman_T100000000_P100000_s6 evals= 1000 shots=   99922628  gap_final=    26.28  gap_best=    26.28 mHa
H2O_COBYLA_uniform_T10000000_P10000_s1       evals=   89 shots=     884927  gap_final=  1115.85  gap_best=  1115.87 mHa
H2O_COBYLA_uniform_T10000000_P10000_s8       evals=  104 shots=    1034072  gap_final=  1060.97  gap_best=  1060.97 mHa
H2O_COBYLA_uniform_T10000000_P10000_s6       evals=   91 shots=     904813  gap_final=  1041.39  gap_best=  1041.40 mHa
H2O_COBYLA_uniform_T10000000_P10000_s5       evals=   96 shots=     954528  gap_final=  1053.93  gap_best=  1053.93 mHa
LiH_LBFGSB_ps_r_neyman_T10000000000_P10000000_s2 evals= 1000 shots= 9999923295  gap_final=   252.42  gap_best=     0.27 mHa
H2O_COBYLA_uniform_T100000000_P100000_s0     evals=  101 shots=   10097879  gap_final=   971.17  gap_best=   971.18 mHa
H2O_COBYLA_uniform_T10000000_P10000_s4       evals=  103 shots=    1024129  gap_final=   990.00  gap_best=   990.00 mHa
H2O_COBYLA_uniform_T100000000_P100000_s1     evals=   97 shots=    9697963  gap_final=   980.94  gap_best=   980.95 mHa
H2O_COBYLA_uniform_T10000000_P10000_s9       evals=   92 shots=     914756  gap_final=  1069.28  gap_best=  1069.26 mHa
H2O_COBYLA_uniform_T100000000_P100000_s2     evals=   92 shots=    9198068  gap_final=  1003.42  gap_best=  1003.42 mHa
H2O_COBYLA_uniform_T100000000_P100000_s5     evals=   93 shots=    9298047  gap_final=  1004.10  gap_best=  1004.09 mHa
LiH_LBFGSB_ps_r_neyman_T10000000000_P10000000_s5 evals= 1000 shots= 9999922842  gap_final=   282.41  gap_best=     0.22 mHa
H2O_COBYLA_uniform_T100000000_P100000_s3     evals=  121 shots=   12097459  gap_final=   984.70  gap_best=   984.70 mHa
H2O_COBYLA_uniform_T100000000_P100000_s4     evals=   95 shots=    9498005  gap_final=   951.98  gap_best=   951.99 mHa
H2O_COBYLA_uniform_T1000000000_P1000000_s4   evals=  134 shots=  133996382  gap_final=   198.65  gap_best=   198.65 mHa
LiH_LBFGSB_ps_r_neyman_T100000000_P100000_s9 evals= 1000 shots=   99923477  gap_final=   266.56  gap_best=     2.30 mHa
H2O_COBYLA_uniform_T100000000_P100000_s6     evals=  101 shots=   10097879  gap_final=   968.43  gap_best=   968.44 mHa
H2O_COBYLA_uniform_T1000000000_P1000000_s3   evals=  155 shots=  154995815  gap_final=   543.13  gap_best=   543.11 mHa
H2O_COBYLA_uniform_T1000000000_P1000000_s0   evals=  180 shots=  179995140  gap_final=    13.59  gap_best=    13.59 mHa
H2O_COBYLA_uniform_T100000000_P100000_s8     evals=   96 shots=    9597984  gap_final=  1008.32  gap_best=  1008.33 mHa
H2O_COBYLA_uniform_T100000000_P100000_s7     evals=   97 shots=    9697963  gap_final=  1014.53  gap_best=  1014.54 mHa
H2O_COBYLA_uniform_T1000000000_P1000000_s5   evals=  158 shots=  157995734  gap_final=   570.92  gap_best=   570.91 mHa
H2O_COBYLA_uniform_T100000000_P100000_s9     evals=  109 shots=   10897711  gap_final=   952.07  gap_best=   952.07 mHa
H2O_COBYLA_uniform_T1000000000_P1000000_s6   evals=  197 shots=  196994681  gap_final=    25.44  gap_best=    25.44 mHa
H2O_COBYLA_uniform_T1000000000_P1000000_s7   evals=  103 shots=  102997219  gap_final=   975.99  gap_best=   976.00 mHa
H2O_COBYLA_uniform_T1000000000_P1000000_s2   evals=  128 shots=  127996544  gap_final=   961.34  gap_best=   961.34 mHa
H2O_COBYLA_uniform_T1000000000_P1000000_s9   evals=  112 shots=  111996976  gap_final=   956.27  gap_best=   956.27 mHa
H2O_COBYLA_uniform_T1000000000_P1000000_s1   evals=  167 shots=  166995491  gap_final=    23.66  gap_best=    23.65 mHa
H2O_COBYLA_uniform_T10000000000_P10000000_s1 evals=  195 shots= 1949994930  gap_final=     8.05  gap_best=     8.05 mHa
H2O_COBYLA_uniform_T1000000000_P1000000_s8   evals=  195 shots=  194994735  gap_final=    14.69  gap_best=    14.69 mHa
H2O_COBYLA_neyman_T1000000_P1000_s1          evals=   92 shots=      89182  gap_final=  1073.02  gap_best=  1073.02 mHa
LiH_LBFGSB_ps_r_neyman_T1000000000_P1000000_s8 evals= 1000 shots=  999922959  gap_final=   629.03  gap_best=     0.28 mHa
H2O_COBYLA_neyman_T1000000_P1000_s2          evals=   86 shots=      83399  gap_final=  1106.48  gap_best=  1106.48 mHa
H2O_COBYLA_uniform_T10000000000_P10000000_s3 evals=  185 shots= 1849995190  gap_final=     3.92  gap_best=     3.93 mHa
H2O_COBYLA_uniform_T10000000000_P10000000_s4 evals=  185 shots= 1849995190  gap_final=    10.15  gap_best=    10.15 mHa
H2O_COBYLA_uniform_T10000000000_P10000000_s0 evals=  202 shots= 2019994748  gap_final=    18.96  gap_best=    18.96 mHa
H2O_COBYLA_uniform_T10000000000_P10000000_s7 evals=  198 shots= 1979994852  gap_final=     1.25  gap_best=     1.25 mHa
H2O_COBYLA_uniform_T10000000000_P10000000_s8 evals=  194 shots= 1939994956  gap_final=     7.13  gap_best=     7.13 mHa
H2O_COBYLA_neyman_T1000000_P1000_s0          evals=   90 shots=      87291  gap_final=  1079.10  gap_best=  1079.11 mHa
H2O_COBYLA_neyman_T1000000_P1000_s5          evals=   81 shots=      78547  gap_final=  1074.10  gap_best=  1074.10 mHa
H2O_COBYLA_neyman_T1000000_P1000_s4          evals=   91 shots=      88228  gap_final=  1038.32  gap_best=  1038.33 mHa
LiH_LBFGSB_ps_r_neyman_T10000000000_P10000000_s6 evals= 1000 shots= 9999922844  gap_final=     2.20  gap_best=     1.01 mHa
H2O_COBYLA_neyman_T1000000_P1000_s8          evals=   88 shots=      85337  gap_final=  1090.75  gap_best=  1090.76 mHa
H2O_COBYLA_neyman_T1000000_P1000_s7          evals=   95 shots=      92139  gap_final=  1092.39  gap_best=  1092.39 mHa
H2O_COBYLA_uniform_T10000000000_P10000000_s9 evals=  177 shots= 1769995398  gap_final=    15.33  gap_best=    15.33 mHa
H2O_COBYLA_neyman_T1000000_P1000_s3          evals=   89 shots=      86342  gap_final=  1072.49  gap_best=  1072.49 mHa
H2O_COBYLA_uniform_T10000000000_P10000000_s2 evals=  200 shots= 1999994800  gap_final=    22.04  gap_best=    22.05 mHa
H2O_COBYLA_neyman_T10000000_P10000_s2        evals=   90 shots=     897282  gap_final=  1026.83  gap_best=  1026.83 mHa
H2O_COBYLA_uniform_T10000000000_P10000000_s6 evals=  172 shots= 1719995528  gap_final=     4.83  gap_best=     4.83 mHa
H2O_COBYLA_neyman_T10000000_P10000_s1        evals=  100 shots=     996999  gap_final=   981.39  gap_best=   981.41 mHa
H2O_COBYLA_neyman_T1000000_P1000_s6          evals=   93 shots=      90204  gap_final=  1034.19  gap_best=  1034.19 mHa
H2O_COBYLA_uniform_T10000000000_P10000000_s5 evals=  187 shots= 1869995138  gap_final=     7.27  gap_best=     7.27 mHa
H2O_COBYLA_neyman_T10000000_P10000_s5        evals=   93 shots=     927156  gap_final=  1011.34  gap_best=  1011.35 mHa
H2O_COBYLA_neyman_T10000000_P10000_s6        evals=  109 shots=    1086747  gap_final=   978.09  gap_best=   978.09 mHa
H2O_COBYLA_neyman_T1000000_P1000_s9          evals=   92 shots=      89219  gap_final=  1049.47  gap_best=  1049.47 mHa
H2O_COBYLA_neyman_T10000000_P10000_s9        evals=   85 shots=     847439  gap_final=  1019.01  gap_best=  1019.01 mHa
H2O_COBYLA_neyman_T10000000_P10000_s0        evals=   86 shots=     857382  gap_final=  1061.17  gap_best=  1061.17 mHa
H2O_COBYLA_neyman_T10000000_P10000_s3        evals=   98 shots=     977030  gap_final=  1019.81  gap_best=  1019.81 mHa
H2O_COBYLA_neyman_T100000000_P100000_s2      evals=  102 shots=   10196913  gap_final=   960.90  gap_best=   960.91 mHa
H2O_COBYLA_neyman_T100000000_P100000_s0      evals=  115 shots=   11496456  gap_final=   944.49  gap_best=   944.48 mHa
H2O_COBYLA_neyman_T10000000_P10000_s4        evals=  103 shots=    1026966  gap_final=   992.86  gap_best=   992.87 mHa
H2O_COBYLA_neyman_T10000000_P10000_s7        evals=   93 shots=     927163  gap_final=  1026.22  gap_best=  1026.22 mHa
H2O_COBYLA_neyman_T10000000_P10000_s8        evals=   97 shots=     967079  gap_final=  1018.53  gap_best=  1018.52 mHa
H2O_COBYLA_neyman_T100000000_P100000_s1      evals=  150 shots=   14995448  gap_final=    13.90  gap_best=    13.90 mHa
H2O_COBYLA_neyman_T100000000_P100000_s8      evals=  108 shots=   10796572  gap_final=   890.02  gap_best=   890.00 mHa
H2O_COBYLA_neyman_T100000000_P100000_s3      evals=  181 shots=   18094437  gap_final=    17.29  gap_best=    17.30 mHa
H2O_COBYLA_neyman_T100000000_P100000_s4      evals=  105 shots=   10496906  gap_final=   966.62  gap_best=   966.62 mHa
H2O_COBYLA_neyman_T100000000_P100000_s6      evals=  155 shots=   15495215  gap_final=    33.07  gap_best=    33.08 mHa
H2O_COBYLA_neyman_T100000000_P100000_s5      evals=  102 shots=   10196935  gap_final=   987.42  gap_best=   987.43 mHa
H2O_COBYLA_neyman_T100000000_P100000_s9      evals=   90 shots=    8997249  gap_final=   995.34  gap_best=   995.34 mHa
H2O_COBYLA_neyman_T1000000000_P1000000_s1    evals=  187 shots=  186994361  gap_final=     7.40  gap_best=     7.40 mHa
H2O_COBYLA_neyman_T100000000_P100000_s7      evals=  100 shots=    9996887  gap_final=   976.49  gap_best=   976.49 mHa
H2O_COBYLA_neyman_T1000000000_P1000000_s4    evals=  188 shots=  187994292  gap_final=     3.43  gap_best=     3.43 mHa
H2O_COBYLA_neyman_T1000000000_P1000000_s2    evals=  216 shots=  215993435  gap_final=     9.40  gap_best=     9.40 mHa
LiH_LBFGSB_ps_r_neyman_T1000000000_P1000000_s2 evals= 1000 shots=  999923377  gap_final=   106.61  gap_best=     0.68 mHa
H2O_COBYLA_neyman_T1000000000_P1000000_s5    evals=  186 shots=  185994319  gap_final=    22.32  gap_best=    22.32 mHa
LiH_LBFGSB_ps_r_neyman_T1000000000_P1000000_s4 evals= 1000 shots=  999923254  gap_final=     9.24  gap_best=     9.24 mHa
H2O_COBYLA_neyman_T1000000000_P1000000_s0    evals=  169 shots=  168994853  gap_final=     5.96  gap_best=     5.96 mHa
LiH_LBFGSB_ps_r_neyman_T1000000000_P1000000_s5 evals= 1000 shots=  999923016  gap_final=   275.50  gap_best=    18.37 mHa
H2O_COBYLA_exact_T100000000_P100000_s0       evals=  276 shots=          0  gap_final=     0.39  gap_best=     0.39 mHa
H2O_COBYLA_neyman_T10000000000_P10000000_s1  evals=  195 shots= 1949994088  gap_final=     4.41  gap_best=     4.41 mHa
LiH_LBFGSB_ps_r_neyman_T1000000000_P1000000_s6 evals= 1000 shots=  999922549  gap_final=   919.06  gap_best=     0.27 mHa
H2O_COBYLA_neyman_T1000000000_P1000000_s3    evals=  155 shots=  154995271  gap_final=    16.58  gap_best=    16.57 mHa
H2O_COBYLA_neyman_T10000000000_P10000000_s2  evals=  213 shots= 2129993496  gap_final=     5.71  gap_best=     5.70 mHa
H2O_COBYLA_neyman_T10000000000_P10000000_s3  evals=  210 shots= 2099993586  gap_final=     5.08  gap_best=     5.09 mHa
H2O_COBYLA_neyman_T1000000000_P1000000_s6    evals=  150 shots=  149995406  gap_final=    24.84  gap_best=    24.84 mHa
H2O_COBYLA_neyman_T10000000000_P10000000_s4  evals=  193 shots= 1929994097  gap_final=     1.24  gap_best=     1.24 mHa
H2O_COBYLA_exact_T100000000_P100000_s2       evals=  401 shots=          0  gap_final=     0.40  gap_best=     0.40 mHa
H2O_COBYLA_neyman_T1000000000_P1000000_s8    evals=  147 shots=  146995526  gap_final=     1.75  gap_best=     1.75 mHa
H2O_COBYLA_neyman_T1000000000_P1000000_s9    evals=  196 shots=  195994063  gap_final=     4.64  gap_best=     4.64 mHa
H2O_COBYLA_neyman_T10000000000_P10000000_s9  evals=  192 shots= 1919994192  gap_final=     5.27  gap_best=     5.27 mHa
H2O_COBYLA_neyman_T10000000000_P10000000_s0  evals=  167 shots= 1669994937  gap_final=     2.74  gap_best=     2.74 mHa
LiH_LBFGSB_ps_r_neyman_T10000000000_P10000000_s4 evals= 1000 shots= 9999923053  gap_final=   208.31  gap_best=     0.26 mHa
H2O_COBYLA_neyman_T1000000000_P1000000_s7    evals=  205 shots=  204993742  gap_final=    19.59  gap_best=    19.59 mHa
H2O_COBYLA_neyman_T10000000000_P10000000_s5  evals=  192 shots= 1919994137  gap_final=     2.75  gap_best=     2.76 mHa
H2O_COBYLA_exact_T100000000_P100000_s7       evals=  547 shots=          0  gap_final=     0.28  gap_best=     0.28 mHa
H2O_COBYLA_exact_T100000000_P100000_s4       evals=  379 shots=          0  gap_final=     0.40  gap_best=     0.40 mHa
H2O_COBYLA_exact_T100000000_P100000_s9       evals=  421 shots=          0  gap_final=     0.38  gap_best=     0.38 mHa
H2O_COBYLA_exact_T100000000_P100000_s8       evals=  445 shots=          0  gap_final=     0.40  gap_best=     0.40 mHa
H2O_COBYLA_neyman_T10000000000_P10000000_s6  evals=  207 shots= 2069993713  gap_final=     9.41  gap_best=     9.40 mHa
H2O_COBYLA_exact_T100000000_P100000_s6       evals=  381 shots=          0  gap_final=     0.39  gap_best=     0.39 mHa
H2O_COBYLA_exact_T100000000_P100000_s5       evals=  384 shots=          0  gap_final=     0.40  gap_best=     0.40 mHa
H2O_COBYLA_exact_T100000000_P100000_s1       evals=  892 shots=          0  gap_final=     0.40  gap_best=     0.40 mHa
H2O_COBYLA_neyman_T10000000000_P10000000_s8  evals=  189 shots= 1889994262  gap_final=     1.03  gap_best=     1.03 mHa
H2O_COBYLA_exact_T100000000_P100000_s3       evals= 1000 shots=          0  gap_final=     0.46  gap_best=     0.46 mHa
H2O_COBYLA_neyman_T10000000000_P10000000_s7  evals=  238 shots= 2379992766  gap_final=     6.51  gap_best=     6.51 mHa
H2O_LBFGSB_uniform_T1000000_P1000_s6         evals=  299 shots=     291824  gap_final=  1057.53  gap_best=  1110.86 mHa
H2O_LBFGSB_uniform_T1000000_P1000_s2         evals=  286 shots=     279136  gap_final=  1063.37  gap_best=  1087.41 mHa
H2O_LBFGSB_uniform_T1000000_P1000_s5         evals=  338 shots=     329888  gap_final=  1069.21  gap_best=  1069.18 mHa
LiH_LBFGSB_ps_r_neyman_T1000000000_P1000000_s9 evals= 1000 shots=  999923051  gap_final=   279.05  gap_best=     0.66 mHa
H2O_LBFGSB_uniform_T1000000_P1000_s0         evals=  403 shots=     393328  gap_final=  1066.26  gap_best=  1251.53 mHa
LiH_LBFGSB_ps_r_neyman_T10000000000_P10000000_s1 evals= 1000 shots= 9999923041  gap_final=   259.75  gap_best=     0.55 mHa
H2O_LBFGSB_uniform_T10000000_P10000_s4       evals=  312 shots=    3102216  gap_final=  1054.79  gap_best=  1054.79 mHa
H2O_LBFGSB_uniform_T1000000_P1000_s1         evals=  390 shots=     380640  gap_final=  1072.47  gap_best=  1256.77 mHa
H2O_LBFGSB_uniform_T10000000_P10000_s5       evals=  312 shots=    3102216  gap_final=  1069.21  gap_best=  1069.21 mHa
H2O_LBFGSB_uniform_T10000000_P10000_s8       evals=  338 shots=    3360734  gap_final=  1068.99  gap_best=  1068.99 mHa
H2O_LBFGSB_uniform_T1000000_P1000_s3         evals=  312 shots=     304512  gap_final=  1069.72  gap_best=  1067.21 mHa
H2O_LBFGSB_uniform_T1000000_P1000_s7         evals=  299 shots=     291824  gap_final=  1054.15  gap_best=  1054.15 mHa
H2O_LBFGSB_uniform_T100000000_P100000_s0     evals=  286 shots=   28593994  gap_final=  1066.26  gap_best=  1066.26 mHa
H2O_LBFGSB_uniform_T100000000_P100000_s3     evals=  351 shots=   35092629  gap_final=  1069.72  gap_best=  1062.54 mHa
H2O_LBFGSB_uniform_T100000000_P100000_s4     evals=  351 shots=   35092629  gap_final=  1054.79  gap_best=  1054.79 mHa
H2O_LBFGSB_uniform_T1000000_P1000_s8         evals=  325 shots=     317200  gap_final=  1068.99  gap_best=  1068.99 mHa
H2O_LBFGSB_uniform_T1000000_P1000_s9         evals=  312 shots=     304512  gap_final=  1058.43  gap_best=  1081.29 mHa
H2O_LBFGSB_uniform_T100000000_P100000_s5     evals=  299 shots=   29893721  gap_final=  1069.21  gap_best=  1069.21 mHa
H2O_LBFGSB_uniform_T10000000_P10000_s0       evals=  325 shots=    3231475  gap_final=  1066.26  gap_best=  1068.75 mHa
H2O_LBFGSB_uniform_T10000000_P10000_s3       evals=  325 shots=    3231475  gap_final=  1069.72  gap_best=  1040.28 mHa
H2O_LBFGSB_uniform_T10000000_P10000_s1       evals=  325 shots=    3231475  gap_final=  1072.47  gap_best=  1072.47 mHa
H2O_LBFGSB_uniform_T10000000_P10000_s6       evals=  312 shots=    3102216  gap_final=  1057.53  gap_best=  1057.53 mHa
H2O_LBFGSB_uniform_T10000000_P10000_s7       evals=  325 shots=    3231475  gap_final=  1054.15  gap_best=  1054.15 mHa
H2O_LBFGSB_uniform_T1000000000_P1000000_s0   evals=  273 shots=  272992629  gap_final=  1066.26  gap_best=  1059.07 mHa
H2O_LBFGSB_uniform_T1000000000_P1000000_s2   evals=  273 shots=  272992629  gap_final=  1063.37  gap_best=  1063.37 mHa
H2O_LBFGSB_uniform_T10000000_P10000_s9       evals=  416 shots=    4136288  gap_final=  1058.43  gap_best=  1103.22 mHa
H2O_LBFGSB_uniform_T1000000_P1000_s4         evals=  559 shots=     545584  gap_final=  1054.79  gap_best=  1064.33 mHa
H2O_LBFGSB_uniform_T1000000000_P1000000_s4   evals=  273 shots=  272992629  gap_final=  1054.79  gap_best=  1054.79 mHa
H2O_LBFGSB_uniform_T100000000_P100000_s1     evals=  364 shots=   36392356  gap_final=  1072.47  gap_best=  1063.31 mHa
H2O_LBFGSB_uniform_T100000000_P100000_s9     evals=  312 shots=   31193448  gap_final=  1058.43  gap_best=  1058.44 mHa
H2O_LBFGSB_uniform_T100000000_P100000_s2     evals=  338 shots=   33792902  gap_final=  1063.37  gap_best=  1045.66 mHa
H2O_LBFGSB_uniform_T10000000_P10000_s2       evals=  455 shots=    4524065  gap_final=  1063.37  gap_best=  1063.37 mHa
LiH_LBFGSB_ps_r_neyman_T10000000000_P10000000_s7 evals= 1000 shots= 9999923114  gap_final=   208.24  gap_best=    16.04 mHa
H2O_LBFGSB_uniform_T1000000000_P1000000_s1   evals=  273 shots=  272992629  gap_final=  1072.47  gap_best=  1072.47 mHa
H2O_LBFGSB_uniform_T100000000_P100000_s7     evals=  299 shots=   29893721  gap_final=  1054.15  gap_best=  1053.48 mHa
H2O_LBFGSB_uniform_T1000000000_P1000000_s7   evals=  312 shots=  311991576  gap_final=  1054.15  gap_best=  1056.06 mHa
H2O_LBFGSB_uniform_T100000000_P100000_s6     evals=  312 shots=   31193448  gap_final=  1057.53  gap_best=  1057.53 mHa
H2O_LBFGSB_uniform_T1000000000_P1000000_s3   evals=  325 shots=  324991225  gap_final=  1069.72  gap_best=  1069.72 mHa
H2O_LBFGSB_uniform_T10000000000_P10000000_s7 evals=  221 shots= 2209994254  gap_final=  1054.15  gap_best=  1053.33 mHa
H2O_LBFGSB_uniform_T100000000_P100000_s8     evals=  364 shots=   36392356  gap_final=  1068.99  gap_best=  1068.99 mHa
H2O_LBFGSB_uniform_T1000000000_P1000000_s6   evals=  325 shots=  324991225  gap_final=  1057.53  gap_best=  1057.53 mHa
H2O_LBFGSB_uniform_T10000000000_P10000000_s9 evals=  273 shots= 2729992902  gap_final=  1058.43  gap_best=  1058.43 mHa
H2O_LBFGSB_uniform_T1000000000_P1000000_s5   evals=  338 shots=  337990874  gap_final=  1069.21  gap_best=  1069.21 mHa
H2O_LBFGSB_uniform_T10000000000_P10000000_s8 evals=  312 shots= 3119991888  gap_final=  1068.99  gap_best=  1068.99 mHa
H2O_LBFGSB_uniform_T10000000000_P10000000_s2 evals=  325 shots= 3249991550  gap_final=  1063.37  gap_best=  1062.14 mHa
H2O_LBFGSB_neyman_T1000000_P1000_s1          evals=  273 shots=     264644  gap_final=  1072.47  gap_best=  1072.47 mHa
H2O_LBFGSB_neyman_T1000000_P1000_s2          evals=  286 shots=     277283  gap_final=  1063.37  gap_best=  1073.93 mHa
H2O_LBFGSB_uniform_T10000000000_P10000000_s5 evals=  273 shots= 2729992902  gap_final=  1069.21  gap_best=  1069.21 mHa
H2O_LBFGSB_uniform_T10000000000_P10000000_s0 evals=  273 shots= 2729992902  gap_final=  1066.26  gap_best=  1066.26 mHa
H2O_LBFGSB_uniform_T10000000000_P10000000_s4 evals=  273 shots= 2729992902  gap_final=  1054.79  gap_best=  1054.79 mHa
H2O_LBFGSB_neyman_T1000000_P1000_s7          evals=  312 shots=     302495  gap_final=  1054.15  gap_best=  1037.19 mHa
H2O_LBFGSB_uniform_T10000000000_P10000000_s1 evals=  325 shots= 3249991550  gap_final=  1072.47  gap_best=  1071.74 mHa
H2O_LBFGSB_neyman_T1000000_P1000_s0          evals=  260 shots=     252043  gap_final=  1066.26  gap_best=  1042.17 mHa
H2O_LBFGSB_uniform_T1000000000_P1000000_s9   evals=  377 shots=  376989821  gap_final=  1058.43  gap_best=  1058.43 mHa
H2O_LBFGSB_uniform_T10000000000_P10000000_s6 evals=  325 shots= 3249991550  gap_final=  1057.53  gap_best=  1057.53 mHa
H2O_LBFGSB_neyman_T10000000_P10000_s3        evals=  299 shots=    2980900  gap_final=  1069.72  gap_best=  1054.19 mHa
H2O_LBFGSB_neyman_T10000000_P10000_s2        evals=  338 shots=    3369873  gap_final=  1063.37  gap_best=  1063.37 mHa
H2O_LBFGSB_neyman_T10000000_P10000_s0        evals=  390 shots=    3888063  gap_final=  1066.26  gap_best=  1044.30 mHa
H2O_LBFGSB_neyman_T1000000_P1000_s5          evals=  377 shots=     365526  gap_final=  1069.21  gap_best=  1070.88 mHa
H2O_LBFGSB_neyman_T1000000_P1000_s3          evals=  312 shots=     302496  gap_final=  1069.72  gap_best=  1069.72 mHa
H2O_LBFGSB_neyman_T10000000_P10000_s6        evals=  325 shots=    3240216  gap_final=  1057.53  gap_best=  1057.53 mHa
H2O_LBFGSB_neyman_T1000000_P1000_s6          evals=  325 shots=     315070  gap_final=  1057.53  gap_best=  1058.34 mHa
H2O_LBFGSB_uniform_T1000000000_P1000000_s8   evals=  481 shots=  480987013  gap_final=  1068.99  gap_best=  1068.99 mHa
H2O_LBFGSB_neyman_T1000000_P1000_s9          evals=  312 shots=     302490  gap_final=  1058.43  gap_best=  1060.29 mHa
H2O_LBFGSB_uniform_T10000000000_P10000000_s3 evals=  455 shots= 4549988170  gap_final=  1069.72  gap_best=  1069.73 mHa
H2O_LBFGSB_neyman_T100000000_P100000_s0      evals=  351 shots=   35089285  gap_final=  1066.26  gap_best=  1062.03 mHa
H2O_LBFGSB_neyman_T1000000_P1000_s8          evals=  325 shots=     315069  gap_final=  1068.99  gap_best=  1069.06 mHa
LiH_LBFGSB_ps_r_neyman_T10000000000_P10000000_s8 evals= 1000 shots= 9999922844  gap_final=   599.22  gap_best=     0.25 mHa
LiH_LBFGSB_ps_r_neyman_T10000000000_P10000000_s9 evals= 1000 shots= 9999922956  gap_final=     1.17  gap_best=     1.11 mHa
H2O_LBFGSB_neyman_T1000000_P1000_s4          evals=  403 shots=     390712  gap_final=  1054.79  gap_best=  1054.79 mHa
H2O_LBFGSB_neyman_T100000000_P100000_s8      evals=  247 shots=   24692383  gap_final=  1068.99  gap_best=  1068.99 mHa
H2O_LBFGSB_neyman_T100000000_P100000_s1      evals=  442 shots=   44186536  gap_final=  1072.47  gap_best=  1072.47 mHa
H2O_LBFGSB_neyman_T100000000_P100000_s5      evals=  325 shots=   32490106  gap_final=  1069.21  gap_best=  1069.21 mHa
H2O_LBFGSB_neyman_T10000000_P10000_s9        evals=  273 shots=    2721729  gap_final=  1058.43  gap_best=  1058.43 mHa
H2O_LBFGSB_neyman_T10000000_P10000_s7        evals=  273 shots=    2721625  gap_final=  1054.15  gap_best=  1052.48 mHa
H2O_LBFGSB_neyman_T100000000_P100000_s3      evals=  273 shots=   27291625  gap_final=  1069.72  gap_best=  1069.72 mHa
H2O_LBFGSB_neyman_T10000000_P10000_s1        evals=  416 shots=    4147179  gap_final=  1072.47  gap_best=  1072.47 mHa
H2O_LBFGSB_neyman_T10000000_P10000_s8        evals=  351 shots=    3499151  gap_final=  1068.99  gap_best=  1089.69 mHa
H2O_LBFGSB_neyman_T1000000000_P1000000_s0    evals=  364 shots=  363988945  gap_final=  1066.26  gap_best=  1066.26 mHa
H2O_LBFGSB_neyman_T10000000_P10000_s4        evals=  416 shots=    4147555  gap_final=  1054.79  gap_best=  1044.06 mHa
H2O_LBFGSB_neyman_T1000000000_P1000000_s3    evals=  364 shots=  363988830  gap_final=  1069.72  gap_best=  1005.67 mHa
H2O_LBFGSB_neyman_T1000000000_P1000000_s1    evals=  416 shots=  415987243  gap_final=  1072.47  gap_best=  1069.00 mHa
H2O_LBFGSB_neyman_T1000000000_P1000000_s2    evals=  416 shots=  415987294  gap_final=  1063.37  gap_best=  1063.37 mHa
H2O_LBFGSB_neyman_T10000000000_P10000000_s0  evals=  273 shots= 2729991663  gap_final=  1066.26  gap_best=  1066.26 mHa
H2O_LBFGSB_neyman_T100000000_P100000_s9      evals=  273 shots=   27291653  gap_final=  1058.43  gap_best=  1057.45 mHa
H2O_LBFGSB_exact_T100000000_P100000_s0       evals=  403 shots=          0  gap_final=     0.29  gap_best=     0.29 mHa
H2O_LBFGSB_exact_T100000000_P100000_s2       evals=  403 shots=          0  gap_final=     0.37  gap_best=     0.37 mHa
H2O_LBFGSB_neyman_T10000000000_P10000000_s5  evals=  234 shots= 2339992849  gap_final=  1069.21  gap_best=  1069.21 mHa
H2O_LBFGSB_exact_T100000000_P100000_s1       evals=  403 shots=          0  gap_final=     0.39  gap_best=     0.39 mHa
H2O_LBFGSB_exact_T100000000_P100000_s4       evals=  377 shots=          0  gap_final=     0.40  gap_best=     0.40 mHa
H2O_LBFGSB_neyman_T10000000000_P10000000_s7  evals=  273 shots= 2729991657  gap_final=  1054.15  gap_best=   972.56 mHa
H2O_LBFGSB_neyman_T100000000_P100000_s6      evals=  351 shots=   35089391  gap_final=  1057.53  gap_best=  1057.53 mHa
H2O_LBFGSB_neyman_T100000000_P100000_s4      evals=  377 shots=   37688455  gap_final=  1054.79  gap_best=  1051.84 mHa
H2O_LBFGSB_neyman_T100000000_P100000_s2      evals=  494 shots=   49384848  gap_final=  1063.37  gap_best=  1063.37 mHa
H2O_LBFGSB_exact_T100000000_P100000_s3       evals=  598 shots=          0  gap_final=     0.09  gap_best=     0.09 mHa
H2O_LBFGSB_exact_T100000000_P100000_s7       evals=  364 shots=          0  gap_final=     0.39  gap_best=     0.39 mHa
H2O_LBFGSB_neyman_T10000000000_P10000000_s6  evals=  325 shots= 3249990066  gap_final=  1057.53  gap_best=  1056.34 mHa
H2O_LBFGSB_exact_T100000000_P100000_s6       evals=  442 shots=          0  gap_final=     0.40  gap_best=     0.40 mHa
H2O_LBFGSB_neyman_T10000000_P10000_s5        evals=  572 shots=    5702646  gap_final=  1069.21  gap_best=  1069.21 mHa
H2O_LBFGSB_exact_T100000000_P100000_s8       evals=  585 shots=          0  gap_final=     0.09  gap_best=     0.09 mHa
H2O_LBFGSB_neyman_T100000000_P100000_s7      evals=  416 shots=   41587361  gap_final=  1054.15  gap_best=  1054.15 mHa
H2O_LBFGSB_neyman_T1000000000_P1000000_s7    evals=  286 shots=  285991257  gap_final=  1054.15  gap_best=  1054.15 mHa
H2O_LBFGSB_exact_T100000000_P100000_s5       evals=  962 shots=          0  gap_final=   412.94  gap_best=   412.94 mHa
H2O_LBFGSB_neyman_T1000000000_P1000000_s4    evals=  377 shots=  376988437  gap_final=  1054.79  gap_best=  1054.79 mHa
H2O_LBFGSB_neyman_T1000000000_P1000000_s6    evals=  312 shots=  311990459  gap_final=  1057.53  gap_best=  1029.33 mHa
H2O_LBFGSB_exact_T100000000_P100000_s9       evals=  260 shots=          0  gap_final=     0.39  gap_best=     0.39 mHa
H2O_LBFGSB_neyman_T1000000000_P1000000_s5    evals=  325 shots=  324990126  gap_final=  1069.21  gap_best=  1067.01 mHa
H2O_LBFGSB_neyman_T1000000000_P1000000_s8    evals=  325 shots=  324990056  gap_final=  1068.99  gap_best=  1068.99 mHa
H2O_LBFGSB_neyman_T10000000000_P10000000_s2  evals=  273 shots= 2729991665  gap_final=  1063.37  gap_best=  1063.37 mHa
H2O_LBFGSB_neyman_T10000000000_P10000000_s4  evals=  273 shots= 2729991632  gap_final=  1054.79  gap_best=  1054.80 mHa
H2O_LBFGSB_neyman_T1000000000_P1000000_s9    evals=  351 shots=  350989247  gap_final=  1058.43  gap_best=  1049.01 mHa
H2O_LBFGSB_neyman_T10000000000_P10000000_s1  evals=  351 shots= 3509989267  gap_final=  1072.47  gap_best=  1059.40 mHa
H2O_LBFGSB_ps_uniform_T1000000_P1000_s2      evals=  225 shots=     219600  gap_final=  1060.88  gap_best=   503.41 mHa
H2O_LBFGSB_neyman_T10000000000_P10000000_s9  evals=  273 shots= 2729991623  gap_final=  1058.43  gap_best=  1058.43 mHa
H2O_LBFGSB_ps_uniform_T1000000_P1000_s0      evals=  225 shots=     219600  gap_final=  1059.91  gap_best=   746.17 mHa
H2O_LBFGSB_ps_uniform_T10000000_P10000_s1    evals=  225 shots=    2237175  gap_final=  1029.99  gap_best=   425.01 mHa
H2O_LBFGSB_neyman_T10000000000_P10000000_s3  evals=  364 shots= 3639988895  gap_final=  1069.72  gap_best=  1069.72 mHa
H2O_LBFGSB_ps_uniform_T10000000_P10000_s2    evals=  250 shots=    2485750  gap_final=  1033.03  gap_best=   568.36 mHa
H2O_LBFGSB_ps_uniform_T10000000_P10000_s0    evals=  300 shots=    2982900  gap_final=   958.23  gap_best=   533.06 mHa
H2O_LBFGSB_ps_uniform_T1000000_P1000_s3      evals=  275 shots=     268400  gap_final=  1065.61  gap_best=   732.28 mHa
H2O_LBFGSB_neyman_T10000000000_P10000000_s8  evals=  429 shots= 4289986916  gap_final=  1068.99  gap_best=  1067.53 mHa
H2O_LBFGSB_ps_uniform_T1000000_P1000_s6      evals=  200 shots=     195200  gap_final=   974.79  gap_best=   779.00 mHa
H2O_LBFGSB_ps_uniform_T1000000_P1000_s1      evals=  250 shots=     244000  gap_final=  1002.24  gap_best=   502.91 mHa
H2O_LBFGSB_ps_uniform_T10000000_P10000_s6    evals=  300 shots=    2982900  gap_final=  1050.43  gap_best=   615.53 mHa
H2O_LBFGSB_ps_uniform_T1000000_P1000_s8      evals=  200 shots=     195200  gap_final=  1075.49  gap_best=   749.66 mHa
H2O_LBFGSB_ps_uniform_T10000000_P10000_s7    evals=  300 shots=    2982900  gap_final=  1046.40  gap_best=   585.60 mHa
H2O_LBFGSB_ps_uniform_T10000000_P10000_s3    evals=  400 shots=    3977200  gap_final=   974.48  gap_best=   580.17 mHa
H2O_LBFGSB_ps_uniform_T1000000_P1000_s7      evals=  225 shots=     219600  gap_final=  1165.32  gap_best=   444.74 mHa
H2O_LBFGSB_ps_uniform_T1000000_P1000_s9      evals=  450 shots=     439200  gap_final=  1058.24  gap_best=   594.41 mHa
H2O_LBFGSB_ps_uniform_T1000000_P1000_s4      evals=  275 shots=     268400  gap_final=   901.66  gap_best=   495.92 mHa
H2O_LBFGSB_ps_uniform_T10000000_P10000_s5    evals=  200 shots=    1988600  gap_final=  1038.02  gap_best=   539.33 mHa
H2O_LBFGSB_ps_uniform_T1000000_P1000_s5      evals=  325 shots=     317200  gap_final=  1070.25  gap_best=   796.13 mHa
H2O_LBFGSB_ps_uniform_T100000000_P100000_s5  evals=  225 shots=   22495275  gap_final=  1011.44  gap_best=   516.66 mHa
H2O_LBFGSB_ps_uniform_T10000000_P10000_s4    evals=  325 shots=    3231475  gap_final=   630.52  gap_best=   317.73 mHa
H2O_LBFGSB_ps_uniform_T100000000_P100000_s1  evals=  250 shots=   24994750  gap_final=  1039.14  gap_best=   402.01 mHa
H2O_LBFGSB_ps_uniform_T10000000_P10000_s9    evals=  250 shots=    2485750  gap_final=  1006.15  gap_best=   515.90 mHa
H2O_LBFGSB_ps_uniform_T100000000_P100000_s6  evals=  250 shots=   24994750  gap_final=  1040.55  gap_best=   451.87 mHa
H2O_LBFGSB_ps_uniform_T10000000_P10000_s8    evals=  350 shots=    3480050  gap_final=  1031.16  gap_best=   488.39 mHa
H2O_LBFGSB_ps_uniform_T100000000_P100000_s2  evals=  350 shots=   34992650  gap_final=  1023.42  gap_best=   521.10 mHa
H2O_LBFGSB_ps_neyman_T1000000_P1000_s1       evals=  200 shots=     194145  gap_final=  1072.47  gap_best=   500.63 mHa
H2O_LBFGSB_ps_uniform_T100000000_P100000_s9  evals=  775 shots=   77483725  gap_final=     1.62  gap_best=     1.62 mHa
H2O_LBFGSB_ps_uniform_T1000000000_P1000000_s0 evals=  800 shots=  799978400  gap_final=     1.67  gap_best=     1.67 mHa
H2O_LBFGSB_ps_uniform_T1000000000_P1000000_s1 evals=  625 shots=  624983125  gap_final=     2.83  gap_best=     2.83 mHa
H2O_LBFGSB_ps_uniform_T100000000_P100000_s7  evals=  950 shots=   94980050  gap_final=     1.19  gap_best=     1.19 mHa
H2O_LBFGSB_ps_uniform_T1000000000_P1000000_s8 evals=  400 shots=  399989200  gap_final=   687.70  gap_best=   438.33 mHa
H2O_LBFGSB_ps_uniform_T100000000_P100000_s0  evals=  600 shots=   59987400  gap_final=    12.49  gap_best=    12.49 mHa
H2O_LBFGSB_ps_uniform_T1000000000_P1000000_s3 evals=  875 shots=  874976375  gap_final=     3.74  gap_best=     3.74 mHa
H2O_LBFGSB_ps_uniform_T10000000000_P10000000_s1 evals=  750 shots= 7499980500  gap_final=     0.52  gap_best=     0.52 mHa
H2O_LBFGSB_ps_neyman_T1000000_P1000_s3       evals=  225 shots=     218325  gap_final=   999.62  gap_best=   538.67 mHa
H2O_LBFGSB_ps_neyman_T1000000_P1000_s2       evals=  250 shots=     242678  gap_final=  1053.46  gap_best=   552.69 mHa
H2O_LBFGSB_ps_uniform_T10000000000_P10000000_s6 evals=  725 shots= 7249981150  gap_final=     1.78  gap_best=     1.78 mHa
H2O_LBFGSB_ps_neyman_T1000000_P1000_s0       evals=  300 shots=     291206  gap_final=  1063.04  gap_best=   559.01 mHa
H2O_LBFGSB_ps_uniform_T1000000000_P1000000_s2 evals= 1000 shots=  999973000  gap_final=     2.09  gap_best=     2.09 mHa
H2O_LBFGSB_ps_uniform_T100000000_P100000_s4  evals=  650 shots=   64986350  gap_final=     7.24  gap_best=     7.24 mHa
H2O_LBFGSB_ps_neyman_T1000000_P1000_s4       evals=  325 shots=     315421  gap_final=  1131.97  gap_best=   556.17 mHa
H2O_LBFGSB_ps_neyman_T1000000_P1000_s6       evals=  225 shots=     218377  gap_final=  1058.42  gap_best=   486.85 mHa
H2O_LBFGSB_ps_neyman_T1000000_P1000_s8       evals=  175 shots=     169822  gap_final=  1068.99  gap_best=   545.76 mHa
H2O_LBFGSB_ps_neyman_T1000000_P1000_s5       evals=  325 shots=     315473  gap_final=  1060.21  gap_best=   463.09 mHa
H2O_LBFGSB_ps_uniform_T1000000000_P1000000_s9 evals=  550 shots=  549985150  gap_final=     0.65  gap_best=     0.65 mHa
H2O_LBFGSB_ps_uniform_T10000000000_P10000000_s0 evals=  825 shots= 8249978550  gap_final=     0.47  gap_best=     0.47 mHa
H2O_LBFGSB_ps_uniform_T10000000000_P10000000_s8 evals= 1000 shots= 9999974000  gap_final=  1236.63  gap_best=     0.75 mHa
H2O_LBFGSB_ps_uniform_T100000000_P100000_s8  evals=  900 shots=   89981100  gap_final=     4.58  gap_best=     4.58 mHa
H2O_LBFGSB_ps_neyman_T1000000_P1000_s9       evals=  200 shots=     194124  gap_final=  1045.74  gap_best=   489.69 mHa
H2O_LBFGSB_ps_uniform_T1000000000_P1000000_s6 evals=  675 shots=  674981775  gap_final=     1.73  gap_best=     1.73 mHa
H2O_LBFGSB_ps_neyman_T10000000_P10000_s4     evals=  325 shots=    3240467  gap_final=   979.25  gap_best=   427.28 mHa
H2O_LBFGSB_ps_neyman_T10000000_P10000_s1     evals=  400 shots=    3988376  gap_final=   774.20  gap_best=   364.80 mHa
H2O_LBFGSB_ps_neyman_T10000000_P10000_s2     evals=  300 shots=    2991248  gap_final=  1040.61  gap_best=   528.92 mHa
H2O_LBFGSB_ps_uniform_T100000000_P100000_s3  evals=  875 shots=   87481625  gap_final=    19.08  gap_best=    19.08 mHa
H2O_LBFGSB_ps_neyman_T10000000_P10000_s7     evals=  350 shots=    3489582  gap_final=  1033.68  gap_best=   506.98 mHa
H2O_LBFGSB_ps_neyman_T10000000_P10000_s0     evals=  250 shots=    2492703  gap_final=  1033.54  gap_best=   548.39 mHa
H2O_LBFGSB_ps_uniform_T10000000000_P10000000_s4 evals=  750 shots= 7499980500  gap_final=     0.54  gap_best=     0.54 mHa
H2O_LBFGSB_ps_uniform_T1000000000_P1000000_s5 evals=  850 shots=  849977050  gap_final=   430.73  gap_best=   430.73 mHa
H2O_LBFGSB_ps_uniform_T1000000000_P1000000_s7 evals=  800 shots=  799978400  gap_final=     2.89  gap_best=     2.89 mHa
H2O_LBFGSB_ps_uniform_T10000000000_P10000000_s9 evals=  625 shots= 6249983750  gap_final=     0.53  gap_best=     0.53 mHa
H2O_LBFGSB_ps_neyman_T1000000_P1000_s7       evals=  475 shots=     461072  gap_final=  1020.17  gap_best=   477.96 mHa
H2O_LBFGSB_ps_neyman_T10000000_P10000_s3     evals=  400 shots=    3988190  gap_final=   989.83  gap_best=   418.51 mHa
H2O_LBFGSB_ps_uniform_T10000000000_P10000000_s2 evals=  825 shots= 8249978550  gap_final=     4.11  gap_best=     4.11 mHa
H2O_LBFGSB_ps_uniform_T1000000000_P1000000_s4 evals=  950 shots=  949974350  gap_final=     1.06  gap_best=     1.06 mHa
H2O_LBFGSB_ps_neyman_T100000000_P100000_s3   evals=  350 shots=   34989456  gap_final=   947.08  gap_best=   478.45 mHa
H2O_LBFGSB_ps_neyman_T10000000_P10000_s6     evals=  325 shots=    3240511  gap_final=   800.02  gap_best=   266.54 mHa
H2O_LBFGSB_ps_neyman_T100000000_P100000_s1   evals=  550 shots=   54983212  gap_final=     0.89  gap_best=     0.89 mHa
H2O_LBFGSB_ps_neyman_T100000000_P100000_s5   evals=  350 shots=   34989213  gap_final=  1006.31  gap_best=   548.25 mHa
H2O_LBFGSB_ps_neyman_T100000000_P100000_s2   evals=  550 shots=   54983131  gap_final=     7.66  gap_best=     7.66 mHa
H2O_LBFGSB_ps_uniform_T10000000000_P10000000_s3 evals=  900 shots= 8999976600  gap_final=     0.64  gap_best=     0.64 mHa
H2O_LBFGSB_ps_neyman_T10000000_P10000_s5     evals=  425 shots=    4237532  gap_final=   861.41  gap_best=   497.07 mHa
H2O_LBFGSB_ps_uniform_T10000000000_P10000000_s7 evals=  975 shots= 9749974650  gap_final=     0.42  gap_best=     0.42 mHa
H2O_LBFGSB_ps_uniform_T10000000000_P10000000_s5 evals=  950 shots= 9499975300  gap_final=   428.49  gap_best=   428.49 mHa
H2O_LBFGSB_ps_neyman_T100000000_P100000_s4   evals=  700 shots=   69978738  gap_final=     1.69  gap_best=     1.69 mHa
H2O_LBFGSB_ps_neyman_T100000000_P100000_s7   evals=  375 shots=   37488757  gap_final=   858.84  gap_best=   381.28 mHa
H2O_LBFGSB_ps_neyman_T100000000_P100000_s0   evals= 1000 shots=   99969468  gap_final=  1202.82  gap_best=     5.98 mHa
H2O_LBFGSB_ps_neyman_T100000000_P100000_s8   evals=  375 shots=   37488550  gap_final=  1028.52  gap_best=   508.93 mHa
H2O_LBFGSB_ps_neyman_T10000000_P10000_s8     evals=  600 shots=    5982520  gap_final=  1027.04  gap_best=   483.52 mHa
H2O_LBFGSB_ps_exact_T100000000_P100000_s0    evals=  775 shots=          0  gap_final=     0.29  gap_best=     0.29 mHa
H2O_LBFGSB_ps_exact_T100000000_P100000_s1    evals=  825 shots=          0  gap_final=     0.39  gap_best=     0.39 mHa
H2O_LBFGSB_ps_exact_T100000000_P100000_s2    evals=  775 shots=          0  gap_final=     0.37  gap_best=     0.37 mHa
H2O_LBFGSB_ps_exact_T100000000_P100000_s4    evals=  725 shots=          0  gap_final=     0.40  gap_best=     0.40 mHa
H2O_LBFGSB_ps_neyman_T10000000_P10000_s9     evals=  775 shots=    7727202  gap_final=     9.65  gap_best=     9.65 mHa
H2O_LBFGSB_ps_neyman_T10000000000_P10000000_s5 evals=  650 shots= 6499980284  gap_final=   429.11  gap_best=   429.11 mHa
H2O_LBFGSB_ps_neyman_T10000000000_P10000000_s9 evals=  575 shots= 5749982443  gap_final=     0.58  gap_best=     0.58 mHa
H2O_LBFGSB_ps_exact_T100000000_P100000_s9    evals=  500 shots=          0  gap_final=     0.39  gap_best=     0.39 mHa
H2O_LBFGSB_ps_neyman_T1000000000_P1000000_s3 evals= 1000 shots=  999969502  gap_final=  1223.13  gap_best=     8.24 mHa
H2O_LBFGSB_ps_neyman_T10000000000_P10000000_s6 evals=  725 shots= 7249977934  gap_final=     1.30  gap_best=     1.30 mHa
H2O_LBFGSB_ps_exact_T100000000_P100000_s8    evals= 1000 shots=          0  gap_final=  1241.13  gap_best=     0.15 mHa
H2O_LBFGSB_ps_neyman_T10000000000_P10000000_s2 evals=  700 shots= 6999978511  gap_final=     0.45  gap_best=     0.45 mHa
H2O_LBFGSB_ps_neyman_T10000000000_P10000000_s7 evals=  800 shots= 7999975610  gap_final=     0.43  gap_best=     0.43 mHa
H2O_LBFGSB_ps_neyman_T1000000000_P1000000_s1 evals=  625 shots=  624980847  gap_final=     0.51  gap_best=     0.51 mHa
H2O_LBFGSB_ps_exact_T100000000_P100000_s3    evals= 1000 shots=          0  gap_final=  1167.66  gap_best=     2.10 mHa
H2O_LBFGSB_ps_exact_T100000000_P100000_s7    evals=  700 shots=          0  gap_final=     0.39  gap_best=     0.39 mHa
H2O_LBFGSB_ps_exact_T100000000_P100000_s5    evals= 1000 shots=          0  gap_final=   758.16  gap_best=   427.81 mHa
H2O_LBFGSB_ps_neyman_T100000000_P100000_s9   evals=  900 shots=   89972472  gap_final=     4.38  gap_best=     5.28 mHa
H2O_LBFGSB_ps_exact_T100000000_P100000_s6    evals=  850 shots=          0  gap_final=     0.40  gap_best=     0.40 mHa
H2O_LBFGSB_ps_neyman_T1000000000_P1000000_s0 evals=  750 shots=  749976987  gap_final=     1.14  gap_best=     1.14 mHa
H2O_LBFGSB_ps_neyman_T1000000000_P1000000_s2 evals=  700 shots=  699978620  gap_final=     1.21  gap_best=     1.21 mHa
H2O_LBFGSB_ps_neyman_T100000000_P100000_s6   evals=  800 shots=   79975607  gap_final=     2.98  gap_best=     2.98 mHa
H2O_LBFGSB_ps_neyman_T1000000000_P1000000_s7 evals=  675 shots=  674979488  gap_final=     0.81  gap_best=     0.81 mHa
H2O_LBFGSB_ps_neyman_T1000000000_P1000000_s6 evals=  850 shots=  849974143  gap_final=     1.87  gap_best=     1.87 mHa
H2O_LBFGSB_ps_neyman_T1000000000_P1000000_s9 evals=  625 shots=  624980829  gap_final=     0.51  gap_best=     0.51 mHa
H2O_LBFGSB_ps_neyman_T10000000000_P10000000_s8 evals=  950 shots= 9499971030  gap_final=     0.55  gap_best=     0.55 mHa
H2O_LBFGSB_ps_neyman_T1000000000_P1000000_s5 evals=  800 shots=  799975449  gap_final=   425.85  gap_best=   425.85 mHa
H2O_LBFGSB_ps_neyman_T10000000000_P10000000_s0 evals=  750 shots= 7499977111  gap_final=     0.35  gap_best=     0.35 mHa
H2O_LBFGSB_ps_neyman_T1000000000_P1000000_s8 evals= 1000 shots=  999969637  gap_final=     0.46  gap_best=     0.46 mHa
H2O_LBFGSB_ps_neyman_T10000000000_P10000000_s4 evals=  775 shots= 7749976482  gap_final=     0.40  gap_best=     0.40 mHa
H2O_LBFGSB_ps_neyman_T10000000000_P10000000_s1 evals=  825 shots= 8249974784  gap_final=     0.85  gap_best=     0.85 mHa
H2O_LBFGSB_ps_neyman_T1000000000_P1000000_s4 evals= 1000 shots=  999969847  gap_final=  1247.56  gap_best=     1.02 mHa
H2O_LBFGSB_ps_neyman_T10000000000_P10000000_s3 evals= 1000 shots= 9999969449  gap_final=     0.23  gap_best=     0.23 mHa
H2O_COBYLA_r_uniform_T1000000_P1000_s0       evals= 1000 shots=     976000  gap_final=  1227.48  gap_best=  1227.48 mHa
H2O_COBYLA_r_uniform_T1000000_P1000_s3       evals= 1000 shots=     976000  gap_final=  1257.08  gap_best=  1168.53 mHa
H2O_COBYLA_r_uniform_T1000000_P1000_s2       evals= 1000 shots=     976000  gap_final=  1201.49  gap_best=  1182.29 mHa
H2O_COBYLA_r_uniform_T1000000_P1000_s5       evals= 1000 shots=     976000  gap_final=  1124.27  gap_best=  1123.76 mHa
H2O_COBYLA_r_uniform_T1000000_P1000_s1       evals= 1000 shots=     976000  gap_final=   875.87  gap_best=   875.87 mHa
H2O_COBYLA_r_uniform_T1000000_P1000_s6       evals= 1000 shots=     976000  gap_final=  1196.74  gap_best=  1078.00 mHa
H2O_COBYLA_r_uniform_T10000000_P10000_s6     evals= 1000 shots=    9943000  gap_final=   989.11  gap_best=  1037.61 mHa
H2O_COBYLA_r_uniform_T100000000_P100000_s2   evals= 1000 shots=   99979000  gap_final=   278.16  gap_best=   278.16 mHa
H2O_COBYLA_r_uniform_T10000000_P10000_s9     evals= 1000 shots=    9943000  gap_final=  1131.20  gap_best=  1074.12 mHa
H2O_COBYLA_r_uniform_T1000000_P1000_s4       evals= 1000 shots=     976000  gap_final=  1088.05  gap_best=  1088.05 mHa
H2O_COBYLA_r_uniform_T100000000_P100000_s7   evals= 1000 shots=   99979000  gap_final=   854.77  gap_best=   854.77 mHa
H2O_COBYLA_r_uniform_T10000000_P10000_s8     evals= 1000 shots=    9943000  gap_final=   956.02  gap_best=   997.24 mHa
H2O_COBYLA_r_uniform_T1000000_P1000_s9       evals= 1000 shots=     976000  gap_final=  1072.31  gap_best=  1072.31 mHa
H2O_COBYLA_r_uniform_T1000000000_P1000000_s0 evals= 1000 shots=  999973000  gap_final=     7.31  gap_best=     7.31 mHa
H2O_COBYLA_r_uniform_T100000000_P100000_s9   evals= 1000 shots=   99979000  gap_final=   855.11  gap_best=   855.11 mHa
H2O_COBYLA_r_uniform_T1000000_P1000_s7       evals= 1000 shots=     976000  gap_final=  1090.15  gap_best=  1039.82 mHa
H2O_COBYLA_r_uniform_T100000000_P100000_s8   evals= 1000 shots=   99979000  gap_final=   765.93  gap_best=   765.93 mHa
H2O_COBYLA_r_uniform_T10000000_P10000_s0     evals= 1000 shots=    9943000  gap_final=  1129.03  gap_best=  1105.45 mHa
H2O_COBYLA_r_uniform_T10000000_P10000_s7     evals= 1000 shots=    9943000  gap_final=   979.31  gap_best=   979.31 mHa
H2O_COBYLA_r_uniform_T100000000_P100000_s0   evals= 1000 shots=   99979000  gap_final=   545.03  gap_best=   545.03 mHa
H2O_COBYLA_r_uniform_T1000000_P1000_s8       evals= 1000 shots=     976000  gap_final=  1125.07  gap_best=  1031.05 mHa
H2O_COBYLA_r_uniform_T10000000_P10000_s5     evals= 1000 shots=    9943000  gap_final=   949.41  gap_best=   949.41 mHa
H2O_COBYLA_r_uniform_T10000000_P10000_s2     evals= 1000 shots=    9943000  gap_final=   829.71  gap_best=   829.71 mHa
H2O_COBYLA_r_uniform_T10000000_P10000_s1     evals= 1000 shots=    9943000  gap_final=   918.54  gap_best=   918.54 mHa
H2O_COBYLA_r_uniform_T10000000_P10000_s3     evals= 1000 shots=    9943000  gap_final=   992.81  gap_best=   980.11 mHa
H2O_COBYLA_r_uniform_T10000000_P10000_s4     evals= 1000 shots=    9943000  gap_final=   844.88  gap_best=   844.88 mHa
H2O_COBYLA_r_uniform_T1000000000_P1000000_s1 evals= 1000 shots=  999973000  gap_final=    10.61  gap_best=     7.99 mHa
H2O_COBYLA_r_uniform_T1000000000_P1000000_s2 evals= 1000 shots=  999973000  gap_final=    19.02  gap_best=    18.46 mHa
H2O_COBYLA_r_uniform_T1000000000_P1000000_s5 evals= 1000 shots=  999973000  gap_final=    12.29  gap_best=    12.29 mHa
H2O_COBYLA_r_uniform_T100000000_P100000_s1   evals= 1000 shots=   99979000  gap_final=    92.66  gap_best=    92.66 mHa
H2O_COBYLA_r_uniform_T1000000000_P1000000_s6 evals= 1000 shots=  999973000  gap_final=    13.44  gap_best=    14.41 mHa
H2O_COBYLA_r_uniform_T100000000_P100000_s3   evals= 1000 shots=   99979000  gap_final=   772.32  gap_best=   772.32 mHa
H2O_COBYLA_r_uniform_T100000000_P100000_s4   evals= 1000 shots=   99979000  gap_final=   628.07  gap_best=   628.07 mHa
H2O_COBYLA_r_uniform_T100000000_P100000_s5   evals= 1000 shots=   99979000  gap_final=   254.53  gap_best=   254.53 mHa
H2O_COBYLA_r_uniform_T100000000_P100000_s6   evals= 1000 shots=   99979000  gap_final=    21.83  gap_best=    21.83 mHa
H2O_COBYLA_r_uniform_T1000000000_P1000000_s7 evals= 1000 shots=  999973000  gap_final=   383.47  gap_best=   383.47 mHa
H2O_COBYLA_r_uniform_T10000000000_P10000000_s1 evals= 1000 shots= 9999974000  gap_final=     4.08  gap_best=     4.08 mHa
H2O_COBYLA_r_uniform_T1000000000_P1000000_s3 evals= 1000 shots=  999973000  gap_final=    15.38  gap_best=    14.14 mHa
H2O_COBYLA_r_uniform_T1000000000_P1000000_s4 evals= 1000 shots=  999973000  gap_final=    11.86  gap_best=    11.86 mHa
H2O_COBYLA_r_uniform_T10000000000_P10000000_s2 evals= 1000 shots= 9999974000  gap_final=     6.31  gap_best=     6.32 mHa
H2O_COBYLA_r_uniform_T10000000000_P10000000_s3 evals= 1000 shots= 9999974000  gap_final=     1.77  gap_best=     1.77 mHa
H2O_COBYLA_r_neyman_T1000000_P1000_s5        evals= 1000 shots=     970330  gap_final=  1063.82  gap_best=  1063.82 mHa
H2O_COBYLA_r_neyman_T1000000_P1000_s6        evals= 1000 shots=     970239  gap_final=  1029.32  gap_best=  1029.32 mHa
H2O_COBYLA_r_neyman_T1000000_P1000_s7        evals= 1000 shots=     970168  gap_final=  1003.46  gap_best=  1003.46 mHa
H2O_COBYLA_r_neyman_T1000000_P1000_s8        evals= 1000 shots=     970349  gap_final=  1073.22  gap_best=  1089.84 mHa
H2O_COBYLA_r_uniform_T10000000000_P10000000_s7 evals= 1000 shots= 9999974000  gap_final=     1.01  gap_best=     0.70 mHa
H2O_COBYLA_r_neyman_T10000000_P10000_s0      evals= 1000 shots=    9970313  gap_final=   818.39  gap_best=   818.39 mHa
H2O_COBYLA_r_uniform_T1000000000_P1000000_s8 evals= 1000 shots=  999973000  gap_final=    13.46  gap_best=    13.46 mHa
H2O_COBYLA_r_uniform_T1000000000_P1000000_s9 evals= 1000 shots=  999973000  gap_final=     4.91  gap_best=     4.91 mHa
H2O_COBYLA_r_uniform_T10000000000_P10000000_s0 evals= 1000 shots= 9999974000  gap_final=     4.71  gap_best=     4.71 mHa
H2O_COBYLA_r_neyman_T10000000_P10000_s5      evals= 1000 shots=    9970370  gap_final=   899.40  gap_best=   899.40 mHa
H2O_COBYLA_r_uniform_T10000000000_P10000000_s4 evals= 1000 shots= 9999974000  gap_final=     4.81  gap_best=     4.81 mHa
H2O_COBYLA_r_uniform_T10000000000_P10000000_s5 evals= 1000 shots= 9999974000  gap_final=     7.24  gap_best=     7.50 mHa
H2O_COBYLA_r_neyman_T1000000_P1000_s2        evals= 1000 shots=     970209  gap_final=   955.56  gap_best=   973.36 mHa
H2O_COBYLA_r_uniform_T10000000000_P10000000_s9 evals= 1000 shots= 9999974000  gap_final=     1.31  gap_best=     1.31 mHa
H2O_COBYLA_r_uniform_T10000000000_P10000000_s6 evals= 1000 shots= 9999974000  gap_final=     3.30  gap_best=     3.40 mHa
H2O_COBYLA_r_neyman_T1000000_P1000_s1        evals= 1000 shots=     969916  gap_final=   811.96  gap_best=   811.96 mHa
H2O_COBYLA_r_neyman_T1000000_P1000_s3        evals= 1000 shots=     970231  gap_final=  1122.45  gap_best=  1077.22 mHa
H2O_COBYLA_r_neyman_T1000000_P1000_s9        evals= 1000 shots=     970088  gap_final=   970.01  gap_best=   970.01 mHa
H2O_COBYLA_r_neyman_T1000000_P1000_s4        evals= 1000 shots=     970075  gap_final=   968.27  gap_best=   968.27 mHa
H2O_COBYLA_r_uniform_T10000000000_P10000000_s8 evals= 1000 shots= 9999974000  gap_final=     3.95  gap_best=     3.95 mHa
H2O_COBYLA_r_neyman_T1000000_P1000_s0        evals= 1000 shots=     970209  gap_final=  1107.74  gap_best=  1138.44 mHa
H2O_COBYLA_r_neyman_T10000000_P10000_s8      evals= 1000 shots=    9970223  gap_final=   749.05  gap_best=   749.05 mHa
H2O_COBYLA_r_neyman_T10000000_P10000_s9      evals= 1000 shots=    9970394  gap_final=   868.34  gap_best=   868.34 mHa
H2O_COBYLA_r_neyman_T100000000_P100000_s1    evals= 1000 shots=   99969427  gap_final=    18.56  gap_best=    14.72 mHa
H2O_COBYLA_r_neyman_T100000000_P100000_s2    evals= 1000 shots=   99969617  gap_final=    19.31  gap_best=    20.72 mHa
H2O_COBYLA_r_neyman_T100000000_P100000_s3    evals= 1000 shots=   99969623  gap_final=    11.49  gap_best=    17.30 mHa
H2O_COBYLA_r_neyman_T10000000_P10000_s1      evals= 1000 shots=    9970337  gap_final=   642.72  gap_best=   642.72 mHa
H2O_COBYLA_r_neyman_T100000000_P100000_s4    evals= 1000 shots=   99969444  gap_final=    10.50  gap_best=    10.50 mHa
H2O_COBYLA_r_neyman_T10000000_P10000_s2      evals= 1000 shots=    9970291  gap_final=   763.34  gap_best=   763.34 mHa
H2O_COBYLA_r_neyman_T10000000_P10000_s3      evals= 1000 shots=    9970386  gap_final=   204.57  gap_best=   204.57 mHa
H2O_COBYLA_r_neyman_T10000000_P10000_s4      evals= 1000 shots=    9970644  gap_final=   854.47  gap_best=   854.47 mHa
H2O_COBYLA_r_neyman_T100000000_P100000_s0    evals= 1000 shots=   99969012  gap_final=   523.65  gap_best=   523.65 mHa
H2O_COBYLA_r_neyman_T100000000_P100000_s6    evals= 1000 shots=   99969473  gap_final=     4.45  gap_best=     4.01 mHa
H2O_COBYLA_r_exact_T100000000_P100000_s1     evals= 1000 shots=          0  gap_final=     0.40  gap_best=     0.40 mHa
H2O_COBYLA_r_exact_T100000000_P100000_s3     evals= 1000 shots=          0  gap_final=     0.46  gap_best=     0.46 mHa
H2O_COBYLA_r_neyman_T10000000_P10000_s6      evals= 1000 shots=    9970450  gap_final=   845.83  gap_best=   845.83 mHa
H2O_COBYLA_r_exact_T100000000_P100000_s0     evals= 1000 shots=          0  gap_final=     0.39  gap_best=     0.39 mHa
H2O_COBYLA_r_neyman_T10000000_P10000_s7      evals= 1000 shots=    9970004  gap_final=   984.85  gap_best=   993.79 mHa
H2O_COBYLA_r_exact_T100000000_P100000_s2     evals= 1000 shots=          0  gap_final=     0.40  gap_best=     0.40 mHa
H2O_COBYLA_r_exact_T100000000_P100000_s4     evals= 1000 shots=          0  gap_final=     0.40  gap_best=     0.40 mHa
H2O_COBYLA_r_neyman_T1000000000_P1000000_s6  evals= 1000 shots=  999969444  gap_final=     3.30  gap_best=     3.53 mHa
H2O_COBYLA_r_neyman_T10000000000_P10000000_s1 evals= 1000 shots= 9999969557  gap_final=     3.56  gap_best=     3.73 mHa
H2O_COBYLA_r_neyman_T100000000_P100000_s5    evals= 1000 shots=   99969423  gap_final=   704.75  gap_best=   704.75 mHa
H2O_COBYLA_r_neyman_T1000000000_P1000000_s4  evals= 1000 shots=  999969460  gap_final=     1.65  gap_best=     2.36 mHa
H2O_COBYLA_r_exact_T100000000_P100000_s5     evals= 1000 shots=          0  gap_final=     0.40  gap_best=     0.40 mHa
H2O_COBYLA_r_neyman_T1000000000_P1000000_s0  evals= 1000 shots=  999969587  gap_final=     3.69  gap_best=     3.69 mHa
H2O_COBYLA_r_neyman_T1000000000_P1000000_s5  evals= 1000 shots=  999969438  gap_final=    19.93  gap_best=    19.89 mHa
H2O_COBYLA_r_neyman_T1000000000_P1000000_s1  evals= 1000 shots=  999969668  gap_final=     7.35  gap_best=     7.35 mHa
H2O_COBYLA_r_neyman_T10000000000_P10000000_s3 evals= 1000 shots= 9999969553  gap_final=     4.27  gap_best=     4.27 mHa
H2O_COBYLA_r_neyman_T10000000000_P10000000_s4 evals= 1000 shots= 9999969508  gap_final=     0.85  gap_best=     0.84 mHa
H2O_COBYLA_r_neyman_T10000000000_P10000000_s6 evals= 1000 shots= 9999969520  gap_final=     0.94  gap_best=     0.87 mHa
H2O_COBYLA_r_exact_T100000000_P100000_s6     evals= 1000 shots=          0  gap_final=     0.39  gap_best=     0.39 mHa
H2O_COBYLA_r_neyman_T100000000_P100000_s7    evals= 1000 shots=   99969083  gap_final=    15.38  gap_best=    17.81 mHa
H2O_COBYLA_r_neyman_T100000000_P100000_s8    evals= 1000 shots=   99969022  gap_final=     9.87  gap_best=     9.40 mHa
H2O_COBYLA_r_neyman_T100000000_P100000_s9    evals= 1000 shots=   99969077  gap_final=    18.87  gap_best=    18.87 mHa
H2O_COBYLA_r_exact_T100000000_P100000_s7     evals= 1000 shots=          0  gap_final=     0.27  gap_best=     0.27 mHa
H2O_COBYLA_r_exact_T100000000_P100000_s8     evals= 1000 shots=          0  gap_final=     0.40  gap_best=     0.40 mHa
H2O_COBYLA_r_exact_T100000000_P100000_s9     evals= 1000 shots=          0  gap_final=     0.38  gap_best=     0.38 mHa
H2O_COBYLA_r_neyman_T10000000000_P10000000_s5 evals= 1000 shots= 9999969520  gap_final=     1.54  gap_best=     1.54 mHa
H2O_COBYLA_r_neyman_T1000000000_P1000000_s2  evals= 1000 shots=  999969526  gap_final=     2.72  gap_best=     2.81 mHa
H2O_COBYLA_r_neyman_T1000000000_P1000000_s3  evals= 1000 shots=  999969515  gap_final=     9.82  gap_best=     9.73 mHa
H2O_COBYLA_r_neyman_T10000000000_P10000000_s7 evals= 1000 shots= 9999969552  gap_final=     3.82  gap_best=     3.82 mHa
H2O_COBYLA_r_neyman_T10000000000_P10000000_s2 evals= 1000 shots= 9999969470  gap_final=     2.49  gap_best=     2.49 mHa
H2O_COBYLA_r_neyman_T10000000000_P10000000_s8 evals= 1000 shots= 9999969535  gap_final=     0.79  gap_best=     0.97 mHa
H2O_COBYLA_r_neyman_T1000000000_P1000000_s7  evals= 1000 shots=  999969502  gap_final=    10.02  gap_best=    10.02 mHa
H2O_COBYLA_r_neyman_T1000000000_P1000000_s8  evals= 1000 shots=  999969603  gap_final=     3.53  gap_best=     1.75 mHa
H2O_COBYLA_r_neyman_T1000000000_P1000000_s9  evals= 1000 shots=  999969547  gap_final=     4.26  gap_best=     3.52 mHa
H2O_COBYLA_r_neyman_T10000000000_P10000000_s0 evals= 1000 shots= 9999969504  gap_final=     2.91  gap_best=     2.74 mHa
H2O_COBYLA_r_neyman_T10000000000_P10000000_s9 evals= 1000 shots= 9999969562  gap_final=     1.50  gap_best=     1.52 mHa
H2O_LBFGSB_r_uniform_T1000000_P1000_s1       evals= 1000 shots=     976000  gap_final=  1072.47  gap_best=  1072.47 mHa
H2O_LBFGSB_r_uniform_T1000000_P1000_s5       evals= 1000 shots=     976000  gap_final=  1069.21  gap_best=  1249.39 mHa
H2O_LBFGSB_r_uniform_T1000000_P1000_s9       evals= 1000 shots=     976000  gap_final=  1058.43  gap_best=  1028.45 mHa
H2O_LBFGSB_r_uniform_T10000000_P10000_s0     evals= 1000 shots=    9943000  gap_final=  1066.26  gap_best=  1079.54 mHa
H2O_LBFGSB_r_uniform_T10000000_P10000_s1     evals= 1000 shots=    9943000  gap_final=  1072.47  gap_best=  1059.81 mHa
H2O_LBFGSB_r_uniform_T1000000_P1000_s2       evals= 1000 shots=     976000  gap_final=  1063.37  gap_best=  1018.56 mHa
H2O_LBFGSB_r_uniform_T10000000_P10000_s9     evals= 1000 shots=    9943000  gap_final=  1058.43  gap_best=  1058.97 mHa
H2O_LBFGSB_r_uniform_T1000000_P1000_s0       evals= 1000 shots=     976000  gap_final=  1066.26  gap_best=  1161.14 mHa
H2O_LBFGSB_r_uniform_T100000000_P100000_s2   evals= 1000 shots=   99979000  gap_final=  1063.37  gap_best=   973.06 mHa
H2O_LBFGSB_r_uniform_T100000000_P100000_s4   evals= 1000 shots=   99979000  gap_final=  1054.79  gap_best=  1038.74 mHa
H2O_LBFGSB_r_uniform_T10000000_P10000_s3     evals= 1000 shots=    9943000  gap_final=  1069.72  gap_best=  1027.02 mHa
H2O_LBFGSB_r_uniform_T1000000_P1000_s3       evals= 1000 shots=     976000  gap_final=  1069.72  gap_best=  1095.12 mHa
H2O_LBFGSB_r_uniform_T1000000_P1000_s4       evals= 1000 shots=     976000  gap_final=  1054.79  gap_best=  1064.33 mHa
H2O_LBFGSB_r_uniform_T1000000_P1000_s6       evals= 1000 shots=     976000  gap_final=  1057.53  gap_best=  1100.29 mHa
H2O_LBFGSB_r_uniform_T1000000_P1000_s7       evals= 1000 shots=     976000  gap_final=  1054.15  gap_best=  1059.62 mHa
H2O_LBFGSB_r_uniform_T1000000_P1000_s8       evals= 1000 shots=     976000  gap_final=  1068.99  gap_best=  1068.99 mHa
H2O_LBFGSB_r_uniform_T10000000_P10000_s8     evals= 1000 shots=    9943000  gap_final=  1068.99  gap_best=  1091.85 mHa
H2O_LBFGSB_r_uniform_T100000000_P100000_s9   evals= 1000 shots=   99979000  gap_final=  1058.43  gap_best=  1058.43 mHa
H2O_LBFGSB_r_uniform_T1000000000_P1000000_s0 evals= 1000 shots=  999973000  gap_final=  1066.26  gap_best=  1053.03 mHa
H2O_LBFGSB_r_uniform_T10000000_P10000_s2     evals= 1000 shots=    9943000  gap_final=  1063.37  gap_best=  1035.01 mHa
H2O_LBFGSB_r_uniform_T1000000000_P1000000_s1 evals= 1000 shots=  999973000  gap_final=  1072.47  gap_best=  1072.47 mHa
H2O_LBFGSB_r_uniform_T10000000_P10000_s4     evals= 1000 shots=    9943000  gap_final=  1054.79  gap_best=  1110.95 mHa
H2O_LBFGSB_r_uniform_T10000000_P10000_s7     evals= 1000 shots=    9943000  gap_final=  1054.15  gap_best=  1007.50 mHa
H2O_LBFGSB_r_uniform_T100000000_P100000_s8   evals= 1000 shots=   99979000  gap_final=  1068.99  gap_best=  1006.89 mHa
H2O_LBFGSB_r_uniform_T10000000_P10000_s5     evals= 1000 shots=    9943000  gap_final=  1069.21  gap_best=  1103.72 mHa
H2O_LBFGSB_r_uniform_T10000000_P10000_s6     evals= 1000 shots=    9943000  gap_final=  1057.53  gap_best=  1080.32 mHa
H2O_LBFGSB_r_uniform_T1000000000_P1000000_s2 evals= 1000 shots=  999973000  gap_final=  1063.37  gap_best=   986.12 mHa
H2O_LBFGSB_r_uniform_T1000000000_P1000000_s3 evals= 1000 shots=  999973000  gap_final=  1069.72  gap_best=  1058.03 mHa
H2O_LBFGSB_r_uniform_T1000000000_P1000000_s4 evals= 1000 shots=  999973000  gap_final=  1054.79  gap_best=   972.65 mHa
H2O_LBFGSB_r_uniform_T100000000_P100000_s0   evals= 1000 shots=   99979000  gap_final=  1066.26  gap_best=  1076.88 mHa
H2O_LBFGSB_r_uniform_T100000000_P100000_s1   evals= 1000 shots=   99979000  gap_final=  1072.47  gap_best=  1050.95 mHa
H2O_LBFGSB_r_uniform_T100000000_P100000_s3   evals= 1000 shots=   99979000  gap_final=  1069.72  gap_best=  1054.32 mHa
H2O_LBFGSB_r_uniform_T1000000000_P1000000_s6 evals= 1000 shots=  999973000  gap_final=  1057.53  gap_best=  1019.18 mHa
H2O_LBFGSB_r_uniform_T100000000_P100000_s5   evals= 1000 shots=   99979000  gap_final=  1069.21  gap_best=  1069.21 mHa
H2O_LBFGSB_r_uniform_T100000000_P100000_s6   evals= 1000 shots=   99979000  gap_final=  1057.53  gap_best=  1010.62 mHa
H2O_LBFGSB_r_uniform_T100000000_P100000_s7   evals= 1000 shots=   99979000  gap_final=  1054.15  gap_best=  1053.48 mHa
H2O_LBFGSB_r_uniform_T1000000000_P1000000_s8 evals= 1000 shots=  999973000  gap_final=  1068.99  gap_best=  1056.88 mHa
H2O_LBFGSB_r_uniform_T1000000000_P1000000_s9 evals= 1000 shots=  999973000  gap_final=  1058.43  gap_best=  1032.62 mHa
H2O_LBFGSB_r_uniform_T10000000000_P10000000_s7 evals= 1000 shots= 9999974000  gap_final=  1054.15  gap_best=  1052.43 mHa
H2O_LBFGSB_r_uniform_T10000000000_P10000000_s8 evals= 1000 shots= 9999974000  gap_final=  1068.99  gap_best=  1057.70 mHa
H2O_LBFGSB_r_uniform_T1000000000_P1000000_s5 evals= 1000 shots=  999973000  gap_final=  1069.21  gap_best=  1069.24 mHa
H2O_LBFGSB_r_neyman_T1000000_P1000_s6        evals= 1000 shots=     969494  gap_final=  1057.53  gap_best=  1058.34 mHa
H2O_LBFGSB_r_uniform_T1000000000_P1000000_s7 evals= 1000 shots=  999973000  gap_final=  1054.15  gap_best=  1056.06 mHa
H2O_LBFGSB_r_neyman_T1000000_P1000_s7        evals= 1000 shots=     969614  gap_final=  1054.15  gap_best=  1037.19 mHa
H2O_LBFGSB_r_uniform_T10000000000_P10000000_s9 evals= 1000 shots= 9999974000  gap_final=  1058.43  gap_best=  1058.43 mHa
H2O_LBFGSB_r_neyman_T1000000_P1000_s8        evals= 1000 shots=     969497  gap_final=  1068.99  gap_best=  1069.06 mHa
H2O_LBFGSB_r_neyman_T10000000_P10000_s2      evals= 1000 shots=    9970036  gap_final=  1063.37  gap_best=   999.61 mHa
H2O_LBFGSB_r_uniform_T10000000000_P10000000_s2 evals= 1000 shots= 9999974000  gap_final=  1063.37  gap_best=  1061.68 mHa
H2O_LBFGSB_r_uniform_T10000000000_P10000000_s0 evals= 1000 shots= 9999974000  gap_final=  1066.26  gap_best=  1060.21 mHa
H2O_LBFGSB_r_uniform_T10000000000_P10000000_s3 evals= 1000 shots= 9999974000  gap_final=  1069.72  gap_best=  1069.73 mHa
H2O_LBFGSB_r_uniform_T10000000000_P10000000_s1 evals= 1000 shots= 9999974000  gap_final=  1072.47  gap_best=  1065.73 mHa
H2O_LBFGSB_r_uniform_T10000000000_P10000000_s4 evals= 1000 shots= 9999974000  gap_final=  1054.79  gap_best=  1054.79 mHa
H2O_LBFGSB_r_neyman_T1000000_P1000_s2        evals= 1000 shots=     969540  gap_final=  1063.37  gap_best=  1073.93 mHa
H2O_LBFGSB_r_neyman_T10000000_P10000_s6      evals= 1000 shots=    9969689  gap_final=  1057.53  gap_best=  1042.83 mHa
H2O_LBFGSB_r_neyman_T10000000_P10000_s7      evals= 1000 shots=    9969113  gap_final=  1054.15  gap_best=  1054.16 mHa
H2O_LBFGSB_r_uniform_T10000000000_P10000000_s5 evals= 1000 shots= 9999974000  gap_final=  1069.21  gap_best=  1064.75 mHa
H2O_LBFGSB_r_uniform_T10000000000_P10000000_s6 evals= 1000 shots= 9999974000  gap_final=  1057.53  gap_best=  1057.53 mHa
H2O_LBFGSB_r_neyman_T10000000_P10000_s0      evals= 1000 shots=    9969290  gap_final=  1066.26  gap_best=  1044.30 mHa
H2O_LBFGSB_r_neyman_T1000000_P1000_s0        evals= 1000 shots=     969511  gap_final=  1066.26  gap_best=  1042.17 mHa
H2O_LBFGSB_r_neyman_T1000000_P1000_s1        evals= 1000 shots=     969501  gap_final=  1072.47  gap_best=  1059.50 mHa
H2O_LBFGSB_r_neyman_T1000000_P1000_s4        evals= 1000 shots=     969579  gap_final=  1054.79  gap_best=   978.52 mHa
H2O_LBFGSB_r_neyman_T1000000_P1000_s5        evals= 1000 shots=     969625  gap_final=  1069.21  gap_best=  1070.88 mHa
H2O_LBFGSB_r_neyman_T10000000_P10000_s5      evals= 1000 shots=    9969507  gap_final=  1069.21  gap_best=  1077.88 mHa
H2O_LBFGSB_r_neyman_T1000000_P1000_s3        evals= 1000 shots=     969561  gap_final=  1069.72  gap_best=  1069.72 mHa
H2O_LBFGSB_r_neyman_T10000000_P10000_s8      evals= 1000 shots=    9969249  gap_final=  1068.99  gap_best=  1068.99 mHa
H2O_LBFGSB_r_neyman_T10000000_P10000_s9      evals= 1000 shots=    9969689  gap_final=  1058.43  gap_best=  1058.35 mHa
H2O_LBFGSB_r_neyman_T1000000_P1000_s9        evals= 1000 shots=     969528  gap_final=  1058.43  gap_best=  1061.03 mHa
H2O_LBFGSB_r_neyman_T10000000_P10000_s1      evals= 1000 shots=    9969349  gap_final=  1072.47  gap_best=  1072.47 mHa
H2O_LBFGSB_r_neyman_T100000000_P100000_s1    evals= 1000 shots=   99969587  gap_final=  1072.47  gap_best=  1052.59 mHa
H2O_LBFGSB_r_neyman_T100000000_P100000_s3    evals= 1000 shots=   99969504  gap_final=  1069.72  gap_best=  1052.89 mHa
H2O_LBFGSB_r_neyman_T10000000_P10000_s4      evals= 1000 shots=    9970105  gap_final=  1054.79  gap_best=  1044.06 mHa
H2O_LBFGSB_r_neyman_T10000000_P10000_s3      evals= 1000 shots=    9969571  gap_final=  1069.72  gap_best=  1054.19 mHa
H2O_LBFGSB_r_neyman_T100000000_P100000_s5    evals= 1000 shots=   99969436  gap_final=  1069.21  gap_best=  1029.14 mHa
H2O_LBFGSB_r_neyman_T100000000_P100000_s4    evals= 1000 shots=   99969455  gap_final=  1054.79  gap_best=  1051.84 mHa
H2O_LBFGSB_r_neyman_T100000000_P100000_s6    evals= 1000 shots=   99969564  gap_final=  1057.53  gap_best=  1016.15 mHa
H2O_LBFGSB_r_exact_T100000000_P100000_s0     evals= 1000 shots=          0  gap_final=     0.24  gap_best=     0.24 mHa
H2O_LBFGSB_r_exact_T100000000_P100000_s2     evals= 1000 shots=          0  gap_final=     0.05  gap_best=     0.05 mHa
H2O_LBFGSB_r_neyman_T1000000000_P1000000_s3  evals= 1000 shots=  999969534  gap_final=  1069.72  gap_best=  1005.67 mHa
H2O_LBFGSB_r_exact_T100000000_P100000_s4     evals= 1000 shots=          0  gap_final=     0.21  gap_best=     0.21 mHa
H2O_LBFGSB_r_exact_T100000000_P100000_s1     evals= 1000 shots=          0  gap_final=     0.11  gap_best=     0.11 mHa
H2O_LBFGSB_r_exact_T100000000_P100000_s5     evals= 1000 shots=          0  gap_final=   412.94  gap_best=   412.94 mHa
H2O_LBFGSB_r_exact_T100000000_P100000_s3     evals= 1000 shots=          0  gap_final=     0.09  gap_best=     0.09 mHa
H2O_LBFGSB_r_exact_T100000000_P100000_s6     evals= 1000 shots=          0  gap_final=     0.40  gap_best=     0.40 mHa
H2O_LBFGSB_r_neyman_T100000000_P100000_s0    evals= 1000 shots=   99969655  gap_final=  1066.26  gap_best=  1062.03 mHa
H2O_LBFGSB_r_exact_T100000000_P100000_s7     evals= 1000 shots=          0  gap_final=     0.17  gap_best=     0.17 mHa
H2O_LBFGSB_r_neyman_T100000000_P100000_s2    evals= 1000 shots=   99969256  gap_final=  1063.37  gap_best=  1010.00 mHa
H2O_LBFGSB_r_neyman_T10000000000_P10000000_s4 evals= 1000 shots= 9999969545  gap_final=  1054.79  gap_best=  1049.53 mHa
H2O_LBFGSB_r_neyman_T10000000000_P10000000_s5 evals= 1000 shots= 9999969547  gap_final=  1069.21  gap_best=  1068.52 mHa
H2O_LBFGSB_r_exact_T100000000_P100000_s8     evals= 1000 shots=          0  gap_final=     0.09  gap_best=     0.09 mHa
H2O_LBFGSB_r_neyman_T10000000000_P10000000_s0 evals= 1000 shots= 9999969394  gap_final=  1066.26  gap_best=  1052.84 mHa
H2O_LBFGSB_r_neyman_T1000000000_P1000000_s4  evals= 1000 shots=  999969402  gap_final=  1054.79  gap_best=  1054.79 mHa
H2O_LBFGSB_r_neyman_T10000000000_P10000000_s8 evals= 1000 shots= 9999969512  gap_final=  1068.99  gap_best=  1067.53 mHa
H2O_LBFGSB_r_neyman_T10000000000_P10000000_s7 evals= 1000 shots= 9999969427  gap_final=  1054.15  gap_best=   972.56 mHa
H2O_LBFGSB_r_neyman_T10000000000_P10000000_s9 evals= 1000 shots= 9999969508  gap_final=  1058.43  gap_best=  1054.60 mHa
H2O_LBFGSB_r_exact_T100000000_P100000_s9     evals= 1000 shots=          0  gap_final=     0.00  gap_best=     0.00 mHa
H2O_LBFGSB_r_neyman_T1000000000_P1000000_s2  evals= 1000 shots=  999969386  gap_final=  1063.37  gap_best=  1052.91 mHa
H2O_LBFGSB_r_neyman_T100000000_P100000_s7    evals= 1000 shots=   99969636  gap_final=  1054.15  gap_best=  1044.99 mHa
H2O_LBFGSB_r_neyman_T1000000000_P1000000_s5  evals= 1000 shots=  999969529  gap_final=  1069.21  gap_best=   989.55 mHa
H2O_LBFGSB_r_neyman_T100000000_P100000_s9    evals= 1000 shots=   99969458  gap_final=  1058.43  gap_best=  1057.45 mHa
H2O_LBFGSB_r_neyman_T1000000000_P1000000_s0  evals= 1000 shots=  999969584  gap_final=  1066.26  gap_best=  1066.26 mHa
H2O_LBFGSB_r_neyman_T1000000000_P1000000_s9  evals= 1000 shots=  999969483  gap_final=  1058.43  gap_best=  1033.42 mHa
H2O_LBFGSB_r_neyman_T100000000_P100000_s8    evals= 1000 shots=   99969503  gap_final=  1068.99  gap_best=  1058.25 mHa
H2O_LBFGSB_r_neyman_T1000000000_P1000000_s1  evals= 1000 shots=  999969420  gap_final=  1072.47  gap_best=  1043.28 mHa
H2O_LBFGSB_r_neyman_T10000000000_P10000000_s3 evals= 1000 shots= 9999969477  gap_final=  1069.72  gap_best=  1069.72 mHa
H2O_LBFGSB_r_neyman_T1000000000_P1000000_s6  evals= 1000 shots=  999969398  gap_final=  1057.53  gap_best=  1029.33 mHa
H2O_LBFGSB_r_neyman_T10000000000_P10000000_s2 evals= 1000 shots= 9999969388  gap_final=  1063.37  gap_best=   992.85 mHa
H2O_LBFGSB_r_neyman_T1000000000_P1000000_s7  evals= 1000 shots=  999969495  gap_final=  1054.15  gap_best=  1054.19 mHa
H2O_LBFGSB_r_neyman_T1000000000_P1000000_s8  evals= 1000 shots=  999969555  gap_final=  1068.99  gap_best=  1069.00 mHa
H2O_LBFGSB_r_neyman_T10000000000_P10000000_s1 evals= 1000 shots= 9999969496  gap_final=  1072.47  gap_best=  1059.40 mHa
H2O_LBFGSB_r_neyman_T10000000000_P10000000_s6 evals= 1000 shots= 9999969479  gap_final=  1057.53  gap_best=  1056.01 mHa
H2O_LBFGSB_ps_r_uniform_T1000000_P1000_s2    evals= 1000 shots=     976000  gap_final=  1062.37  gap_best=   416.89 mHa
H2O_LBFGSB_ps_r_uniform_T1000000_P1000_s6    evals= 1000 shots=     976000  gap_final=   633.44  gap_best=  1185.28 mHa
H2O_LBFGSB_ps_r_uniform_T1000000_P1000_s7    evals= 1000 shots=     976000  gap_final=   149.97  gap_best=   108.85 mHa
H2O_LBFGSB_ps_r_uniform_T1000000_P1000_s8    evals= 1000 shots=     976000  gap_final=   889.90  gap_best=   749.66 mHa
H2O_LBFGSB_ps_r_uniform_T1000000_P1000_s9    evals= 1000 shots=     976000  gap_final=   975.68  gap_best=   594.41 mHa
H2O_LBFGSB_ps_r_uniform_T10000000_P10000_s1  evals= 1000 shots=    9943000  gap_final=    10.51  gap_best=    10.51 mHa
H2O_LBFGSB_ps_r_uniform_T10000000_P10000_s2  evals= 1000 shots=    9943000  gap_final=  1010.89  gap_best=   529.40 mHa
H2O_LBFGSB_ps_r_uniform_T10000000_P10000_s3  evals= 1000 shots=    9943000  gap_final=   919.82  gap_best=   593.04 mHa
H2O_LBFGSB_ps_r_uniform_T10000000_P10000_s4  evals= 1000 shots=    9943000  gap_final=    36.18  gap_best=    36.18 mHa
H2O_LBFGSB_ps_r_uniform_T1000000_P1000_s0    evals= 1000 shots=     976000  gap_final=  1116.16  gap_best=   746.17 mHa
H2O_LBFGSB_ps_r_uniform_T1000000_P1000_s1    evals= 1000 shots=     976000  gap_final=   681.40  gap_best=   542.72 mHa
H2O_LBFGSB_ps_r_uniform_T100000000_P100000_s4 evals= 1000 shots=   99979000  gap_final=     6.47  gap_best=     6.47 mHa
H2O_LBFGSB_ps_r_uniform_T1000000_P1000_s3    evals= 1000 shots=     976000  gap_final=   911.98  gap_best=  1014.89 mHa
H2O_LBFGSB_ps_r_uniform_T1000000_P1000_s4    evals= 1000 shots=     976000  gap_final=   602.79  gap_best=   602.79 mHa
H2O_LBFGSB_ps_r_uniform_T1000000_P1000_s5    evals= 1000 shots=     976000  gap_final=  1115.19  gap_best=   796.13 mHa
H2O_LBFGSB_ps_r_uniform_T1000000000_P1000000_s0 evals= 1000 shots=  999973000  gap_final=     0.95  gap_best=     0.95 mHa
H2O_LBFGSB_ps_r_uniform_T10000000_P10000_s0  evals= 1000 shots=    9943000  gap_final=   907.33  gap_best=   454.19 mHa
H2O_LBFGSB_ps_r_uniform_T10000000_P10000_s5  evals= 1000 shots=    9943000  gap_final=   991.15  gap_best=   623.49 mHa
H2O_LBFGSB_ps_r_uniform_T1000000000_P1000000_s1 evals= 1000 shots=  999973000  gap_final=     2.83  gap_best=     1.00 mHa
H2O_LBFGSB_ps_r_uniform_T1000000000_P1000000_s3 evals= 1000 shots=  999973000  gap_final=     3.74  gap_best=     3.49 mHa
H2O_LBFGSB_ps_r_uniform_T1000000000_P1000000_s4 evals= 1000 shots=  999973000  gap_final=     1.06  gap_best=     1.06 mHa
H2O_LBFGSB_ps_r_uniform_T1000000000_P1000000_s2 evals= 1000 shots=  999973000  gap_final=     2.09  gap_best=     2.09 mHa
H2O_LBFGSB_ps_r_uniform_T10000000_P10000_s8  evals= 1000 shots=    9943000  gap_final=   766.64  gap_best=   119.64 mHa
H2O_LBFGSB_ps_r_uniform_T10000000_P10000_s6  evals= 1000 shots=    9943000  gap_final=   628.63  gap_best=   451.94 mHa
H2O_LBFGSB_ps_r_uniform_T100000000_P100000_s1 evals= 1000 shots=   99979000  gap_final=     3.83  gap_best=     3.83 mHa
H2O_LBFGSB_ps_r_uniform_T10000000_P10000_s7  evals= 1000 shots=    9943000  gap_final=  1035.68  gap_best=   424.07 mHa
H2O_LBFGSB_ps_r_uniform_T10000000_P10000_s9  evals= 1000 shots=    9943000  gap_final=  1002.76  gap_best=   163.45 mHa
H2O_LBFGSB_ps_r_uniform_T100000000_P100000_s0 evals= 1000 shots=   99979000  gap_final=     1.77  gap_best=     1.77 mHa
H2O_LBFGSB_ps_r_uniform_T100000000_P100000_s2 evals= 1000 shots=   99979000  gap_final=   866.08  gap_best=   338.84 mHa
H2O_LBFGSB_ps_r_uniform_T1000000000_P1000000_s5 evals= 1000 shots=  999973000  gap_final=   430.73  gap_best=   430.03 mHa
H2O_LBFGSB_ps_r_uniform_T1000000000_P1000000_s7 evals= 1000 shots=  999973000  gap_final=     2.89  gap_best=     2.51 mHa
H2O_LBFGSB_ps_r_uniform_T1000000000_P1000000_s6 evals= 1000 shots=  999973000  gap_final=     1.34  gap_best=     1.34 mHa
H2O_LBFGSB_ps_r_uniform_T100000000_P100000_s3 evals= 1000 shots=   99979000  gap_final=    19.08  gap_best=    19.08 mHa
H2O_LBFGSB_ps_r_uniform_T100000000_P100000_s5 evals= 1000 shots=   99979000  gap_final=   900.39  gap_best=     1.73 mHa
H2O_LBFGSB_ps_r_uniform_T100000000_P100000_s7 evals= 1000 shots=   99979000  gap_final=     1.19  gap_best=     1.19 mHa
H2O_LBFGSB_ps_r_uniform_T100000000_P100000_s6 evals= 1000 shots=   99979000  gap_final=     1.83  gap_best=     5.51 mHa
H2O_LBFGSB_ps_r_uniform_T100000000_P100000_s8 evals= 1000 shots=   99979000  gap_final=     4.58  gap_best=     4.10 mHa
H2O_LBFGSB_ps_r_uniform_T100000000_P100000_s9 evals= 1000 shots=   99979000  gap_final=     1.62  gap_best=     1.62 mHa
H2O_LBFGSB_ps_r_uniform_T1000000000_P1000000_s8 evals= 1000 shots=  999973000  gap_final=    20.19  gap_best=     2.06 mHa
H2O_LBFGSB_ps_r_uniform_T10000000000_P10000000_s4 evals= 1000 shots= 9999974000  gap_final=     0.54  gap_best=     0.44 mHa
H2O_LBFGSB_ps_r_uniform_T10000000000_P10000000_s5 evals= 1000 shots= 9999974000  gap_final=   428.49  gap_best=   428.49 mHa
H2O_LBFGSB_ps_r_uniform_T10000000000_P10000000_s8 evals= 1000 shots= 9999974000  gap_final=  1236.63  gap_best=     0.75 mHa
H2O_LBFGSB_ps_r_uniform_T10000000000_P10000000_s9 evals= 1000 shots= 9999974000  gap_final=     0.43  gap_best=     0.43 mHa
H2O_LBFGSB_ps_r_neyman_T1000000_P1000_s0     evals= 1000 shots=     970374  gap_final=   886.26  gap_best=   503.92 mHa
H2O_LBFGSB_ps_r_neyman_T1000000_P1000_s1     evals= 1000 shots=     970667  gap_final=  1036.71  gap_best=   451.53 mHa
H2O_LBFGSB_ps_r_neyman_T1000000_P1000_s7     evals= 1000 shots=     970595  gap_final=  1004.23  gap_best=   477.96 mHa
H2O_LBFGSB_ps_r_neyman_T1000000_P1000_s8     evals= 1000 shots=     970132  gap_final=   821.79  gap_best=   139.17 mHa
H2O_LBFGSB_ps_r_neyman_T1000000_P1000_s9     evals= 1000 shots=     970362  gap_final=   781.58  gap_best=   533.78 mHa
H2O_LBFGSB_ps_r_uniform_T10000000000_P10000000_s7 evals= 1000 shots= 9999974000  gap_final=     0.42  gap_best=     0.42 mHa
H2O_LBFGSB_ps_r_uniform_T1000000000_P1000000_s9 evals= 1000 shots=  999973000  gap_final=     0.50  gap_best=     0.50 mHa
H2O_LBFGSB_ps_r_uniform_T10000000000_P10000000_s0 evals= 1000 shots= 9999974000  gap_final=     0.47  gap_best=     0.47 mHa
H2O_LBFGSB_ps_r_uniform_T10000000000_P10000000_s1 evals= 1000 shots= 9999974000  gap_final=     0.52  gap_best=     0.43 mHa
H2O_LBFGSB_ps_r_uniform_T10000000000_P10000000_s2 evals= 1000 shots= 9999974000  gap_final=     4.11  gap_best=     3.82 mHa
H2O_LBFGSB_ps_r_uniform_T10000000000_P10000000_s6 evals= 1000 shots= 9999974000  gap_final=     1.63  gap_best=     1.63 mHa
H2O_LBFGSB_ps_r_uniform_T10000000000_P10000000_s3 evals= 1000 shots= 9999974000  gap_final=     0.64  gap_best=     0.52 mHa
H2O_LBFGSB_ps_r_neyman_T1000000_P1000_s2     evals= 1000 shots=     970598  gap_final=  1036.20  gap_best=   547.38 mHa
H2O_LBFGSB_ps_r_neyman_T1000000_P1000_s3     evals= 1000 shots=     970396  gap_final=    63.25  gap_best=    63.25 mHa
H2O_LBFGSB_ps_r_neyman_T10000000_P10000_s9   evals= 1000 shots=    9970534  gap_final=     4.78  gap_best=     4.78 mHa
H2O_LBFGSB_ps_r_neyman_T100000000_P100000_s0 evals= 1000 shots=   99969468  gap_final=  1202.82  gap_best=     5.98 mHa
H2O_LBFGSB_ps_r_neyman_T1000000_P1000_s4     evals= 1000 shots=     970407  gap_final=   983.01  gap_best=   556.17 mHa
H2O_LBFGSB_ps_r_neyman_T1000000_P1000_s6     evals= 1000 shots=     970460  gap_final=  1008.56  gap_best=   263.27 mHa
H2O_LBFGSB_ps_r_neyman_T1000000_P1000_s5     evals= 1000 shots=     970444  gap_final=   647.31  gap_best=    46.95 mHa
H2O_LBFGSB_ps_r_neyman_T10000000_P10000_s0   evals= 1000 shots=    9970733  gap_final=  1015.47  gap_best=   214.29 mHa
H2O_LBFGSB_ps_r_neyman_T10000000_P10000_s1   evals= 1000 shots=    9970741  gap_final=     6.10  gap_best=     8.82 mHa
H2O_LBFGSB_ps_r_neyman_T10000000_P10000_s2   evals= 1000 shots=    9970752  gap_final=  1023.31  gap_best=   528.92 mHa
H2O_LBFGSB_ps_r_neyman_T100000000_P100000_s1 evals= 1000 shots=   99969432  gap_final=     0.89  gap_best=     0.89 mHa
H2O_LBFGSB_ps_r_neyman_T100000000_P100000_s4 evals= 1000 shots=   99969697  gap_final=     1.17  gap_best=     1.17 mHa
H2O_LBFGSB_ps_r_neyman_T100000000_P100000_s2 evals= 1000 shots=   99969369  gap_final=     7.63  gap_best=     7.63 mHa
H2O_LBFGSB_ps_r_neyman_T100000000_P100000_s3 evals= 1000 shots=   99969584  gap_final=     8.84  gap_best=     8.84 mHa
H2O_LBFGSB_ps_r_neyman_T10000000_P10000_s3   evals= 1000 shots=    9970618  gap_final=    28.88  gap_best=    14.13 mHa
H2O_LBFGSB_ps_r_neyman_T10000000_P10000_s6   evals= 1000 shots=    9970660  gap_final=    10.97  gap_best=    10.98 mHa
H2O_LBFGSB_ps_r_neyman_T10000000_P10000_s4   evals= 1000 shots=    9970656  gap_final=    80.14  gap_best=    11.18 mHa
H2O_LBFGSB_ps_r_neyman_T10000000_P10000_s5   evals= 1000 shots=    9970644  gap_final=    37.43  gap_best=    37.43 mHa
H2O_LBFGSB_ps_r_neyman_T100000000_P100000_s7 evals= 1000 shots=   99969295  gap_final=     7.32  gap_best=     7.32 mHa
H2O_LBFGSB_ps_r_neyman_T10000000_P10000_s7   evals= 1000 shots=    9970550  gap_final=  1033.68  gap_best=     7.77 mHa
H2O_LBFGSB_ps_r_neyman_T100000000_P100000_s6 evals= 1000 shots=   99969422  gap_final=     2.98  gap_best=     2.01 mHa
H2O_LBFGSB_ps_r_neyman_T10000000_P10000_s8   evals= 1000 shots=    9970797  gap_final=  1025.74  gap_best=   187.81 mHa
H2O_LBFGSB_ps_r_exact_T100000000_P100000_s2  evals= 1000 shots=          0  gap_final=  1243.25  gap_best=     0.35 mHa
H2O_LBFGSB_ps_r_exact_T100000000_P100000_s3  evals= 1000 shots=          0  gap_final=  1167.66  gap_best=     2.10 mHa
H2O_LBFGSB_ps_r_exact_T100000000_P100000_s0  evals= 1000 shots=          0  gap_final=  1242.82  gap_best=     0.29 mHa
H2O_LBFGSB_ps_r_exact_T100000000_P100000_s1  evals= 1000 shots=          0  gap_final=  1244.88  gap_best=     0.38 mHa
H2O_LBFGSB_ps_r_exact_T100000000_P100000_s4  evals= 1000 shots=          0  gap_final=  1282.07  gap_best=     0.40 mHa
H2O_LBFGSB_ps_r_neyman_T100000000_P100000_s5 evals= 1000 shots=   99969349  gap_final=   428.84  gap_best=   428.84 mHa
H2O_LBFGSB_ps_r_exact_T100000000_P100000_s8  evals= 1000 shots=          0  gap_final=  1241.13  gap_best=     0.15 mHa
H2O_LBFGSB_ps_r_neyman_T1000000000_P1000000_s5 evals= 1000 shots=  999969418  gap_final=   425.85  gap_best=   425.85 mHa
H2O_LBFGSB_ps_r_neyman_T1000000000_P1000000_s7 evals= 1000 shots=  999969589  gap_final=     0.79  gap_best=     0.57 mHa
H2O_LBFGSB_ps_r_neyman_T1000000000_P1000000_s8 evals= 1000 shots=  999969637  gap_final=     0.46  gap_best=     0.46 mHa
H2O_LBFGSB_ps_r_exact_T100000000_P100000_s5  evals= 1000 shots=          0  gap_final=   758.16  gap_best=   427.81 mHa
H2O_LBFGSB_ps_r_exact_T100000000_P100000_s6  evals= 1000 shots=          0  gap_final=  1244.33  gap_best=     0.40 mHa
H2O_LBFGSB_ps_r_exact_T100000000_P100000_s7  evals= 1000 shots=          0  gap_final=  1243.17  gap_best=     0.31 mHa
H2O_LBFGSB_ps_r_neyman_T1000000000_P1000000_s1 evals= 1000 shots=  999969282  gap_final=     0.51  gap_best=     0.51 mHa
H2O_LBFGSB_ps_r_exact_T100000000_P100000_s9  evals= 1000 shots=          0  gap_final=  1245.18  gap_best=     0.02 mHa
H2O_LBFGSB_ps_r_neyman_T100000000_P100000_s8 evals= 1000 shots=   99969587  gap_final=  1028.52  gap_best=     2.99 mHa
H2O_LBFGSB_ps_r_neyman_T10000000000_P10000000_s3 evals= 1000 shots= 9999969449  gap_final=     0.23  gap_best=     0.23 mHa
H2O_LBFGSB_ps_r_neyman_T100000000_P100000_s9 evals= 1000 shots=   99969411  gap_final=     4.38  gap_best=     5.28 mHa
H2O_LBFGSB_ps_r_neyman_T1000000000_P1000000_s0 evals= 1000 shots=  999969309  gap_final=     1.09  gap_best=     1.09 mHa
H2O_LBFGSB_ps_r_neyman_T10000000000_P10000000_s5 evals= 1000 shots= 9999969605  gap_final=   429.11  gap_best=   428.68 mHa
H2O_LBFGSB_ps_r_neyman_T10000000000_P10000000_s7 evals= 1000 shots= 9999969481  gap_final=     0.43  gap_best=     0.42 mHa
H2O_LBFGSB_ps_r_neyman_T10000000000_P10000000_s6 evals= 1000 shots= 9999969582  gap_final=     1.30  gap_best=     0.82 mHa
H2O_LBFGSB_ps_r_neyman_T1000000000_P1000000_s3 evals= 1000 shots=  999969502  gap_final=  1223.13  gap_best=     8.24 mHa
H2O_LBFGSB_ps_r_neyman_T10000000000_P10000000_s8 evals= 1000 shots= 9999969503  gap_final=     0.55  gap_best=     0.55 mHa
H2O_LBFGSB_ps_r_neyman_T1000000000_P1000000_s2 evals= 1000 shots=  999969325  gap_final=     0.89  gap_best=     0.89 mHa
H2O_LBFGSB_ps_r_neyman_T1000000000_P1000000_s4 evals= 1000 shots=  999969847  gap_final=  1247.56  gap_best=     1.02 mHa
H2O_LBFGSB_ps_r_neyman_T10000000000_P10000000_s4 evals= 1000 shots= 9999969565  gap_final=     0.40  gap_best=     0.40 mHa
H2O_LBFGSB_ps_r_neyman_T1000000000_P1000000_s6 evals= 1000 shots=  999969511  gap_final=     1.87  gap_best=     1.87 mHa
H2O_LBFGSB_ps_r_neyman_T10000000000_P10000000_s9 evals= 1000 shots= 9999969494  gap_final=     0.47  gap_best=     0.44 mHa
H2O_LBFGSB_ps_r_neyman_T1000000000_P1000000_s9 evals= 1000 shots=  999969198  gap_final=     0.44  gap_best=     0.44 mHa
H2O_LBFGSB_ps_r_neyman_T10000000000_P10000000_s2 evals= 1000 shots= 9999969348  gap_final=     0.42  gap_best=     0.42 mHa
H2O_LBFGSB_ps_r_neyman_T10000000000_P10000000_s1 evals= 1000 shots= 9999969476  gap_final=     0.85  gap_best=     0.79 mHa
H2O_LBFGSB_ps_r_neyman_T10000000000_P10000000_s0 evals= 1000 shots= 9999969483  gap_final=     0.35  gap_best=     0.35 mHa
=== done ===
Thu Aug 27 01:50:43 PM CEST 2026
results: 1320
