{
  "iteration": 40,
  "n_operators": 40,
  "selected_indices": [
    252,
    312,
    294,
    275,
    235,
    259,
    212,
    155,
    171,
    218,
    109,
    148,
    92,
    319,
    300,
    199,
    174,
    0,
    209,
    111,
    86,
    23,
    51,
    130,
    237,
    278,
    7,
    197,
    291,
    187,
    268,
    306,
    180,
    5,
    32,
    317,
    271,
    67,
    164,
    49
  ],
  "best_energy_hartree": -4.361093328513205,
  "best_params": [
    0.07669081853048809,
    0.136479485442299,
    -0.062274569125257404,
    -0.06289468801965997,
    -0.0525327703224468,
    0.04805968931752341,
    -0.045229443483409404,
    0.0351131492001544,
    -0.04142150387601579,
    0.028757269356162407,
    -0.0308930822422405,
    0.044987331135353296,
    0.018001372739894227,
    0.03634979632339997,
    0.022270531830694756,
    0.022005569683348422,
    0.028304228286524322,
    0.027925592332247496,
    0.025120879098478505,
    -0.019014241133274067,
    -0.02134693263798206,
    -0.02051445437372095,
    0.018198031392205893,
    -0.023717350647184637,
    -0.021303472186362644,
    0.03459945433335025,
    0.014120087902545044,
    0.02318982263849853,
    0.032842580964548784,
    0.02532280491279789,
    0.029439021829292086,
    0.02788504684508428,
    -0.015495311141885994,
    -0.01277536544794256,
    -0.012998281854234668,
    -0.02271948736936473,
    -0.016382650527574392,
    -0.017251769886248023,
    0.018208440496749346,
    0.013750931016932174
  ],
  "total_nfev": 11657,
  "saved_utc": "2026-05-31T15:27:39.053714+00:00"
}