rank,molecule,mapping,ansatz,gap,ccsd_t_correlation,vqe_energy,casci_energy,hf_energy,baseline,beats_classical
1,LiH,bravyi_kitaev,hardware_efficient,0.114880108942228,-0.020457488555419623,-7.748180986564837,-7.863061095507065,-7.861864769808649,True,False
2,LiH,bravyi_kitaev,UCCSD,0.1325071094955419,-0.020457488555419623,-7.730553986011523,-7.863061095507065,-7.86186476980865,True,False
3,H2O,bravyi_kitaev,UCCSD,0.5165189607128724,-0.04944178717364878,-74.45384385604875,-74.97036281676162,-74.96294665653878,True,False
4,H2O,parity,UCCSD,0.5165479760099032,-0.04944178717364878,-74.45381484075168,-74.97036281676158,-74.96294665653879,True,False
5,NH3,parity,UCCSD,0.7502997397162474,-0.06467624875713796,-54.71779981954819,-55.46809955926444,-55.453676425771924,True,False
6,LiH,parity,UCCSD,2.0484207665511036,-0.020457488555419623,-5.8146403289559645,-7.863061095507068,-7.861864769808654,True,False
