=== optimisation grid: 1200 jobs, 30 at a time, 40 cores ===
Thu Aug 27 11:36:52 AM CEST 2026
LiH_COBYLA_uniform_T10000000_P100000_s2      evals=  100 shots=    9994600  gap_final=   679.26  gap_best=   679.26 mHa
LiH_COBYLA_uniform_T100000000_P100000_s7     evals=   99 shots=    9894654  gap_final=   696.18  gap_best=   696.18 mHa
LiH_COBYLA_uniform_T10000000_P100000_s4      evals=  100 shots=    9994600  gap_final=   534.88  gap_best=   534.88 mHa
LiH_COBYLA_uniform_T10000000_P100000_s3      evals=  100 shots=    9994600  gap_final=   678.44  gap_best=   678.44 mHa
LiH_COBYLA_uniform_T10000000_P100000_s5      evals=  100 shots=    9994600  gap_final=   693.49  gap_best=   693.49 mHa
LiH_COBYLA_uniform_T100000000_P1000000_s0    evals=  100 shots=   99992200  gap_final=   305.39  gap_best=   305.39 mHa
LiH_COBYLA_uniform_T10000000_P100000_s1      evals=  100 shots=    9994600  gap_final=   688.51  gap_best=   688.51 mHa
LiH_COBYLA_uniform_T100000000_P1000000_s2    evals=  100 shots=   99992200  gap_final=   661.49  gap_best=   661.49 mHa
LiH_COBYLA_uniform_T100000000_P100000_s6     evals=  120 shots=   11993520  gap_final=   699.23  gap_best=   699.23 mHa
LiH_COBYLA_uniform_T100000000_P100000_s4     evals=  142 shots=   14192332  gap_final=   534.87  gap_best=   534.86 mHa
LiH_COBYLA_uniform_T10000000_P100000_s0      evals=  100 shots=    9994600  gap_final=   694.54  gap_best=   694.54 mHa
LiH_COBYLA_uniform_T100000000_P1000000_s3    evals=  100 shots=   99992200  gap_final=   668.40  gap_best=   668.40 mHa
LiH_COBYLA_uniform_T10000000_P100000_s7      evals=   99 shots=    9894654  gap_final=   696.18  gap_best=   696.18 mHa
LiH_COBYLA_uniform_T100000000_P1000000_s4    evals=  100 shots=   99992200  gap_final=   287.66  gap_best=   287.66 mHa
LiH_COBYLA_uniform_T10000000_P100000_s8      evals=  100 shots=    9994600  gap_final=   691.80  gap_best=   691.80 mHa
LiH_COBYLA_uniform_T100000000_P1000000_s7    evals=  100 shots=   99992200  gap_final=   433.32  gap_best=   433.32 mHa
LiH_COBYLA_uniform_T10000000_P100000_s6      evals=  100 shots=    9994600  gap_final=   699.23  gap_best=   699.23 mHa
LiH_COBYLA_uniform_T100000000_P1000000_s9    evals=  100 shots=   99992200  gap_final=   695.00  gap_best=   695.00 mHa
LiH_COBYLA_uniform_T100000000_P1000000_s1    evals=  100 shots=   99992200  gap_final=   653.81  gap_best=   653.81 mHa
LiH_COBYLA_uniform_T10000000_P100000_s9      evals=  100 shots=    9994600  gap_final=   703.99  gap_best=   703.99 mHa
LiH_COBYLA_uniform_T100000000_P1000000_s6    evals=  100 shots=   99992200  gap_final=   654.33  gap_best=   654.33 mHa
LiH_COBYLA_uniform_T100000000_P1000000_s8    evals=  100 shots=   99992200  gap_final=   686.62  gap_best=   686.62 mHa
LiH_COBYLA_uniform_T100000000_P1000000_s5    evals=  100 shots=   99992200  gap_final=   667.50  gap_best=   667.50 mHa
LiH_COBYLA_uniform_T100000000_P100000_s8     evals=  107 shots=   10694222  gap_final=   691.80  gap_best=   691.80 mHa
LiH_COBYLA_uniform_T100000000_P100000_s0     evals=  113 shots=   11293898  gap_final=   694.54  gap_best=   694.54 mHa
LiH_COBYLA_uniform_T100000000_P100000_s3     evals=  120 shots=   11993520  gap_final=   678.43  gap_best=   678.44 mHa
LiH_COBYLA_uniform_T100000000_P100000_s1     evals=  114 shots=   11393844  gap_final=   688.51  gap_best=   688.51 mHa
LiH_COBYLA_uniform_T100000000_P100000_s5     evals=  120 shots=   11993520  gap_final=   693.48  gap_best=   693.49 mHa
LiH_COBYLA_weighted_T10000000_P100000_s1     evals=  100 shots=    9990800  gap_final=   678.90  gap_best=   678.90 mHa
LiH_COBYLA_uniform_T100000000_P100000_s9     evals=  125 shots=   12493250  gap_final=   703.99  gap_best=   703.99 mHa
LiH_COBYLA_weighted_T10000000_P100000_s5     evals=  100 shots=    9990800  gap_final=   706.19  gap_best=   706.19 mHa
LiH_COBYLA_weighted_T10000000_P100000_s6     evals=  100 shots=    9990800  gap_final=   592.00  gap_best=   592.00 mHa
LiH_COBYLA_weighted_T10000000_P100000_s7     evals=  100 shots=    9990800  gap_final=   701.86  gap_best=   701.86 mHa
LiH_COBYLA_weighted_T10000000_P100000_s2     evals=  100 shots=    9990800  gap_final=   682.57  gap_best=   682.57 mHa
LiH_COBYLA_uniform_T100000000_P100000_s2     evals=  133 shots=   13292818  gap_final=   679.20  gap_best=   679.21 mHa
LiH_COBYLA_weighted_T10000000_P100000_s0     evals=  100 shots=    9990800  gap_final=   640.54  gap_best=   640.54 mHa
LiH_COBYLA_weighted_T10000000_P100000_s3     evals=  100 shots=    9990800  gap_final=   623.40  gap_best=   623.40 mHa
LiH_COBYLA_weighted_T10000000_P100000_s8     evals=  100 shots=    9990800  gap_final=   689.54  gap_best=   689.54 mHa
LiH_COBYLA_weighted_T10000000_P100000_s4     evals=  100 shots=    9990800  gap_final=   504.87  gap_best=   504.87 mHa
LiH_COBYLA_weighted_T10000000_P100000_s9     evals=  100 shots=    9990800  gap_final=   689.59  gap_best=   689.59 mHa
LiH_COBYLA_weighted_T100000000_P1000000_s3   evals=  100 shots=   99991900  gap_final=   390.63  gap_best=   390.63 mHa
LiH_COBYLA_weighted_T100000000_P100000_s5    evals=  112 shots=   11189696  gap_final=   706.19  gap_best=   706.19 mHa
LiH_COBYLA_weighted_T100000000_P100000_s7    evals=  111 shots=   11089788  gap_final=   701.85  gap_best=   701.86 mHa
LiH_COBYLA_weighted_T100000000_P100000_s9    evals=  112 shots=   11189696  gap_final=   689.59  gap_best=   689.59 mHa
LiH_COBYLA_weighted_T100000000_P100000_s2    evals=  109 shots=   10889972  gap_final=   682.57  gap_best=   682.57 mHa
LiH_COBYLA_weighted_T100000000_P1000000_s8   evals=  100 shots=   99991900  gap_final=   691.58  gap_best=   691.58 mHa
LiH_COBYLA_neyman_T10000000_P100000_s0       evals=  100 shots=    9992328  gap_final=   595.71  gap_best=   595.71 mHa
LiH_COBYLA_neyman_T10000000_P100000_s2       evals=  100 shots=    9992243  gap_final=   624.35  gap_best=   624.35 mHa
LiH_COBYLA_neyman_T10000000_P100000_s4       evals=  100 shots=    9992380  gap_final=   603.32  gap_best=   603.32 mHa
LiH_COBYLA_neyman_T10000000_P100000_s9       evals=  100 shots=    9992199  gap_final=   700.27  gap_best=   700.27 mHa
LiH_COBYLA_weighted_T100000000_P1000000_s0   evals=  100 shots=   99991900  gap_final=   278.94  gap_best=   278.94 mHa
LiH_COBYLA_weighted_T100000000_P1000000_s1   evals=  100 shots=   99991900  gap_final=   648.98  gap_best=   648.98 mHa
LiH_COBYLA_weighted_T100000000_P1000000_s2   evals=  100 shots=   99991900  gap_final=   658.81  gap_best=   658.81 mHa
LiH_COBYLA_weighted_T100000000_P1000000_s4   evals=  100 shots=   99991900  gap_final=   231.60  gap_best=   231.60 mHa
LiH_COBYLA_weighted_T100000000_P100000_s8    evals=  111 shots=   11089788  gap_final=   689.54  gap_best=   689.54 mHa
LiH_COBYLA_weighted_T100000000_P1000000_s5   evals=  100 shots=   99991900  gap_final=   615.82  gap_best=   615.82 mHa
LiH_COBYLA_weighted_T100000000_P1000000_s6   evals=  100 shots=   99991900  gap_final=   642.42  gap_best=   642.42 mHa
LiH_COBYLA_weighted_T100000000_P1000000_s7   evals=  100 shots=   99991900  gap_final=   272.12  gap_best=   272.12 mHa
LiH_COBYLA_weighted_T100000000_P100000_s1    evals=  120 shots=   11988960  gap_final=   678.90  gap_best=   678.90 mHa
LiH_COBYLA_weighted_T100000000_P1000000_s9   evals=  100 shots=   99991900  gap_final=   671.37  gap_best=   671.37 mHa
LiH_COBYLA_neyman_T10000000_P100000_s1       evals=  100 shots=    9992218  gap_final=   666.37  gap_best=   666.37 mHa
LiH_COBYLA_neyman_T10000000_P100000_s3       evals=  100 shots=    9992359  gap_final=   660.73  gap_best=   660.73 mHa
LiH_COBYLA_neyman_T10000000_P100000_s5       evals=  100 shots=    9992281  gap_final=   679.50  gap_best=   679.50 mHa
LiH_COBYLA_neyman_T10000000_P100000_s8       evals=  100 shots=    9992310  gap_final=   693.22  gap_best=   693.22 mHa
LiH_COBYLA_neyman_T10000000_P100000_s6       evals=  100 shots=    9992172  gap_final=   675.92  gap_best=   675.92 mHa
LiH_COBYLA_neyman_T10000000_P100000_s7       evals=  100 shots=    9992593  gap_final=   638.64  gap_best=   638.64 mHa
LiH_COBYLA_neyman_T100000000_P100000_s1      evals=  109 shots=   10891508  gap_final=   666.37  gap_best=   666.37 mHa
LiH_COBYLA_weighted_T100000000_P100000_s3    evals=  144 shots=   14386752  gap_final=   623.47  gap_best=   623.48 mHa
LiH_COBYLA_weighted_T100000000_P100000_s4    evals=  148 shots=   14786384  gap_final=   504.87  gap_best=   504.87 mHa
LiH_COBYLA_weighted_T100000000_P100000_s6    evals=  154 shots=   15385832  gap_final=   592.03  gap_best=   592.04 mHa
LiH_COBYLA_neyman_T100000000_P100000_s0      evals=  145 shots=   14488788  gap_final=   595.74  gap_best=   595.74 mHa
LiH_COBYLA_neyman_T100000000_P100000_s6      evals=  115 shots=   11491004  gap_final=   675.93  gap_best=   675.92 mHa
LiH_COBYLA_exact_T10000000_P100000_s0        evals=  100 shots=          0  gap_final=   230.03  gap_best=   230.03 mHa
LiH_COBYLA_neyman_T100000000_P100000_s3      evals=  132 shots=   13189878  gap_final=   660.73  gap_best=   660.73 mHa
LiH_COBYLA_neyman_T100000000_P100000_s5      evals=  123 shots=   12290541  gap_final=   679.49  gap_best=   679.50 mHa
LiH_COBYLA_weighted_T100000000_P100000_s0    evals=  159 shots=   15885372  gap_final=   640.54  gap_best=   640.54 mHa
LiH_COBYLA_neyman_T100000000_P100000_s8      evals=  110 shots=   10991536  gap_final=   693.22  gap_best=   693.22 mHa
LiH_COBYLA_neyman_T100000000_P100000_s2      evals=  129 shots=   12889977  gap_final=   624.36  gap_best=   624.35 mHa
LiH_COBYLA_neyman_T100000000_P100000_s7      evals=  130 shots=   12990368  gap_final=   638.64  gap_best=   638.64 mHa
LiH_COBYLA_exact_T10000000_P100000_s2        evals=  100 shots=          0  gap_final=   285.77  gap_best=   285.77 mHa
LiH_COBYLA_exact_T10000000_P100000_s1        evals=  100 shots=          0  gap_final=   299.97  gap_best=   299.97 mHa
LiH_COBYLA_neyman_T100000000_P100000_s9      evals=  109 shots=   10891509  gap_final=   700.27  gap_best=   700.27 mHa
LiH_COBYLA_exact_T10000000_P100000_s7        evals=  100 shots=          0  gap_final=   342.50  gap_best=   342.50 mHa
LiH_COBYLA_exact_T10000000_P100000_s6        evals=  100 shots=          0  gap_final=   219.74  gap_best=   219.74 mHa
LiH_COBYLA_exact_T10000000_P100000_s3        evals=  100 shots=          0  gap_final=   283.41  gap_best=   283.41 mHa
LiH_COBYLA_exact_T10000000_P100000_s4        evals=  100 shots=          0  gap_final=   284.25  gap_best=   284.25 mHa
LiH_COBYLA_exact_T10000000_P100000_s5        evals=  100 shots=          0  gap_final=   341.12  gap_best=   341.12 mHa
LiH_COBYLA_exact_T10000000_P100000_s8        evals=  100 shots=          0  gap_final=   414.29  gap_best=   414.29 mHa
LiH_COBYLA_exact_T10000000_P100000_s9        evals=  100 shots=          0  gap_final=   278.64  gap_best=   278.64 mHa
LiH_COBYLA_exact_T100000000_P1000000_s0      evals=  100 shots=          0  gap_final=   230.03  gap_best=   230.03 mHa
LiH_COBYLA_neyman_T100000000_P1000000_s3     evals=  100 shots=   99992274  gap_final=   353.47  gap_best=   353.47 mHa
LiH_COBYLA_neyman_T100000000_P1000000_s8     evals=  100 shots=   99992369  gap_final=   681.96  gap_best=   681.96 mHa
LiH_COBYLA_exact_T100000000_P1000000_s6      evals=  100 shots=          0  gap_final=   219.74  gap_best=   219.74 mHa
LiH_COBYLA_exact_T100000000_P1000000_s1      evals=  100 shots=          0  gap_final=   299.97  gap_best=   299.97 mHa
LiH_COBYLA_exact_T100000000_P1000000_s7      evals=  100 shots=          0  gap_final=   342.50  gap_best=   342.50 mHa
LiH_COBYLA_exact_T100000000_P1000000_s2      evals=  100 shots=          0  gap_final=   285.77  gap_best=   285.77 mHa
LiH_COBYLA_neyman_T100000000_P100000_s4      evals=  146 shots=   14588793  gap_final=   603.32  gap_best=   603.32 mHa
LiH_COBYLA_exact_T100000000_P1000000_s3      evals=  100 shots=          0  gap_final=   283.41  gap_best=   283.41 mHa
LiH_COBYLA_exact_T100000000_P1000000_s4      evals=  100 shots=          0  gap_final=   284.25  gap_best=   284.25 mHa
LiH_COBYLA_exact_T100000000_P1000000_s9      evals=  100 shots=          0  gap_final=   278.64  gap_best=   278.64 mHa
LiH_COBYLA_exact_T100000000_P1000000_s5      evals=  100 shots=          0  gap_final=   341.12  gap_best=   341.12 mHa
LiH_COBYLA_neyman_T100000000_P1000000_s0     evals=  100 shots=   99992263  gap_final=   492.03  gap_best=   492.03 mHa
LiH_COBYLA_neyman_T100000000_P1000000_s1     evals=  100 shots=   99992238  gap_final=   254.94  gap_best=   254.94 mHa
LiH_COBYLA_neyman_T100000000_P1000000_s2     evals=  100 shots=   99992287  gap_final=   227.61  gap_best=   227.61 mHa
LiH_COBYLA_exact_T100000000_P1000000_s8      evals=  100 shots=          0  gap_final=   414.29  gap_best=   414.29 mHa
LiH_COBYLA_neyman_T100000000_P1000000_s4     evals=  100 shots=   99992427  gap_final=   427.91  gap_best=   427.91 mHa
LiH_COBYLA_neyman_T100000000_P1000000_s5     evals=  100 shots=   99992354  gap_final=   449.97  gap_best=   449.97 mHa
LiH_COBYLA_neyman_T100000000_P1000000_s9     evals=  100 shots=   99992380  gap_final=   654.80  gap_best=   654.80 mHa
LiH_COBYLA_neyman_T100000000_P1000000_s6     evals=  100 shots=   99992364  gap_final=   575.81  gap_best=   575.81 mHa
LiH_COBYLA_neyman_T100000000_P1000000_s7     evals=  100 shots=   99992314  gap_final=   398.08  gap_best=   398.08 mHa
LiH_COBYLA_exact_T100000000_P100000_s2       evals= 1000 shots=          0  gap_final=     0.07  gap_best=     0.07 mHa
LiH_COBYLA_exact_T100000000_P100000_s1       evals= 1000 shots=          0  gap_final=   147.44  gap_best=   147.44 mHa
LiH_COBYLA_exact_T100000000_P100000_s3       evals= 1000 shots=          0  gap_final=     1.61  gap_best=     1.61 mHa
LiH_COBYLA_exact_T100000000_P100000_s8       evals= 1000 shots=          0  gap_final=   147.56  gap_best=   147.56 mHa
LiH_COBYLA_exact_T100000000_P100000_s0       evals= 1000 shots=          0  gap_final=     0.23  gap_best=     0.23 mHa
LiH_COBYLA_exact_T100000000_P100000_s7       evals=  584 shots=          0  gap_final=   147.56  gap_best=   147.56 mHa
LiH_LBFGSB_uniform_T10000000_P100000_s1      evals=  100 shots=    9994600  gap_final=   701.56  gap_best=   699.64 mHa
LiH_LBFGSB_uniform_T10000000_P100000_s2      evals=  100 shots=    9994600  gap_final=   707.67  gap_best=   707.82 mHa
LiH_COBYLA_exact_T100000000_P100000_s6       evals= 1000 shots=          0  gap_final=     0.16  gap_best=     0.16 mHa
LiH_LBFGSB_uniform_T10000000_P100000_s6      evals=  100 shots=    9994600  gap_final=   705.66  gap_best=   705.47 mHa
LiH_LBFGSB_uniform_T10000000_P100000_s0      evals=  100 shots=    9994600  gap_final=   722.79  gap_best=   733.14 mHa
LiH_LBFGSB_uniform_T100000000_P1000000_s0    evals=  100 shots=   99992200  gap_final=   722.51  gap_best=   722.78 mHa
LiH_LBFGSB_uniform_T100000000_P1000000_s1    evals=  100 shots=   99992200  gap_final=   701.73  gap_best=   701.61 mHa
LiH_LBFGSB_uniform_T10000000_P100000_s7      evals=  100 shots=    9994600  gap_final=   713.29  gap_best=   707.88 mHa
LiH_COBYLA_exact_T100000000_P100000_s9       evals= 1000 shots=          0  gap_final=   147.56  gap_best=   147.56 mHa
LiH_LBFGSB_uniform_T100000000_P1000000_s2    evals=  100 shots=   99992200  gap_final=   707.77  gap_best=   707.59 mHa
LiH_LBFGSB_uniform_T100000000_P1000000_s3    evals=  100 shots=   99992200  gap_final=   699.69  gap_best=   699.96 mHa
LiH_COBYLA_exact_T100000000_P100000_s4       evals= 1000 shots=          0  gap_final=     0.09  gap_best=     0.09 mHa
LiH_LBFGSB_uniform_T10000000_P100000_s5      evals=  100 shots=    9994600  gap_final=   706.14  gap_best=   706.19 mHa
LiH_COBYLA_exact_T100000000_P100000_s5       evals= 1000 shots=          0  gap_final=     0.55  gap_best=     0.55 mHa
LiH_LBFGSB_uniform_T10000000_P100000_s3      evals=  100 shots=    9994600  gap_final=   699.63  gap_best=   699.57 mHa
LiH_LBFGSB_uniform_T10000000_P100000_s4      evals=  100 shots=    9994600  gap_final=   706.29  gap_best=   710.98 mHa
LiH_LBFGSB_uniform_T100000000_P1000000_s4    evals=  100 shots=   99992200  gap_final=   706.09  gap_best=   703.20 mHa
LiH_LBFGSB_uniform_T10000000_P100000_s8      evals=  100 shots=    9994600  gap_final=   708.89  gap_best=   709.15 mHa
LiH_LBFGSB_uniform_T100000000_P1000000_s6    evals=  100 shots=   99992200  gap_final=   705.76  gap_best=   705.99 mHa
LiH_LBFGSB_uniform_T10000000_P100000_s9      evals=  100 shots=    9994600  gap_final=   717.50  gap_best=   717.58 mHa
LiH_LBFGSB_uniform_T100000000_P1000000_s7    evals=  100 shots=   99992200  gap_final=   713.29  gap_best=   713.01 mHa
LiH_LBFGSB_uniform_T100000000_P1000000_s8    evals=  100 shots=   99992200  gap_final=   708.75  gap_best=   680.10 mHa
LiH_LBFGSB_uniform_T100000000_P1000000_s5    evals=  100 shots=   99992200  gap_final=   706.23  gap_best=   706.19 mHa
LiH_LBFGSB_weighted_T10000000_P100000_s2     evals=  100 shots=    9990800  gap_final=   707.87  gap_best=   711.75 mHa
LiH_LBFGSB_weighted_T10000000_P100000_s6     evals=  100 shots=    9990800  gap_final=   706.11  gap_best=   706.11 mHa
LiH_LBFGSB_weighted_T10000000_P100000_s0     evals=  100 shots=    9990800  gap_final=   721.90  gap_best=   716.13 mHa
LiH_LBFGSB_uniform_T100000000_P1000000_s9    evals=  100 shots=   99992200  gap_final=   717.84  gap_best=   717.84 mHa
LiH_LBFGSB_weighted_T10000000_P100000_s1     evals=  100 shots=    9990800  gap_final=   701.26  gap_best=   701.61 mHa
LiH_LBFGSB_weighted_T10000000_P100000_s3     evals=  100 shots=    9990800  gap_final=   699.60  gap_best=   699.60 mHa
LiH_LBFGSB_weighted_T10000000_P100000_s4     evals=  100 shots=    9990800  gap_final=   706.28  gap_best=   706.06 mHa
LiH_LBFGSB_weighted_T10000000_P100000_s5     evals=  100 shots=    9990800  gap_final=   705.92  gap_best=   706.19 mHa
LiH_LBFGSB_weighted_T10000000_P100000_s7     evals=  100 shots=    9990800  gap_final=   713.44  gap_best=   713.48 mHa
LiH_LBFGSB_weighted_T10000000_P100000_s9     evals=  100 shots=    9990800  gap_final=   718.13  gap_best=   722.08 mHa
LiH_LBFGSB_weighted_T10000000_P100000_s8     evals=  100 shots=    9990800  gap_final=   708.86  gap_best=   710.65 mHa
LiH_LBFGSB_uniform_T100000000_P100000_s1     evals=  336 shots=   33581856  gap_final=   701.61  gap_best=   701.61 mHa
LiH_LBFGSB_weighted_T100000000_P1000000_s0   evals=  100 shots=   99991900  gap_final=   722.04  gap_best=   715.55 mHa
LiH_LBFGSB_uniform_T100000000_P100000_s9     evals=  400 shots=   39978400  gap_final=   717.58  gap_best=   717.58 mHa
LiH_LBFGSB_uniform_T100000000_P100000_s3     evals=  336 shots=   33581856  gap_final=   699.57  gap_best=   699.57 mHa
LiH_LBFGSB_uniform_T100000000_P100000_s0     evals=  368 shots=   36780128  gap_final=   722.49  gap_best=   722.49 mHa
LiH_LBFGSB_weighted_T100000000_P1000000_s5   evals=  100 shots=   99991900  gap_final=   706.41  gap_best=   706.19 mHa
LiH_LBFGSB_weighted_T100000000_P1000000_s1   evals=  100 shots=   99991900  gap_final=   701.81  gap_best=   706.08 mHa
LiH_LBFGSB_neyman_T10000000_P100000_s0       evals=  100 shots=    9992311  gap_final=   722.42  gap_best=   721.12 mHa
LiH_LBFGSB_weighted_T100000000_P1000000_s7   evals=  100 shots=   99991900  gap_final=   713.22  gap_best=   712.97 mHa
LiH_LBFGSB_neyman_T10000000_P100000_s1       evals=  100 shots=    9992287  gap_final=   701.51  gap_best=   703.59 mHa
LiH_LBFGSB_neyman_T10000000_P100000_s2       evals=  100 shots=    9992329  gap_final=   707.65  gap_best=   680.32 mHa
LiH_LBFGSB_weighted_T100000000_P1000000_s8   evals=  100 shots=   99991900  gap_final=   708.52  gap_best=   706.75 mHa
LiH_LBFGSB_weighted_T100000000_P1000000_s3   evals=  100 shots=   99991900  gap_final=   699.52  gap_best=   699.43 mHa
LiH_LBFGSB_weighted_T100000000_P1000000_s2   evals=  100 shots=   99991900  gap_final=   707.63  gap_best=   707.59 mHa
LiH_LBFGSB_weighted_T100000000_P1000000_s6   evals=  100 shots=   99991900  gap_final=   705.66  gap_best=   705.57 mHa
LiH_LBFGSB_weighted_T100000000_P100000_s7    evals=  336 shots=   33569088  gap_final=   713.45  gap_best=   713.45 mHa
LiH_LBFGSB_weighted_T100000000_P1000000_s4   evals=  100 shots=   99991900  gap_final=   706.40  gap_best=   706.36 mHa
LiH_LBFGSB_weighted_T100000000_P100000_s6    evals=  384 shots=   38364672  gap_final=   705.73  gap_best=   705.73 mHa
LiH_LBFGSB_weighted_T100000000_P1000000_s9   evals=  100 shots=   99991900  gap_final=   717.81  gap_best=   717.58 mHa
LiH_LBFGSB_uniform_T100000000_P100000_s5     evals=  416 shots=   41577536  gap_final=   706.19  gap_best=   706.19 mHa
LiH_LBFGSB_neyman_T10000000_P100000_s3       evals=  100 shots=    9992369  gap_final=   699.75  gap_best=   700.10 mHa
LiH_LBFGSB_neyman_T10000000_P100000_s5       evals=  100 shots=    9992494  gap_final=   706.25  gap_best=   707.61 mHa
LiH_LBFGSB_uniform_T100000000_P100000_s4     evals=  416 shots=   41577536  gap_final=   706.36  gap_best=   706.36 mHa
LiH_LBFGSB_neyman_T10000000_P100000_s7       evals=  100 shots=    9992343  gap_final=   713.43  gap_best=   713.37 mHa
LiH_LBFGSB_weighted_T100000000_P100000_s1    evals=  512 shots=   51152896  gap_final=   701.61  gap_best=   701.61 mHa
LiH_LBFGSB_neyman_T10000000_P100000_s4       evals=  100 shots=    9992472  gap_final=   706.76  gap_best=   706.76 mHa
LiH_LBFGSB_uniform_T100000000_P100000_s6     evals=  384 shots=   38379264  gap_final=   705.73  gap_best=   705.73 mHa
LiH_LBFGSB_weighted_T100000000_P100000_s9    evals=  432 shots=   43160256  gap_final=   717.58  gap_best=   717.58 mHa
LiH_LBFGSB_weighted_T100000000_P100000_s0    evals=  464 shots=   46357312  gap_final=   722.49  gap_best=   716.13 mHa
LiH_LBFGSB_neyman_T10000000_P100000_s6       evals=  100 shots=    9992366  gap_final=   705.79  gap_best=   705.79 mHa
LiH_LBFGSB_uniform_T100000000_P100000_s8     evals=  400 shots=   39978400  gap_final=   708.87  gap_best=   709.15 mHa
LiH_LBFGSB_neyman_T100000000_P1000000_s1     evals=  100 shots=   99992188  gap_final=   701.54  gap_best=   694.74 mHa
LiH_LBFGSB_neyman_T10000000_P100000_s8       evals=  100 shots=    9992474  gap_final=   708.90  gap_best=   708.87 mHa
LiH_LBFGSB_neyman_T10000000_P100000_s9       evals=  100 shots=    9992303  gap_final=   717.53  gap_best=   717.10 mHa
LiH_LBFGSB_uniform_T100000000_P100000_s2     evals=  448 shots=   44775808  gap_final=   707.59  gap_best=   707.59 mHa
LiH_LBFGSB_neyman_T100000000_P1000000_s3     evals=  100 shots=   99992308  gap_final=   699.63  gap_best=   699.57 mHa
LiH_LBFGSB_exact_T10000000_P100000_s1        evals=  100 shots=          0  gap_final=   511.59  gap_best=   511.59 mHa
LiH_LBFGSB_exact_T10000000_P100000_s3        evals=  100 shots=          0  gap_final=   654.63  gap_best=   654.63 mHa
LiH_LBFGSB_exact_T10000000_P100000_s2        evals=  100 shots=          0  gap_final=   663.69  gap_best=   663.69 mHa
LiH_LBFGSB_neyman_T100000000_P1000000_s4     evals=  100 shots=   99992352  gap_final=   706.23  gap_best=   698.37 mHa
LiH_LBFGSB_weighted_T100000000_P100000_s5    evals=  336 shots=   33569088  gap_final=   706.19  gap_best=   706.19 mHa
LiH_LBFGSB_exact_T10000000_P100000_s0        evals=  100 shots=          0  gap_final=   697.83  gap_best=   686.77 mHa
LiH_LBFGSB_neyman_T100000000_P1000000_s0     evals=  100 shots=   99992332  gap_final=   722.95  gap_best=   722.49 mHa
LiH_LBFGSB_uniform_T100000000_P100000_s7     evals=  464 shots=   46374944  gap_final=   713.45  gap_best=   713.45 mHa
LiH_LBFGSB_neyman_T100000000_P1000000_s7     evals=  100 shots=   99992286  gap_final=   713.81  gap_best=   713.45 mHa
LiH_LBFGSB_exact_T10000000_P100000_s6        evals=  100 shots=          0  gap_final=   640.40  gap_best=   640.40 mHa
LiH_LBFGSB_exact_T10000000_P100000_s4        evals=  100 shots=          0  gap_final=   648.71  gap_best=   648.71 mHa
LiH_LBFGSB_exact_T10000000_P100000_s5        evals=  100 shots=          0  gap_final=   608.79  gap_best=   608.79 mHa
LiH_LBFGSB_exact_T10000000_P100000_s7        evals=  100 shots=          0  gap_final=   709.59  gap_best=   676.79 mHa
LiH_LBFGSB_neyman_T100000000_P1000000_s2     evals=  100 shots=   99992265  gap_final=   707.62  gap_best=   707.68 mHa
LiH_LBFGSB_weighted_T100000000_P100000_s3    evals=  368 shots=   36766144  gap_final=   699.57  gap_best=   699.60 mHa
LiH_LBFGSB_neyman_T100000000_P1000000_s8     evals=  100 shots=   99992353  gap_final=   708.70  gap_best=   707.11 mHa
LiH_LBFGSB_exact_T10000000_P100000_s8        evals=  100 shots=          0  gap_final=   662.06  gap_best=   662.06 mHa
LiH_LBFGSB_exact_T10000000_P100000_s9        evals=  100 shots=          0  gap_final=   636.70  gap_best=   636.70 mHa
LiH_LBFGSB_exact_T100000000_P1000000_s1      evals=  100 shots=          0  gap_final=   511.59  gap_best=   511.59 mHa
LiH_LBFGSB_neyman_T100000000_P1000000_s5     evals=  100 shots=   99992318  gap_final=   706.16  gap_best=   706.15 mHa
LiH_LBFGSB_weighted_T100000000_P100000_s8    evals=  384 shots=   38364672  gap_final=   708.87  gap_best=   708.87 mHa
LiH_LBFGSB_neyman_T100000000_P1000000_s6     evals=  100 shots=   99992396  gap_final=   705.55  gap_best=   702.80 mHa
LiH_LBFGSB_neyman_T100000000_P1000000_s9     evals=  100 shots=   99992264  gap_final=   717.56  gap_best=   717.58 mHa
LiH_LBFGSB_exact_T100000000_P1000000_s0      evals=  100 shots=          0  gap_final=   697.83  gap_best=   686.77 mHa
LiH_LBFGSB_exact_T100000000_P1000000_s2      evals=  100 shots=          0  gap_final=   663.69  gap_best=   663.69 mHa
LiH_LBFGSB_exact_T100000000_P1000000_s3      evals=  100 shots=          0  gap_final=   654.63  gap_best=   654.63 mHa
LiH_LBFGSB_exact_T100000000_P1000000_s4      evals=  100 shots=          0  gap_final=   648.71  gap_best=   648.71 mHa
LiH_LBFGSB_exact_T100000000_P100000_s4       evals=  672 shots=          0  gap_final=     0.06  gap_best=     0.06 mHa
LiH_LBFGSB_exact_T100000000_P100000_s8       evals=  560 shots=          0  gap_final=     0.10  gap_best=     0.10 mHa
LiH_LBFGSB_weighted_T100000000_P100000_s2    evals=  448 shots=   44758784  gap_final=   707.59  gap_best=   707.65 mHa
LiH_LBFGSB_weighted_T100000000_P100000_s4    evals=  480 shots=   47955840  gap_final=   706.36  gap_best=   706.36 mHa
LiH_LBFGSB_neyman_T100000000_P100000_s0      evals=  416 shots=   41568553  gap_final=   722.49  gap_best=   722.49 mHa
LiH_LBFGSB_exact_T100000000_P100000_s7       evals=  688 shots=          0  gap_final=     0.13  gap_best=     0.13 mHa
LiH_LBFGSB_exact_T100000000_P1000000_s5      evals=  100 shots=          0  gap_final=   608.79  gap_best=   608.79 mHa
LiH_LBFGSB_exact_T100000000_P100000_s0       evals=  864 shots=          0  gap_final=     0.03  gap_best=     0.03 mHa
LiH_LBFGSB_exact_T100000000_P1000000_s6      evals=  100 shots=          0  gap_final=   640.40  gap_best=   640.40 mHa
LiH_LBFGSB_neyman_T100000000_P100000_s8      evals=  384 shots=   38371208  gap_final=   708.87  gap_best=   708.87 mHa
LiH_LBFGSB_exact_T100000000_P1000000_s7      evals=  100 shots=          0  gap_final=   709.59  gap_best=   676.79 mHa
LiH_LBFGSB_exact_T100000000_P100000_s5       evals= 1000 shots=          0  gap_final=     0.05  gap_best=     0.05 mHa
LiH_LBFGSB_exact_T100000000_P1000000_s8      evals=  100 shots=          0  gap_final=   662.06  gap_best=   662.06 mHa
LiH_LBFGSB_exact_T100000000_P1000000_s9      evals=  100 shots=          0  gap_final=   636.70  gap_best=   636.70 mHa
LiH_LBFGSB_exact_T100000000_P100000_s3       evals=  800 shots=          0  gap_final=     0.08  gap_best=     0.08 mHa
LiH_LBFGSB_exact_T100000000_P100000_s6       evals=  480 shots=          0  gap_final=     0.12  gap_best=     0.12 mHa
LiH_LBFGSB_exact_T100000000_P100000_s9       evals=  592 shots=          0  gap_final=     0.10  gap_best=     0.10 mHa
LiH_LBFGSB_exact_T100000000_P100000_s1       evals= 1000 shots=          0  gap_final=     0.12  gap_best=     0.12 mHa
LiH_LBFGSB_ps_uniform_T10000000_P100000_s1   evals=  100 shots=    9994600  gap_final=   508.31  gap_best=   415.62 mHa
LiH_LBFGSB_ps_uniform_T10000000_P100000_s2   evals=  100 shots=    9994600  gap_final=   541.00  gap_best=   412.88 mHa
LiH_LBFGSB_exact_T100000000_P100000_s2       evals=  848 shots=          0  gap_final=     0.08  gap_best=     0.08 mHa
LiH_LBFGSB_neyman_T100000000_P100000_s5      evals=  512 shots=   51161581  gap_final=   706.19  gap_best=   706.19 mHa
LiH_LBFGSB_ps_uniform_T10000000_P100000_s0   evals=  100 shots=    9994600  gap_final=   506.14  gap_best=   417.60 mHa
LiH_LBFGSB_ps_uniform_T10000000_P100000_s7   evals=  100 shots=    9994600  gap_final=   533.16  gap_best=   408.73 mHa
LiH_LBFGSB_ps_uniform_T10000000_P100000_s8   evals=  100 shots=    9994600  gap_final=   538.24  gap_best=   409.57 mHa
LiH_LBFGSB_neyman_T100000000_P100000_s9      evals=  432 shots=   43167240  gap_final=   717.58  gap_best=   717.58 mHa
LiH_LBFGSB_ps_uniform_T10000000_P100000_s3   evals=  100 shots=    9994600  gap_final=   536.66  gap_best=   410.94 mHa
LiH_LBFGSB_ps_uniform_T10000000_P100000_s4   evals=  100 shots=    9994600  gap_final=   543.78  gap_best=   397.42 mHa
LiH_LBFGSB_ps_uniform_T10000000_P100000_s5   evals=  100 shots=    9994600  gap_final=   528.14  gap_best=   446.43 mHa
LiH_LBFGSB_ps_uniform_T10000000_P100000_s6   evals=  100 shots=    9994600  gap_final=   528.21  gap_best=   397.30 mHa
LiH_LBFGSB_ps_uniform_T10000000_P100000_s9   evals=  100 shots=    9994600  gap_final=   534.34  gap_best=   413.07 mHa
LiH_LBFGSB_ps_uniform_T100000000_P1000000_s1 evals=  100 shots=   99992200  gap_final=   500.48  gap_best=   411.00 mHa
LiH_LBFGSB_ps_uniform_T100000000_P1000000_s2 evals=  100 shots=   99992200  gap_final=   538.96  gap_best=   412.54 mHa
LiH_LBFGSB_neyman_T100000000_P100000_s7      evals=  336 shots=   33574326  gap_final=   713.45  gap_best=   713.45 mHa
LiH_LBFGSB_neyman_T100000000_P100000_s4      evals=  416 shots=   41568935  gap_final=   706.36  gap_best=   706.46 mHa
LiH_LBFGSB_ps_uniform_T100000000_P1000000_s4 evals=  100 shots=   99992200  gap_final=   545.72  gap_best=   397.58 mHa
LiH_LBFGSB_ps_uniform_T100000000_P1000000_s5 evals=  100 shots=   99992200  gap_final=   522.98  gap_best=   413.81 mHa
LiH_LBFGSB_ps_uniform_T100000000_P1000000_s6 evals=  100 shots=   99992200  gap_final=   520.39  gap_best=   384.82 mHa
LiH_LBFGSB_ps_uniform_T100000000_P1000000_s7 evals=  100 shots=   99992200  gap_final=   530.81  gap_best=   405.85 mHa
LiH_LBFGSB_neyman_T100000000_P100000_s6      evals=  368 shots=   36772090  gap_final=   705.73  gap_best=   705.79 mHa
LiH_LBFGSB_ps_uniform_T100000000_P1000000_s0 evals=  100 shots=   99992200  gap_final=   503.40  gap_best=   414.99 mHa
LiH_LBFGSB_ps_uniform_T100000000_P1000000_s8 evals=  100 shots=   99992200  gap_final=   515.43  gap_best=   396.37 mHa
LiH_LBFGSB_neyman_T100000000_P100000_s2      evals=  400 shots=   39969422  gap_final=   707.59  gap_best=   680.32 mHa
LiH_LBFGSB_neyman_T100000000_P100000_s3      evals=  432 shots=   43166889  gap_final=   699.57  gap_best=   699.57 mHa
LiH_LBFGSB_ps_uniform_T100000000_P1000000_s3 evals=  100 shots=   99992200  gap_final=   533.81  gap_best=   406.50 mHa
LiH_LBFGSB_ps_weighted_T10000000_P100000_s4  evals=  100 shots=    9990800  gap_final=   543.40  gap_best=   396.47 mHa
LiH_LBFGSB_ps_weighted_T10000000_P100000_s5  evals=  100 shots=    9990800  gap_final=   531.38  gap_best=   422.36 mHa
LiH_LBFGSB_ps_weighted_T10000000_P100000_s8  evals=  100 shots=    9990800  gap_final=   518.75  gap_best=   400.28 mHa
LiH_LBFGSB_ps_weighted_T10000000_P100000_s9  evals=  100 shots=    9990800  gap_final=   527.37  gap_best=   390.63 mHa
LiH_LBFGSB_ps_uniform_T100000000_P100000_s1  evals=  248 shots=   24786608  gap_final=   701.61  gap_best=   428.31 mHa
LiH_LBFGSB_ps_uniform_T100000000_P1000000_s9 evals=  100 shots=   99992200  gap_final=   527.51  gap_best=   390.14 mHa
LiH_LBFGSB_ps_weighted_T10000000_P100000_s0  evals=  100 shots=    9990800  gap_final=   504.02  gap_best=   413.41 mHa
LiH_LBFGSB_neyman_T100000000_P100000_s1      evals=  464 shots=   46364723  gap_final=   701.61  gap_best=   701.61 mHa
LiH_LBFGSB_ps_weighted_T10000000_P100000_s2  evals=  100 shots=    9990800  gap_final=   537.01  gap_best=   413.28 mHa
LiH_LBFGSB_ps_weighted_T10000000_P100000_s1  evals=  100 shots=    9990800  gap_final=   499.56  gap_best=   408.76 mHa
LiH_LBFGSB_ps_weighted_T10000000_P100000_s3  evals=  100 shots=    9990800  gap_final=   530.65  gap_best=   414.18 mHa
LiH_LBFGSB_ps_weighted_T10000000_P100000_s6  evals=  100 shots=    9990800  gap_final=   522.69  gap_best=   383.48 mHa
LiH_LBFGSB_ps_weighted_T10000000_P100000_s7  evals=  100 shots=    9990800  gap_final=   533.48  gap_best=   407.31 mHa
LiH_LBFGSB_ps_uniform_T100000000_P100000_s3  evals=  279 shots=   27884934  gap_final=   699.57  gap_best=   414.18 mHa
LiH_LBFGSB_ps_uniform_T100000000_P100000_s2  evals=  248 shots=   24786608  gap_final=   700.70  gap_best=   427.49 mHa
LiH_LBFGSB_ps_weighted_T100000000_P1000000_s0 evals=  100 shots=   99991900  gap_final=   502.53  gap_best=   414.16 mHa
LiH_LBFGSB_ps_uniform_T100000000_P100000_s4  evals=  496 shots=   49573216  gap_final=   696.34  gap_best=   393.52 mHa
LiH_LBFGSB_ps_weighted_T100000000_P1000000_s1 evals=  100 shots=   99991900  gap_final=   499.34  gap_best=   410.50 mHa
LiH_LBFGSB_ps_uniform_T100000000_P100000_s5  evals=  310 shots=   30983260  gap_final=   700.29  gap_best=   413.48 mHa
LiH_LBFGSB_ps_uniform_T100000000_P100000_s7  evals=  279 shots=   27884934  gap_final=   698.16  gap_best=   404.46 mHa
LiH_LBFGSB_ps_weighted_T100000000_P100000_s2 evals=  279 shots=   27874332  gap_final=   697.30  gap_best=   425.63 mHa
LiH_LBFGSB_ps_uniform_T100000000_P100000_s6  evals=  310 shots=   30983260  gap_final=   702.42  gap_best=   395.10 mHa
LiH_LBFGSB_ps_weighted_T100000000_P1000000_s5 evals=  100 shots=   99991900  gap_final=   523.30  gap_best=   412.67 mHa
LiH_LBFGSB_ps_neyman_T10000000_P100000_s3    evals=  100 shots=    9992518  gap_final=   533.82  gap_best=   419.55 mHa
LiH_LBFGSB_ps_weighted_T100000000_P1000000_s2 evals=  100 shots=   99991900  gap_final=   537.70  gap_best=   413.76 mHa
LiH_LBFGSB_ps_uniform_T100000000_P100000_s0  evals=  620 shots=   61966520  gap_final=   704.22  gap_best=   417.60 mHa
LiH_LBFGSB_ps_weighted_T100000000_P100000_s0 evals=  372 shots=   37165776  gap_final=   699.84  gap_best=   412.07 mHa
LiH_LBFGSB_ps_neyman_T10000000_P100000_s1    evals=  100 shots=    9992551  gap_final=   500.89  gap_best=   411.11 mHa
LiH_LBFGSB_ps_weighted_T100000000_P1000000_s3 evals=  100 shots=   99991900  gap_final=   531.26  gap_best=   405.66 mHa
LiH_LBFGSB_ps_weighted_T100000000_P100000_s6 evals=  217 shots=   21680036  gap_final=   693.11  gap_best=   375.48 mHa
LiH_LBFGSB_ps_weighted_T100000000_P1000000_s8 evals=  100 shots=   99991900  gap_final=   515.51  gap_best=   395.01 mHa
LiH_LBFGSB_ps_weighted_T100000000_P1000000_s4 evals=  100 shots=   99991900  gap_final=   546.67  gap_best=   393.17 mHa
LiH_LBFGSB_ps_weighted_T100000000_P1000000_s6 evals=  100 shots=   99991900  gap_final=   521.17  gap_best=   383.88 mHa
LiH_LBFGSB_ps_weighted_T100000000_P1000000_s7 evals=  100 shots=   99991900  gap_final=   532.60  gap_best=   407.15 mHa
LiH_LBFGSB_ps_neyman_T10000000_P100000_s4    evals=  100 shots=    9992549  gap_final=   546.60  gap_best=   394.61 mHa
LiH_LBFGSB_ps_weighted_T100000000_P1000000_s9 evals=  100 shots=   99991900  gap_final=   527.30  gap_best=   390.58 mHa
LiH_LBFGSB_ps_neyman_T10000000_P100000_s0    evals=  100 shots=    9992536  gap_final=   502.56  gap_best=   412.98 mHa
LiH_LBFGSB_ps_neyman_T10000000_P100000_s8    evals=  100 shots=    9992438  gap_final=   518.33  gap_best=   396.36 mHa
LiH_LBFGSB_ps_neyman_T10000000_P100000_s2    evals=  100 shots=    9992537  gap_final=   538.29  gap_best=   414.80 mHa
LiH_LBFGSB_ps_neyman_T10000000_P100000_s9    evals=  100 shots=    9992486  gap_final=   527.84  gap_best=   390.97 mHa
LiH_LBFGSB_ps_neyman_T10000000_P100000_s6    evals=  100 shots=    9992542  gap_final=   522.72  gap_best=   384.10 mHa
LiH_LBFGSB_ps_weighted_T100000000_P100000_s5 evals=  248 shots=   24777184  gap_final=   706.19  gap_best=   422.36 mHa
LiH_LBFGSB_ps_uniform_T100000000_P100000_s9  evals=  372 shots=   37179912  gap_final=   699.74  gap_best=   386.02 mHa
LiH_LBFGSB_ps_neyman_T10000000_P100000_s5    evals=  100 shots=    9992489  gap_final=   524.20  gap_best=   413.53 mHa
LiH_LBFGSB_ps_neyman_T10000000_P100000_s7    evals=  100 shots=    9992465  gap_final=   531.73  gap_best=   406.88 mHa
LiH_LBFGSB_ps_weighted_T100000000_P100000_s7 evals=  248 shots=   24777184  gap_final=   698.63  gap_best=   410.75 mHa
LiH_LBFGSB_ps_neyman_T100000000_P1000000_s3  evals=  100 shots=   99992390  gap_final=   532.65  gap_best=   406.80 mHa
LiH_LBFGSB_ps_exact_T10000000_P100000_s2     evals=  100 shots=          0  gap_final=   537.20  gap_best=   414.34 mHa
LiH_LBFGSB_ps_exact_T10000000_P100000_s4     evals=  100 shots=          0  gap_final=   546.65  gap_best=   394.03 mHa
LiH_LBFGSB_ps_exact_T10000000_P100000_s3     evals=  100 shots=          0  gap_final=   532.66  gap_best=   405.82 mHa
LiH_LBFGSB_ps_exact_T10000000_P100000_s0     evals=  100 shots=          0  gap_final=   502.60  gap_best=   414.55 mHa
LiH_LBFGSB_ps_neyman_T100000000_P1000000_s7  evals=  100 shots=   99992309  gap_final=   531.88  gap_best=   407.08 mHa
LiH_LBFGSB_ps_neyman_T100000000_P1000000_s8  evals=  100 shots=   99992389  gap_final=   515.61  gap_best=   394.93 mHa
LiH_LBFGSB_ps_exact_T10000000_P100000_s1     evals=  100 shots=          0  gap_final=   500.14  gap_best=   410.39 mHa
LiH_LBFGSB_ps_neyman_T100000000_P1000000_s2  evals=  100 shots=   99992327  gap_final=   536.98  gap_best=   414.30 mHa
LiH_LBFGSB_ps_exact_T10000000_P100000_s5     evals=  100 shots=          0  gap_final=   523.65  gap_best=   411.13 mHa
LiH_LBFGSB_ps_neyman_T100000000_P1000000_s0  evals=  100 shots=   99992322  gap_final=   502.67  gap_best=   415.80 mHa
LiH_LBFGSB_ps_neyman_T100000000_P1000000_s1  evals=  100 shots=   99992285  gap_final=   500.28  gap_best=   410.49 mHa
LiH_LBFGSB_ps_neyman_T100000000_P1000000_s9  evals=  100 shots=   99992389  gap_final=   526.94  gap_best=   390.14 mHa
LiH_LBFGSB_ps_exact_T10000000_P100000_s6     evals=  100 shots=          0  gap_final=   521.25  gap_best=   383.57 mHa
LiH_LBFGSB_ps_neyman_T100000000_P1000000_s4  evals=  100 shots=   99992362  gap_final=   546.08  gap_best=   394.50 mHa
LiH_LBFGSB_ps_exact_T10000000_P100000_s9     evals=  100 shots=          0  gap_final=   527.10  gap_best=   390.28 mHa
LiH_LBFGSB_ps_weighted_T100000000_P100000_s3 evals=  403 shots=   40262924  gap_final=   694.88  gap_best=   404.25 mHa
LiH_LBFGSB_ps_neyman_T100000000_P1000000_s5  evals=  100 shots=   99992273  gap_final=   523.74  gap_best=   412.58 mHa
LiH_LBFGSB_ps_weighted_T100000000_P100000_s9 evals=  465 shots=   46457220  gap_final=   695.13  gap_best=   372.01 mHa
LiH_LBFGSB_ps_exact_T10000000_P100000_s7     evals=  100 shots=          0  gap_final=   532.05  gap_best=   406.66 mHa
LiH_LBFGSB_ps_exact_T10000000_P100000_s8     evals=  100 shots=          0  gap_final=   516.10  gap_best=   395.05 mHa
LiH_LBFGSB_ps_neyman_T100000000_P1000000_s6  evals=  100 shots=   99992313  gap_final=   521.43  gap_best=   382.78 mHa
LiH_LBFGSB_ps_neyman_T100000000_P100000_s1   evals=  279 shots=   27879412  gap_final=   690.27  gap_best=   407.54 mHa
LiH_LBFGSB_ps_exact_T100000000_P1000000_s0   evals=  100 shots=          0  gap_final=   502.60  gap_best=   414.55 mHa
LiH_LBFGSB_ps_exact_T100000000_P1000000_s3   evals=  100 shots=          0  gap_final=   532.66  gap_best=   405.82 mHa
LiH_LBFGSB_ps_exact_T100000000_P1000000_s4   evals=  100 shots=          0  gap_final=   546.65  gap_best=   394.03 mHa
LiH_LBFGSB_ps_exact_T100000000_P1000000_s1   evals=  100 shots=          0  gap_final=   500.14  gap_best=   410.39 mHa
LiH_LBFGSB_ps_exact_T100000000_P1000000_s2   evals=  100 shots=          0  gap_final=   537.20  gap_best=   414.34 mHa
LiH_LBFGSB_ps_exact_T100000000_P1000000_s7   evals=  100 shots=          0  gap_final=   532.05  gap_best=   406.66 mHa
LiH_LBFGSB_ps_exact_T100000000_P1000000_s5   evals=  100 shots=          0  gap_final=   523.65  gap_best=   411.13 mHa
LiH_LBFGSB_ps_exact_T100000000_P1000000_s6   evals=  100 shots=          0  gap_final=   521.25  gap_best=   383.57 mHa
LiH_LBFGSB_ps_neyman_T100000000_P100000_s0   evals=  372 shots=   37172366  gap_final=   699.15  gap_best=   394.14 mHa
LiH_LBFGSB_ps_uniform_T100000000_P100000_s8  evals=  558 shots=   55769868  gap_final=   702.35  gap_best=   402.71 mHa
LiH_LBFGSB_ps_exact_T100000000_P1000000_s9   evals=  100 shots=          0  gap_final=   527.10  gap_best=   390.28 mHa
LiH_LBFGSB_ps_weighted_T100000000_P100000_s4 evals=  372 shots=   37165776  gap_final=   690.59  gap_best=   387.90 mHa
LiH_LBFGSB_ps_exact_T100000000_P1000000_s8   evals=  100 shots=          0  gap_final=   516.10  gap_best=   395.05 mHa
LiH_LBFGSB_ps_exact_T100000000_P100000_s6    evals=  930 shots=          0  gap_final=     0.12  gap_best=     0.12 mHa
LiH_LBFGSB_ps_exact_T100000000_P100000_s3    evals= 1000 shots=          0  gap_final=   110.12  gap_best=     0.17 mHa
LiH_LBFGSB_ps_neyman_T100000000_P100000_s3   evals=  279 shots=   27879367  gap_final=   693.92  gap_best=   407.47 mHa
LiH_LBFGSB_ps_exact_T100000000_P100000_s7    evals= 1000 shots=          0  gap_final=   194.84  gap_best=     0.15 mHa
LiH_LBFGSB_ps_exact_T100000000_P100000_s4    evals= 1000 shots=          0  gap_final=   228.24  gap_best=     0.07 mHa
LiH_LBFGSB_ps_exact_T100000000_P100000_s5    evals= 1000 shots=          0  gap_final=   336.43  gap_best=     3.88 mHa
LiH_LBFGSB_ps_weighted_T100000000_P100000_s1 evals=  651 shots=   65040108  gap_final=   498.12  gap_best=   321.61 mHa
LiH_Adam_uniform_T10000000_P100000_s1        evals=  100 shots=    9994600  gap_final=   622.01  gap_best=   419.54 mHa
LiH_Adam_uniform_T10000000_P100000_s2        evals=  100 shots=    9994600  gap_final=   551.93  gap_best=   356.33 mHa
LiH_LBFGSB_ps_exact_T100000000_P100000_s2    evals= 1000 shots=          0  gap_final=   190.60  gap_best=     0.20 mHa
LiH_Adam_uniform_T10000000_P100000_s5        evals=  100 shots=    9994600  gap_final=   560.92  gap_best=   405.07 mHa
LiH_Adam_uniform_T10000000_P100000_s7        evals=  100 shots=    9994600  gap_final=   625.63  gap_best=   426.59 mHa
LiH_Adam_uniform_T10000000_P100000_s8        evals=  100 shots=    9994600  gap_final=   588.89  gap_best=   362.09 mHa
LiH_LBFGSB_ps_exact_T100000000_P100000_s0    evals= 1000 shots=          0  gap_final=   178.99  gap_best=     2.09 mHa
LiH_Adam_uniform_T10000000_P100000_s0        evals=  100 shots=    9994600  gap_final=   643.86  gap_best=   388.80 mHa
LiH_LBFGSB_ps_neyman_T100000000_P100000_s2   evals=  279 shots=   27879245  gap_final=   698.40  gap_best=   410.88 mHa
LiH_LBFGSB_ps_exact_T100000000_P100000_s1    evals= 1000 shots=          0  gap_final=   213.85  gap_best=     0.50 mHa
LiH_Adam_uniform_T10000000_P100000_s9        evals=  100 shots=    9994600  gap_final=   636.74  gap_best=   373.03 mHa
LiH_Adam_uniform_T10000000_P100000_s3        evals=  100 shots=    9994600  gap_final=   610.23  gap_best=   336.62 mHa
LiH_LBFGSB_ps_exact_T100000000_P100000_s8    evals= 1000 shots=          0  gap_final=   444.52  gap_best=     0.10 mHa
LiH_LBFGSB_ps_exact_T100000000_P100000_s9    evals= 1000 shots=          0  gap_final=   409.19  gap_best=     0.10 mHa
LiH_Adam_uniform_T10000000_P100000_s4        evals=  100 shots=    9994600  gap_final=   607.14  gap_best=   449.53 mHa
LiH_Adam_uniform_T10000000_P100000_s6        evals=  100 shots=    9994600  gap_final=   603.86  gap_best=   351.27 mHa
LiH_Adam_uniform_T100000000_P1000000_s0      evals=  100 shots=   99992200  gap_final=   600.08  gap_best=   363.33 mHa
LiH_Adam_uniform_T100000000_P1000000_s1      evals=  100 shots=   99992200  gap_final=   604.69  gap_best=   361.49 mHa
LiH_Adam_uniform_T100000000_P1000000_s2      evals=  100 shots=   99992200  gap_final=   516.99  gap_best=   320.34 mHa
LiH_Adam_uniform_T100000000_P1000000_s6      evals=  100 shots=   99992200  gap_final=   595.42  gap_best=   353.08 mHa
LiH_Adam_weighted_T10000000_P100000_s0       evals=  100 shots=    9990800  gap_final=   546.53  gap_best=   332.16 mHa
LiH_Adam_weighted_T10000000_P100000_s2       evals=  100 shots=    9990800  gap_final=   522.22  gap_best=   321.36 mHa
LiH_Adam_uniform_T100000000_P1000000_s4      evals=  100 shots=   99992200  gap_final=   588.45  gap_best=   382.27 mHa
LiH_Adam_weighted_T10000000_P100000_s3       evals=  100 shots=    9990800  gap_final=   606.79  gap_best=   341.15 mHa
LiH_Adam_uniform_T100000000_P1000000_s3      evals=  100 shots=   99992200  gap_final=   609.46  gap_best=   340.58 mHa
LiH_Adam_uniform_T100000000_P1000000_s5      evals=  100 shots=   99992200  gap_final=   494.13  gap_best=   318.56 mHa
LiH_Adam_weighted_T10000000_P100000_s4       evals=  100 shots=    9990800  gap_final=   586.89  gap_best=   378.47 mHa
LiH_Adam_uniform_T100000000_P1000000_s7      evals=  100 shots=   99992200  gap_final=   608.01  gap_best=   392.06 mHa
LiH_Adam_weighted_T10000000_P100000_s5       evals=  100 shots=    9990800  gap_final=   498.20  gap_best=   321.94 mHa
LiH_Adam_weighted_T10000000_P100000_s6       evals=  100 shots=    9990800  gap_final=   594.44  gap_best=   340.94 mHa
LiH_Adam_uniform_T100000000_P1000000_s8      evals=  100 shots=   99992200  gap_final=   584.83  gap_best=   338.21 mHa
LiH_Adam_uniform_T100000000_P1000000_s9      evals=  100 shots=   99992200  gap_final=   511.82  gap_best=   344.97 mHa
LiH_Adam_weighted_T10000000_P100000_s1       evals=  100 shots=    9990800  gap_final=   598.94  gap_best=   386.00 mHa
LiH_Adam_weighted_T10000000_P100000_s7       evals=  100 shots=    9990800  gap_final=   603.37  gap_best=   397.53 mHa
LiH_Adam_weighted_T10000000_P100000_s9       evals=  100 shots=    9990800  gap_final=   584.60  gap_best=   347.77 mHa
LiH_LBFGSB_ps_neyman_T100000000_P100000_s4   evals=  806 shots=   80537893  gap_final=     2.82  gap_best=     2.82 mHa
LiH_Adam_weighted_T10000000_P100000_s8       evals=  100 shots=    9990800  gap_final=   583.98  gap_best=   332.99 mHa
LiH_Adam_weighted_T100000000_P1000000_s0     evals=  100 shots=   99991900  gap_final=   597.24  gap_best=   364.85 mHa
LiH_Adam_weighted_T100000000_P1000000_s1     evals=  100 shots=   99991900  gap_final=   556.64  gap_best=   336.21 mHa
LiH_Adam_weighted_T100000000_P1000000_s2     evals=  100 shots=   99991900  gap_final=   520.54  gap_best=   323.91 mHa
LiH_Adam_weighted_T100000000_P1000000_s4     evals=  100 shots=   99991900  gap_final=   587.69  gap_best=   377.33 mHa
LiH_LBFGSB_ps_weighted_T100000000_P100000_s8 evals=  930 shots=   92914440  gap_final=     2.70  gap_best=     2.70 mHa
LiH_Adam_weighted_T100000000_P1000000_s5     evals=  100 shots=   99991900  gap_final=   496.78  gap_best=   323.61 mHa
LiH_Adam_weighted_T100000000_P1000000_s6     evals=  100 shots=   99991900  gap_final=   590.12  gap_best=   345.85 mHa
LiH_Adam_weighted_T100000000_P1000000_s3     evals=  100 shots=   99991900  gap_final=   619.07  gap_best=   355.01 mHa
LiH_Adam_weighted_T100000000_P1000000_s7     evals=  100 shots=   99991900  gap_final=   616.17  gap_best=   402.57 mHa
LiH_LBFGSB_ps_neyman_T100000000_P100000_s8   evals=  837 shots=   83636032  gap_final=     1.54  gap_best=     1.54 mHa
LiH_Adam_neyman_T10000000_P100000_s0         evals=  100 shots=    9992311  gap_final=   597.04  gap_best=   365.65 mHa
LiH_LBFGSB_ps_neyman_T100000000_P100000_s5   evals= 1000 shots=   99923327  gap_final=   239.50  gap_best=     3.47 mHa
LiH_Adam_neyman_T10000000_P100000_s2         evals=  100 shots=    9992419  gap_final=   593.91  gap_best=   365.56 mHa
LiH_Adam_weighted_T100000000_P1000000_s8     evals=  100 shots=   99991900  gap_final=   582.46  gap_best=   336.87 mHa
LiH_Adam_weighted_T100000000_P1000000_s9     evals=  100 shots=   99991900  gap_final=   574.03  gap_best=   345.04 mHa
LiH_Adam_neyman_T10000000_P100000_s1         evals=  100 shots=    9992436  gap_final=   604.98  gap_best=   364.59 mHa
LiH_Adam_neyman_T10000000_P100000_s3         evals=  100 shots=    9992372  gap_final=   638.68  gap_best=   370.87 mHa
LiH_Adam_uniform_T100000000_P100000_s0       evals= 1000 shots=   99946000  gap_final=   164.98  gap_best=   163.22 mHa
LiH_Adam_uniform_T100000000_P100000_s3       evals= 1000 shots=   99946000  gap_final=    35.23  gap_best=   133.88 mHa
LiH_Adam_neyman_T10000000_P100000_s4         evals=  100 shots=    9992359  gap_final=   598.22  gap_best=   381.14 mHa
LiH_Adam_neyman_T10000000_P100000_s5         evals=  100 shots=    9992370  gap_final=   499.75  gap_best=   321.76 mHa
LiH_Adam_neyman_T10000000_P100000_s6         evals=  100 shots=    9992279  gap_final=   587.41  gap_best=   324.52 mHa
LiH_Adam_uniform_T100000000_P100000_s8       evals= 1000 shots=   99946000  gap_final=    21.78  gap_best=    51.28 mHa
LiH_Adam_neyman_T10000000_P100000_s9         evals=  100 shots=    9992351  gap_final=   576.12  gap_best=   339.31 mHa
LiH_LBFGSB_ps_neyman_T100000000_P100000_s6   evals=  837 shots=   83635400  gap_final=    26.28  gap_best=    26.28 mHa
LiH_Adam_neyman_T10000000_P100000_s7         evals=  100 shots=    9992334  gap_final=   614.41  gap_best=   416.22 mHa
LiH_Adam_neyman_T10000000_P100000_s8         evals=  100 shots=    9992408  gap_final=   592.25  gap_best=   355.81 mHa
LiH_LBFGSB_ps_neyman_T100000000_P100000_s7   evals=  992 shots=   99123780  gap_final=     3.48  gap_best=     3.48 mHa
LiH_Adam_uniform_T100000000_P100000_s6       evals= 1000 shots=   99946000  gap_final=    21.25  gap_best=    29.96 mHa
LiH_Adam_weighted_T100000000_P100000_s0      evals= 1000 shots=   99908000  gap_final=    42.54  gap_best=   140.57 mHa
LiH_Adam_uniform_T100000000_P100000_s5       evals= 1000 shots=   99946000  gap_final=   162.68  gap_best=   212.10 mHa
LiH_LBFGSB_ps_neyman_T100000000_P100000_s9   evals= 1000 shots=   99923477  gap_final=   266.56  gap_best=     2.30 mHa
LiH_Adam_neyman_T100000000_P1000000_s0       evals=  100 shots=   99992213  gap_final=   598.55  gap_best=   370.24 mHa
LiH_Adam_neyman_T100000000_P1000000_s1       evals=  100 shots=   99992326  gap_final=   556.60  gap_best=   335.03 mHa
LiH_Adam_neyman_T100000000_P1000000_s2       evals=  100 shots=   99992386  gap_final=   598.41  gap_best=   366.58 mHa
LiH_Adam_neyman_T100000000_P1000000_s3       evals=  100 shots=   99992244  gap_final=   568.15  gap_best=   315.60 mHa
LiH_Adam_neyman_T100000000_P1000000_s7       evals=  100 shots=   99992247  gap_final=   611.35  gap_best=   400.06 mHa
LiH_Adam_neyman_T100000000_P1000000_s8       evals=  100 shots=   99992308  gap_final=   591.56  gap_best=   337.35 mHa
LiH_Adam_exact_T10000000_P100000_s0          evals=  100 shots=          0  gap_final=   594.67  gap_best=   363.23 mHa
LiH_Adam_neyman_T100000000_P1000000_s4       evals=  100 shots=   99992367  gap_final=   588.40  gap_best=   376.04 mHa
LiH_Adam_neyman_T100000000_P1000000_s9       evals=  100 shots=   99992321  gap_final=   574.60  gap_best=   331.99 mHa
LiH_Adam_neyman_T100000000_P1000000_s5       evals=  100 shots=   99992242  gap_final=   496.73  gap_best=   323.22 mHa
LiH_Adam_exact_T10000000_P100000_s1          evals=  100 shots=          0  gap_final=   557.61  gap_best=   335.05 mHa
LiH_Adam_weighted_T100000000_P100000_s9      evals= 1000 shots=   99908000  gap_final=   158.14  gap_best=   195.15 mHa
LiH_Adam_neyman_T100000000_P1000000_s6       evals=  100 shots=   99992320  gap_final=   591.81  gap_best=   334.15 mHa
LiH_Adam_exact_T10000000_P100000_s4          evals=  100 shots=          0  gap_final=   589.46  gap_best=   378.88 mHa
LiH_Adam_uniform_T100000000_P100000_s7       evals= 1000 shots=   99946000  gap_final=    11.88  gap_best=    64.50 mHa
LiH_Adam_exact_T10000000_P100000_s5          evals=  100 shots=          0  gap_final=   495.85  gap_best=   322.79 mHa
LiH_Adam_exact_T10000000_P100000_s6          evals=  100 shots=          0  gap_final=   592.38  gap_best=   333.46 mHa
LiH_Adam_exact_T10000000_P100000_s2          evals=  100 shots=          0  gap_final=   519.30  gap_best=   321.79 mHa
LiH_Adam_exact_T10000000_P100000_s3          evals=  100 shots=          0  gap_final=   644.45  gap_best=   414.18 mHa
LiH_Adam_exact_T10000000_P100000_s9          evals=  100 shots=          0  gap_final=   577.90  gap_best=   332.29 mHa
LiH_Adam_exact_T10000000_P100000_s7          evals=  100 shots=          0  gap_final=   612.78  gap_best=   400.95 mHa
LiH_Adam_exact_T10000000_P100000_s8          evals=  100 shots=          0  gap_final=   593.43  gap_best=   339.10 mHa
LiH_Adam_uniform_T100000000_P100000_s4       evals= 1000 shots=   99946000  gap_final=     9.82  gap_best=    27.19 mHa
LiH_Adam_uniform_T100000000_P100000_s1       evals= 1000 shots=   99946000  gap_final=    13.44  gap_best=    40.73 mHa
LiH_Adam_uniform_T100000000_P100000_s2       evals= 1000 shots=   99946000  gap_final=   143.80  gap_best=   205.18 mHa
LiH_Adam_exact_T100000000_P100000_s2         evals= 1000 shots=          0  gap_final=     5.54  gap_best=    73.78 mHa
LiH_Adam_exact_T100000000_P100000_s4         evals= 1000 shots=          0  gap_final=    13.42  gap_best=    37.21 mHa
LiH_Adam_uniform_T100000000_P100000_s9       evals= 1000 shots=   99946000  gap_final=    41.59  gap_best=   122.17 mHa
LiH_Adam_exact_T100000000_P100000_s5         evals= 1000 shots=          0  gap_final=    35.32  gap_best=   118.52 mHa
LiH_Adam_exact_T100000000_P1000000_s0        evals=  100 shots=          0  gap_final=   594.67  gap_best=   363.23 mHa
LiH_Adam_exact_T100000000_P1000000_s1        evals=  100 shots=          0  gap_final=   557.61  gap_best=   335.05 mHa
LiH_Adam_exact_T100000000_P100000_s7         evals= 1000 shots=          0  gap_final=     9.13  gap_best=    29.63 mHa
LiH_Adam_exact_T100000000_P1000000_s2        evals=  100 shots=          0  gap_final=   519.30  gap_best=   321.79 mHa
LiH_Adam_exact_T100000000_P1000000_s4        evals=  100 shots=          0  gap_final=   589.46  gap_best=   378.88 mHa
LiH_Adam_exact_T100000000_P1000000_s5        evals=  100 shots=          0  gap_final=   495.85  gap_best=   322.79 mHa
LiH_Adam_exact_T100000000_P1000000_s6        evals=  100 shots=          0  gap_final=   592.38  gap_best=   333.46 mHa
LiH_Adam_exact_T100000000_P1000000_s3        evals=  100 shots=          0  gap_final=   644.45  gap_best=   414.18 mHa
LiH_Adam_exact_T100000000_P100000_s0         evals= 1000 shots=          0  gap_final=    46.82  gap_best=    94.38 mHa
LiH_Adam_exact_T100000000_P1000000_s7        evals=  100 shots=          0  gap_final=   612.78  gap_best=   400.95 mHa
LiH_Adam_exact_T100000000_P1000000_s9        evals=  100 shots=          0  gap_final=   577.90  gap_best=   332.29 mHa
LiH_Adam_exact_T100000000_P1000000_s8        evals=  100 shots=          0  gap_final=   593.43  gap_best=   339.10 mHa
LiH_Adam_exact_T100000000_P100000_s1         evals= 1000 shots=          0  gap_final=   153.96  gap_best=   203.34 mHa
LiH_Adam_exact_T100000000_P100000_s3         evals= 1000 shots=          0  gap_final=    11.74  gap_best=    33.18 mHa
LiH_Adam_neyman_T100000000_P100000_s1        evals= 1000 shots=   99922272  gap_final=    12.58  gap_best=    67.31 mHa
LiH_Adam_exact_T100000000_P100000_s6         evals= 1000 shots=          0  gap_final=    11.52  gap_best=    45.14 mHa
LiH_Adam_weighted_T100000000_P100000_s8      evals= 1000 shots=   99908000  gap_final=    12.80  gap_best=    47.36 mHa
LiH_Adam_weighted_T100000000_P100000_s1      evals= 1000 shots=   99908000  gap_final=    34.65  gap_best=    54.63 mHa
LiH_SPSA_uniform_T10000000_P100000_s0        evals=  100 shots=    9994600  gap_final=  1752.94  gap_best=   740.15 mHa
LiH_SPSA_uniform_T10000000_P100000_s2        evals=  100 shots=    9994600  gap_final=  2472.64  gap_best=   773.18 mHa
LiH_SPSA_uniform_T10000000_P100000_s1        evals=  100 shots=    9994600  gap_final=  2291.13  gap_best=   717.54 mHa
LiH_Adam_neyman_T100000000_P100000_s6        evals= 1000 shots=   99922785  gap_final=     8.98  gap_best=    70.02 mHa
LiH_Adam_neyman_T100000000_P100000_s5        evals= 1000 shots=   99922331  gap_final=   154.39  gap_best=   207.66 mHa
LiH_Adam_neyman_T100000000_P100000_s2        evals= 1000 shots=   99922851  gap_final=    14.05  gap_best=    55.51 mHa
LiH_Adam_exact_T100000000_P100000_s9         evals= 1000 shots=          0  gap_final=    24.65  gap_best=    97.49 mHa
LiH_Adam_exact_T100000000_P100000_s8         evals= 1000 shots=          0  gap_final=    13.44  gap_best=    52.60 mHa
LiH_SPSA_uniform_T10000000_P100000_s5        evals=  100 shots=    9994600  gap_final=  2102.67  gap_best=   728.11 mHa
LiH_SPSA_uniform_T10000000_P100000_s6        evals=  100 shots=    9994600  gap_final=  4288.97  gap_best=   705.60 mHa
LiH_SPSA_uniform_T10000000_P100000_s9        evals=  100 shots=    9994600  gap_final=  1758.94  gap_best=   728.47 mHa
LiH_SPSA_uniform_T10000000_P100000_s3        evals=  100 shots=    9994600  gap_final=  1610.08  gap_best=   717.55 mHa
LiH_Adam_neyman_T100000000_P100000_s4        evals= 1000 shots=   99922614  gap_final=    12.29  gap_best=    46.52 mHa
LiH_Adam_weighted_T100000000_P100000_s2      evals= 1000 shots=   99908000  gap_final=     4.80  gap_best=    46.99 mHa
LiH_Adam_weighted_T100000000_P100000_s3      evals= 1000 shots=   99908000  gap_final=     8.52  gap_best=    43.30 mHa
LiH_SPSA_uniform_T10000000_P100000_s4        evals=  100 shots=    9994600  gap_final=  1954.39  gap_best=   715.98 mHa
LiH_SPSA_uniform_T10000000_P100000_s8        evals=  100 shots=    9994600  gap_final=  3532.08  gap_best=   732.42 mHa
LiH_SPSA_uniform_T10000000_P100000_s7        evals=  100 shots=    9994600  gap_final=  3615.86  gap_best=   704.28 mHa
LiH_Adam_weighted_T100000000_P100000_s6      evals= 1000 shots=   99908000  gap_final=    11.53  gap_best=    41.63 mHa
LiH_Adam_weighted_T100000000_P100000_s7      evals= 1000 shots=   99908000  gap_final=    10.40  gap_best=    37.73 mHa
LiH_Adam_weighted_T100000000_P100000_s5      evals= 1000 shots=   99908000  gap_final=    14.06  gap_best=    97.70 mHa
LiH_Adam_weighted_T100000000_P100000_s4      evals= 1000 shots=   99908000  gap_final=    15.05  gap_best=    51.94 mHa
LiH_SPSA_uniform_T100000000_P1000000_s1      evals=  100 shots=   99992200  gap_final=  1412.07  gap_best=   717.54 mHa
LiH_SPSA_uniform_T100000000_P1000000_s2      evals=  100 shots=   99992200  gap_final=  2876.42  gap_best=   741.55 mHa
LiH_SPSA_uniform_T100000000_P1000000_s3      evals=  100 shots=   99992200  gap_final=  2379.92  gap_best=   717.55 mHa
LiH_SPSA_uniform_T100000000_P1000000_s5      evals=  100 shots=   99992200  gap_final=  1178.49  gap_best=   728.11 mHa
LiH_SPSA_uniform_T100000000_P1000000_s8      evals=  100 shots=   99992200  gap_final=  3352.59  gap_best=   732.42 mHa
LiH_SPSA_uniform_T100000000_P1000000_s0      evals=  100 shots=   99992200  gap_final=  4914.83  gap_best=   740.15 mHa
LiH_SPSA_weighted_T10000000_P100000_s2       evals=  100 shots=    9990800  gap_final=   428.46  gap_best=   524.26 mHa
LiH_SPSA_weighted_T10000000_P100000_s3       evals=  100 shots=    9990800  gap_final=  2866.45  gap_best=   647.71 mHa
LiH_SPSA_weighted_T10000000_P100000_s5       evals=  100 shots=    9990800  gap_final=  2757.59  gap_best=   720.74 mHa
LiH_SPSA_weighted_T10000000_P100000_s6       evals=  100 shots=    9990800  gap_final=  2863.06  gap_best=   737.49 mHa
LiH_SPSA_uniform_T100000000_P1000000_s4      evals=  100 shots=   99992200  gap_final=   977.37  gap_best=   527.66 mHa
LiH_SPSA_weighted_T10000000_P100000_s7       evals=  100 shots=    9990800  gap_final=  2631.47  gap_best=   659.14 mHa
LiH_SPSA_weighted_T10000000_P100000_s1       evals=  100 shots=    9990800  gap_final=  1950.66  gap_best=   717.54 mHa
LiH_SPSA_uniform_T100000000_P1000000_s6      evals=  100 shots=   99992200  gap_final=  2929.54  gap_best=   723.37 mHa
LiH_SPSA_uniform_T100000000_P1000000_s7      evals=  100 shots=   99992200  gap_final=  2792.18  gap_best=   704.28 mHa
LiH_SPSA_uniform_T100000000_P1000000_s9      evals=  100 shots=   99992200  gap_final=  4245.88  gap_best=   728.47 mHa
LiH_Adam_neyman_T100000000_P100000_s3        evals= 1000 shots=   99922650  gap_final=     9.76  gap_best=    32.86 mHa
LiH_SPSA_weighted_T10000000_P100000_s4       evals=  100 shots=    9990800  gap_final=  3663.21  gap_best=   715.98 mHa
LiH_SPSA_weighted_T10000000_P100000_s8       evals=  100 shots=    9990800  gap_final=  2490.05  gap_best=   755.24 mHa
LiH_SPSA_weighted_T10000000_P100000_s0       evals=  100 shots=    9990800  gap_final=  4131.29  gap_best=   751.21 mHa
LiH_SPSA_weighted_T10000000_P100000_s9       evals=  100 shots=    9990800  gap_final=  1890.72  gap_best=   728.47 mHa
LiH_SPSA_weighted_T100000000_P1000000_s3     evals=  100 shots=   99991900  gap_final=  1565.88  gap_best=   717.55 mHa
LiH_SPSA_weighted_T100000000_P1000000_s5     evals=  100 shots=   99991900  gap_final=  2745.18  gap_best=   728.11 mHa
LiH_SPSA_weighted_T100000000_P1000000_s1     evals=  100 shots=   99991900  gap_final=  2761.27  gap_best=   717.54 mHa
LiH_SPSA_weighted_T100000000_P1000000_s0     evals=  100 shots=   99991900  gap_final=  2495.47  gap_best=   740.15 mHa
LiH_SPSA_weighted_T100000000_P1000000_s2     evals=  100 shots=   99991900  gap_final=  1295.47  gap_best=   739.51 mHa
LiH_SPSA_weighted_T100000000_P1000000_s4     evals=  100 shots=   99991900  gap_final=  2064.22  gap_best=   715.98 mHa
LiH_Adam_neyman_T100000000_P100000_s0        evals= 1000 shots=   99922362  gap_final=    63.55  gap_best=   120.22 mHa
LiH_SPSA_weighted_T100000000_P1000000_s6     evals=  100 shots=   99991900  gap_final=  3313.06  gap_best=   729.86 mHa
LiH_SPSA_weighted_T100000000_P1000000_s7     evals=  100 shots=   99991900  gap_final=  3617.40  gap_best=   704.28 mHa
LiH_SPSA_neyman_T10000000_P100000_s0         evals=  100 shots=    9992141  gap_final=  2968.44  gap_best=   501.13 mHa
LiH_SPSA_neyman_T10000000_P100000_s3         evals=  100 shots=    9992166  gap_final=  1791.09  gap_best=   717.55 mHa
LiH_SPSA_neyman_T10000000_P100000_s4         evals=  100 shots=    9992238  gap_final=  5102.45  gap_best=   499.61 mHa
LiH_Adam_neyman_T100000000_P100000_s9        evals= 1000 shots=   99922025  gap_final=    23.62  gap_best=    79.29 mHa
LiH_SPSA_weighted_T100000000_P1000000_s8     evals=  100 shots=   99991900  gap_final=  2045.63  gap_best=   732.42 mHa
LiH_SPSA_weighted_T100000000_P1000000_s9     evals=  100 shots=   99991900  gap_final=  2803.72  gap_best=   728.47 mHa
LiH_SPSA_neyman_T10000000_P100000_s1         evals=  100 shots=    9992296  gap_final=  3655.38  gap_best=   717.54 mHa
LiH_SPSA_neyman_T10000000_P100000_s2         evals=  100 shots=    9992306  gap_final=  2207.72  gap_best=   719.47 mHa
LiH_SPSA_neyman_T10000000_P100000_s5         evals=  100 shots=    9992219  gap_final=  2238.85  gap_best=   656.19 mHa
LiH_Adam_neyman_T100000000_P100000_s7        evals= 1000 shots=   99922734  gap_final=    12.43  gap_best=    26.93 mHa
LiH_SPSA_neyman_T10000000_P100000_s6         evals=  100 shots=    9992016  gap_final=  3156.19  gap_best=   649.83 mHa
LiH_Adam_neyman_T100000000_P100000_s8        evals= 1000 shots=   99922648  gap_final=    20.69  gap_best=    45.11 mHa
LiH_SPSA_neyman_T10000000_P100000_s7         evals=  100 shots=    9992163  gap_final=  1689.02  gap_best=   704.28 mHa
LiH_SPSA_uniform_T100000000_P100000_s6       evals= 1000 shots=   99946000  gap_final=   167.63  gap_best=   174.16 mHa
LiH_SPSA_neyman_T10000000_P100000_s8         evals=  100 shots=    9992132  gap_final=  1246.68  gap_best=   732.42 mHa
LiH_SPSA_neyman_T10000000_P100000_s9         evals=  100 shots=    9992221  gap_final=  3603.97  gap_best=   728.47 mHa
LiH_SPSA_uniform_T100000000_P100000_s4       evals= 1000 shots=   99946000  gap_final=   159.22  gap_best=   145.67 mHa
LiH_SPSA_neyman_T100000000_P1000000_s0       evals=  100 shots=   99992327  gap_final=  1916.75  gap_best=   740.15 mHa
LiH_SPSA_neyman_T100000000_P1000000_s1       evals=  100 shots=   99992278  gap_final=  3335.66  gap_best=   717.54 mHa
LiH_SPSA_weighted_T100000000_P100000_s1      evals= 1000 shots=   99908000  gap_final=    13.86  gap_best=    17.18 mHa
LiH_SPSA_weighted_T100000000_P100000_s2      evals= 1000 shots=   99908000  gap_final=    32.18  gap_best=    15.66 mHa
LiH_SPSA_neyman_T100000000_P1000000_s2       evals=  100 shots=   99992304  gap_final=  1917.62  gap_best=   724.07 mHa
LiH_SPSA_weighted_T100000000_P100000_s3      evals= 1000 shots=   99908000  gap_final=    94.37  gap_best=   108.87 mHa
LiH_SPSA_weighted_T100000000_P100000_s5      evals= 1000 shots=   99908000  gap_final=   164.16  gap_best=   157.00 mHa
LiH_SPSA_neyman_T100000000_P1000000_s3       evals=  100 shots=   99992319  gap_final=  2893.70  gap_best=   649.49 mHa
LiH_SPSA_neyman_T100000000_P1000000_s4       evals=  100 shots=   99992240  gap_final=  1744.73  gap_best=   715.98 mHa
LiH_SPSA_neyman_T100000000_P1000000_s5       evals=  100 shots=   99992247  gap_final=  2829.02  gap_best=   728.11 mHa
LiH_SPSA_neyman_T100000000_P1000000_s6       evals=  100 shots=   99992337  gap_final=  3604.27  gap_best=   729.34 mHa
LiH_SPSA_neyman_T100000000_P1000000_s7       evals=  100 shots=   99992297  gap_final=  1647.38  gap_best=   669.04 mHa
LiH_SPSA_neyman_T100000000_P1000000_s8       evals=  100 shots=   99992333  gap_final=  2916.82  gap_best=   732.42 mHa
LiH_SPSA_exact_T10000000_P100000_s0          evals=  100 shots=          0  gap_final=  2206.12  gap_best=   740.15 mHa
LiH_SPSA_exact_T10000000_P100000_s1          evals=  100 shots=          0  gap_final=  2433.55  gap_best=   717.54 mHa
LiH_SPSA_exact_T10000000_P100000_s2          evals=  100 shots=          0  gap_final=  5134.69  gap_best=   728.57 mHa
LiH_SPSA_exact_T10000000_P100000_s3          evals=  100 shots=          0  gap_final=  5856.78  gap_best=   717.55 mHa
LiH_SPSA_neyman_T100000000_P1000000_s9       evals=  100 shots=   99992307  gap_final=  3201.81  gap_best=   728.47 mHa
LiH_SPSA_exact_T10000000_P100000_s4          evals=  100 shots=          0  gap_final=  2570.82  gap_best=   657.42 mHa
LiH_SPSA_exact_T10000000_P100000_s5          evals=  100 shots=          0  gap_final=  1597.51  gap_best=   728.11 mHa
LiH_SPSA_exact_T10000000_P100000_s6          evals=  100 shots=          0  gap_final=  2771.84  gap_best=   654.01 mHa
LiH_SPSA_exact_T10000000_P100000_s7          evals=  100 shots=          0  gap_final=  2025.30  gap_best=   704.28 mHa
LiH_SPSA_uniform_T100000000_P100000_s3       evals= 1000 shots=   99946000  gap_final=   391.16  gap_best=   271.66 mHa
LiH_SPSA_exact_T10000000_P100000_s8          evals=  100 shots=          0  gap_final=  2377.22  gap_best=   732.42 mHa
LiH_SPSA_exact_T10000000_P100000_s9          evals=  100 shots=          0  gap_final=  2632.29  gap_best=   728.47 mHa
LiH_SPSA_uniform_T100000000_P100000_s1       evals= 1000 shots=   99946000  gap_final=   127.88  gap_best=   129.82 mHa
LiH_SPSA_uniform_T100000000_P100000_s0       evals= 1000 shots=   99946000  gap_final=   266.40  gap_best=   171.86 mHa
LiH_SPSA_uniform_T100000000_P100000_s2       evals= 1000 shots=   99946000  gap_final=   120.29  gap_best=    89.83 mHa
LiH_SPSA_uniform_T100000000_P100000_s5       evals= 1000 shots=   99946000  gap_final=   143.37  gap_best=   115.18 mHa
LiH_SPSA_exact_T100000000_P100000_s1         evals= 1000 shots=          0  gap_final=    48.99  gap_best=    51.19 mHa
LiH_SPSA_exact_T100000000_P100000_s2         evals= 1000 shots=          0  gap_final=     6.70  gap_best=     9.52 mHa
LiH_SPSA_exact_T100000000_P100000_s5         evals= 1000 shots=          0  gap_final=    11.20  gap_best=    16.26 mHa
LiH_SPSA_exact_T100000000_P100000_s6         evals= 1000 shots=          0  gap_final=     0.43  gap_best=     8.15 mHa
LiH_SPSA_exact_T100000000_P1000000_s1        evals=  100 shots=          0  gap_final=  2433.55  gap_best=   717.54 mHa
LiH_SPSA_exact_T100000000_P1000000_s2        evals=  100 shots=          0  gap_final=  5134.69  gap_best=   728.57 mHa
LiH_SPSA_exact_T100000000_P1000000_s0        evals=  100 shots=          0  gap_final=  2206.12  gap_best=   740.15 mHa
LiH_SPSA_exact_T100000000_P100000_s0         evals= 1000 shots=          0  gap_final=     2.44  gap_best=     3.53 mHa
LiH_SPSA_exact_T100000000_P1000000_s3        evals=  100 shots=          0  gap_final=  5856.78  gap_best=   717.55 mHa
LiH_SPSA_exact_T100000000_P1000000_s4        evals=  100 shots=          0  gap_final=  2570.82  gap_best=   657.42 mHa
LiH_SPSA_exact_T100000000_P1000000_s5        evals=  100 shots=          0  gap_final=  1597.51  gap_best=   728.11 mHa
LiH_SPSA_exact_T100000000_P1000000_s6        evals=  100 shots=          0  gap_final=  2771.84  gap_best=   654.01 mHa
LiH_SPSA_exact_T100000000_P1000000_s9        evals=  100 shots=          0  gap_final=  2632.29  gap_best=   728.47 mHa
LiH_SPSA_exact_T100000000_P100000_s3         evals= 1000 shots=          0  gap_final=     2.65  gap_best=     5.04 mHa
LiH_SPSA_exact_T100000000_P1000000_s7        evals=  100 shots=          0  gap_final=  2025.30  gap_best=   704.28 mHa
LiH_SPSA_exact_T100000000_P1000000_s8        evals=  100 shots=          0  gap_final=  2377.22  gap_best=   732.42 mHa
H2O_COBYLA_uniform_T10000000_P100000_s0      evals=  100 shots=    9997900  gap_final=   971.18  gap_best=   971.18 mHa
LiH_SPSA_uniform_T100000000_P100000_s9       evals= 1000 shots=   99946000  gap_final=   420.51  gap_best=   192.10 mHa
LiH_SPSA_exact_T100000000_P100000_s7         evals= 1000 shots=          0  gap_final=     2.05  gap_best=     5.82 mHa
H2O_COBYLA_uniform_T10000000_P100000_s1      evals=   97 shots=    9697963  gap_final=   980.94  gap_best=   980.95 mHa
LiH_SPSA_uniform_T100000000_P100000_s7       evals= 1000 shots=   99946000  gap_final=   254.79  gap_best=   166.13 mHa
LiH_SPSA_exact_T100000000_P100000_s4         evals= 1000 shots=          0  gap_final=     9.09  gap_best=    13.15 mHa
H2O_COBYLA_uniform_T10000000_P100000_s2      evals=   92 shots=    9198068  gap_final=  1003.42  gap_best=  1003.42 mHa
LiH_SPSA_uniform_T100000000_P100000_s8       evals= 1000 shots=   99946000  gap_final=   144.78  gap_best=    83.35 mHa
LiH_SPSA_neyman_T100000000_P100000_s3        evals= 1000 shots=   99923179  gap_final=    45.74  gap_best=    52.31 mHa
LiH_SPSA_weighted_T100000000_P100000_s6      evals= 1000 shots=   99908000  gap_final=   163.73  gap_best=   164.68 mHa
H2O_COBYLA_uniform_T10000000_P100000_s3      evals=  100 shots=    9997900  gap_final=   984.70  gap_best=   984.70 mHa
H2O_COBYLA_uniform_T10000000_P100000_s7      evals=   97 shots=    9697963  gap_final=  1014.53  gap_best=  1014.54 mHa
LiH_SPSA_neyman_T100000000_P100000_s5        evals= 1000 shots=   99922565  gap_final=     9.09  gap_best=    18.68 mHa
H2O_COBYLA_uniform_T10000000_P100000_s4      evals=   95 shots=    9498005  gap_final=   951.98  gap_best=   951.99 mHa
LiH_SPSA_neyman_T100000000_P100000_s7        evals= 1000 shots=   99923037  gap_final=     4.33  gap_best=    15.31 mHa
H2O_COBYLA_uniform_T100000000_P100000_s4     evals=   95 shots=    9498005  gap_final=   951.98  gap_best=   951.99 mHa
H2O_COBYLA_uniform_T100000000_P100000_s3     evals=  121 shots=   12097459  gap_final=   984.70  gap_best=   984.70 mHa
H2O_COBYLA_uniform_T10000000_P100000_s5      evals=   93 shots=    9298047  gap_final=  1004.10  gap_best=  1004.09 mHa
H2O_COBYLA_uniform_T100000000_P100000_s5     evals=   93 shots=    9298047  gap_final=  1004.10  gap_best=  1004.09 mHa
LiH_SPSA_exact_T100000000_P100000_s8         evals= 1000 shots=          0  gap_final=   162.18  gap_best=   154.43 mHa
H2O_COBYLA_uniform_T100000000_P100000_s6     evals=  101 shots=   10097879  gap_final=   968.43  gap_best=   968.44 mHa
H2O_COBYLA_uniform_T100000000_P100000_s7     evals=   97 shots=    9697963  gap_final=  1014.53  gap_best=  1014.54 mHa
H2O_COBYLA_uniform_T10000000_P100000_s6      evals=  100 shots=    9997900  gap_final=   968.44  gap_best=   968.44 mHa
H2O_COBYLA_uniform_T10000000_P100000_s8      evals=   96 shots=    9597984  gap_final=  1008.32  gap_best=  1008.33 mHa
H2O_COBYLA_uniform_T10000000_P100000_s9      evals=  100 shots=    9997900  gap_final=   952.07  gap_best=   952.07 mHa
H2O_COBYLA_uniform_T100000000_P100000_s2     evals=   92 shots=    9198068  gap_final=  1003.42  gap_best=  1003.42 mHa
H2O_COBYLA_uniform_T100000000_P100000_s0     evals=  101 shots=   10097879  gap_final=   971.17  gap_best=   971.18 mHa
H2O_COBYLA_uniform_T100000000_P100000_s1     evals=   97 shots=    9697963  gap_final=   980.94  gap_best=   980.95 mHa
LiH_SPSA_exact_T100000000_P100000_s9         evals= 1000 shots=          0  gap_final=     9.87  gap_best=    13.55 mHa
H2O_COBYLA_uniform_T100000000_P100000_s8     evals=   96 shots=    9597984  gap_final=  1008.32  gap_best=  1008.33 mHa
H2O_COBYLA_uniform_T100000000_P100000_s9     evals=  109 shots=   10897711  gap_final=   952.07  gap_best=   952.07 mHa
H2O_COBYLA_uniform_T100000000_P1000000_s0    evals=  100 shots=   99997300  gap_final=    13.68  gap_best=    13.68 mHa
H2O_COBYLA_uniform_T100000000_P1000000_s1    evals=  100 shots=   99997300  gap_final=    29.74  gap_best=    29.74 mHa
H2O_COBYLA_uniform_T100000000_P1000000_s2    evals=  100 shots=   99997300  gap_final=   961.34  gap_best=   961.34 mHa
H2O_COBYLA_uniform_T100000000_P1000000_s5    evals=  100 shots=   99997300  gap_final=   571.85  gap_best=   571.85 mHa
H2O_COBYLA_uniform_T100000000_P1000000_s7    evals=  100 shots=   99997300  gap_final=   976.00  gap_best=   976.00 mHa
H2O_COBYLA_weighted_T10000000_P100000_s3     evals=  100 shots=    9997800  gap_final=   911.71  gap_best=   911.71 mHa
LiH_SPSA_neyman_T100000000_P100000_s8        evals= 1000 shots=   99922756  gap_final=    51.28  gap_best=    56.62 mHa
H2O_COBYLA_weighted_T10000000_P100000_s4     evals=  100 shots=    9997800  gap_final=   970.15  gap_best=   970.15 mHa
H2O_COBYLA_weighted_T10000000_P100000_s6     evals=  100 shots=    9997800  gap_final=   978.23  gap_best=   978.23 mHa
H2O_COBYLA_uniform_T100000000_P1000000_s3    evals=  100 shots=   99997300  gap_final=   543.11  gap_best=   543.11 mHa
H2O_COBYLA_uniform_T100000000_P1000000_s4    evals=  100 shots=   99997300  gap_final=   198.65  gap_best=   198.65 mHa
H2O_COBYLA_weighted_T10000000_P100000_s9     evals=  100 shots=    9997800  gap_final=   362.11  gap_best=   362.11 mHa
H2O_COBYLA_uniform_T100000000_P1000000_s6    evals=  100 shots=   99997300  gap_final=    41.29  gap_best=    41.29 mHa
H2O_COBYLA_uniform_T100000000_P1000000_s8    evals=  100 shots=   99997300  gap_final=    28.13  gap_best=    28.13 mHa
H2O_COBYLA_weighted_T10000000_P100000_s0     evals=  100 shots=    9997800  gap_final=    22.57  gap_best=    22.57 mHa
H2O_COBYLA_weighted_T10000000_P100000_s1     evals=  100 shots=    9997800  gap_final=   878.93  gap_best=   878.93 mHa
H2O_COBYLA_weighted_T10000000_P100000_s2     evals=   94 shots=    9397932  gap_final=  1021.91  gap_best=  1021.92 mHa
H2O_COBYLA_uniform_T100000000_P1000000_s9    evals=  100 shots=   99997300  gap_final=   956.27  gap_best=   956.27 mHa
LiH_SPSA_weighted_T100000000_P100000_s0      evals= 1000 shots=   99908000  gap_final=     5.60  gap_best=    12.91 mHa
H2O_COBYLA_weighted_T10000000_P100000_s7     evals=   88 shots=    8798064  gap_final=  1023.36  gap_best=  1023.36 mHa
H2O_COBYLA_weighted_T10000000_P100000_s5     evals=  100 shots=    9997800  gap_final=  1020.44  gap_best=  1020.44 mHa
H2O_COBYLA_weighted_T100000000_P100000_s0    evals=  160 shots=   15996480  gap_final=    23.03  gap_best=    23.04 mHa
H2O_COBYLA_weighted_T100000000_P100000_s2    evals=   94 shots=    9397932  gap_final=  1021.91  gap_best=  1021.92 mHa
H2O_COBYLA_weighted_T100000000_P100000_s1    evals=  117 shots=   11697426  gap_final=   878.91  gap_best=   878.93 mHa
H2O_COBYLA_weighted_T10000000_P100000_s8     evals=  100 shots=    9997800  gap_final=   988.20  gap_best=   988.20 mHa
H2O_COBYLA_weighted_T100000000_P100000_s4    evals=  103 shots=   10297734  gap_final=   970.14  gap_best=   970.15 mHa
H2O_COBYLA_weighted_T100000000_P100000_s3    evals=  123 shots=   12297294  gap_final=   911.71  gap_best=   911.71 mHa
LiH_SPSA_weighted_T100000000_P100000_s7      evals= 1000 shots=   99908000  gap_final=   576.93  gap_best=   128.97 mHa
LiH_SPSA_weighted_T100000000_P100000_s4      evals= 1000 shots=   99908000  gap_final=    19.65  gap_best=    28.99 mHa
H2O_COBYLA_weighted_T100000000_P100000_s6    evals=  112 shots=   11197536  gap_final=   978.23  gap_best=   978.23 mHa
H2O_COBYLA_weighted_T100000000_P100000_s8    evals=  104 shots=   10397712  gap_final=   988.21  gap_best=   988.20 mHa
LiH_SPSA_weighted_T100000000_P100000_s9      evals= 1000 shots=   99908000  gap_final=    73.02  gap_best=    34.61 mHa
H2O_COBYLA_weighted_T100000000_P100000_s9    evals=  143 shots=   14296854  gap_final=   362.07  gap_best=   362.09 mHa
H2O_COBYLA_weighted_T100000000_P100000_s5    evals=  100 shots=    9997800  gap_final=  1020.44  gap_best=  1020.44 mHa
H2O_COBYLA_weighted_T100000000_P100000_s7    evals=   88 shots=    8798064  gap_final=  1023.36  gap_best=  1023.36 mHa
H2O_COBYLA_weighted_T100000000_P1000000_s9   evals=  100 shots=   99998100  gap_final=    18.59  gap_best=    18.59 mHa
LiH_SPSA_weighted_T100000000_P100000_s8      evals= 1000 shots=   99908000  gap_final=     5.17  gap_best=     7.27 mHa
H2O_COBYLA_neyman_T10000000_P100000_s1       evals=  100 shots=    9996952  gap_final=    13.89  gap_best=    13.89 mHa
H2O_COBYLA_neyman_T10000000_P100000_s2       evals=  100 shots=    9996969  gap_final=   960.91  gap_best=   960.91 mHa
H2O_COBYLA_neyman_T10000000_P100000_s3       evals=  100 shots=    9996923  gap_final=    41.16  gap_best=    41.16 mHa
H2O_COBYLA_weighted_T100000000_P1000000_s1   evals=  100 shots=   99998100  gap_final=    13.50  gap_best=    13.50 mHa
H2O_COBYLA_weighted_T100000000_P1000000_s6   evals=  100 shots=   99998100  gap_final=     7.69  gap_best=     7.69 mHa
H2O_COBYLA_neyman_T10000000_P100000_s4       evals=  100 shots=    9997062  gap_final=   966.62  gap_best=   966.62 mHa
H2O_COBYLA_weighted_T100000000_P1000000_s0   evals=  100 shots=   99998100  gap_final=    45.07  gap_best=    45.07 mHa
H2O_COBYLA_weighted_T100000000_P1000000_s2   evals=  100 shots=   99998100  gap_final=    22.29  gap_best=    22.29 mHa
H2O_COBYLA_weighted_T100000000_P1000000_s3   evals=  100 shots=   99998100  gap_final=    24.72  gap_best=    24.72 mHa
H2O_COBYLA_weighted_T100000000_P1000000_s4   evals=  100 shots=   99998100  gap_final=    27.39  gap_best=    27.39 mHa
H2O_COBYLA_neyman_T10000000_P100000_s7       evals=  100 shots=    9996887  gap_final=   976.49  gap_best=   976.49 mHa
H2O_COBYLA_weighted_T100000000_P1000000_s5   evals=  100 shots=   99998100  gap_final=    54.91  gap_best=    54.91 mHa
H2O_COBYLA_neyman_T10000000_P100000_s8       evals=  100 shots=    9996829  gap_final=   890.00  gap_best=   890.00 mHa
H2O_COBYLA_weighted_T100000000_P1000000_s7   evals=  100 shots=   99998100  gap_final=   947.46  gap_best=   947.46 mHa
H2O_COBYLA_weighted_T100000000_P1000000_s8   evals=  100 shots=   99998100  gap_final=    18.46  gap_best=    18.46 mHa
H2O_COBYLA_neyman_T10000000_P100000_s0       evals=  100 shots=    9996926  gap_final=   944.48  gap_best=   944.48 mHa
H2O_COBYLA_neyman_T10000000_P100000_s6       evals=  100 shots=    9996919  gap_final=    33.08  gap_best=    33.08 mHa
H2O_COBYLA_neyman_T100000000_P100000_s0      evals=  115 shots=   11496456  gap_final=   944.49  gap_best=   944.48 mHa
H2O_COBYLA_neyman_T100000000_P100000_s2      evals=  102 shots=   10196913  gap_final=   960.90  gap_best=   960.91 mHa
H2O_COBYLA_neyman_T10000000_P100000_s9       evals=   90 shots=    8997249  gap_final=   995.34  gap_best=   995.34 mHa
H2O_COBYLA_neyman_T10000000_P100000_s5       evals=  100 shots=    9996992  gap_final=   987.43  gap_best=   987.43 mHa
H2O_COBYLA_neyman_T100000000_P100000_s7      evals=  100 shots=    9996887  gap_final=   976.49  gap_best=   976.49 mHa
H2O_COBYLA_exact_T10000000_P100000_s0        evals=  100 shots=          0  gap_final=     5.44  gap_best=     5.44 mHa
H2O_COBYLA_neyman_T100000000_P100000_s6      evals=  155 shots=   15495215  gap_final=    33.07  gap_best=    33.08 mHa
H2O_COBYLA_exact_T10000000_P100000_s1        evals=  100 shots=          0  gap_final=    24.75  gap_best=    24.75 mHa
H2O_COBYLA_exact_T10000000_P100000_s2        evals=  100 shots=          0  gap_final=    52.56  gap_best=    52.56 mHa
H2O_COBYLA_neyman_T100000000_P100000_s3      evals=  181 shots=   18094437  gap_final=    17.29  gap_best=    17.30 mHa
H2O_COBYLA_neyman_T100000000_P1000000_s4     evals=  100 shots=   99996949  gap_final=     4.04  gap_best=     4.04 mHa
H2O_COBYLA_neyman_T100000000_P1000000_s7     evals=  100 shots=   99996920  gap_final=    52.35  gap_best=    52.35 mHa
H2O_COBYLA_exact_T10000000_P100000_s3        evals=  100 shots=          0  gap_final=    45.40  gap_best=    45.40 mHa
H2O_COBYLA_neyman_T100000000_P100000_s4      evals=  105 shots=   10496906  gap_final=   966.62  gap_best=   966.62 mHa
H2O_COBYLA_neyman_T100000000_P100000_s5      evals=  102 shots=   10196935  gap_final=   987.42  gap_best=   987.43 mHa
H2O_COBYLA_exact_T10000000_P100000_s6        evals=  100 shots=          0  gap_final=     8.41  gap_best=     8.41 mHa
H2O_COBYLA_exact_T10000000_P100000_s7        evals=  100 shots=          0  gap_final=    12.19  gap_best=    12.19 mHa
H2O_COBYLA_neyman_T100000000_P100000_s9      evals=   90 shots=    8997249  gap_final=   995.34  gap_best=   995.34 mHa
H2O_COBYLA_neyman_T100000000_P1000000_s0     evals=  100 shots=   99996916  gap_final=     6.07  gap_best=     6.07 mHa
H2O_COBYLA_neyman_T100000000_P1000000_s1     evals=  100 shots=   99996962  gap_final=    14.57  gap_best=    14.57 mHa
H2O_COBYLA_exact_T10000000_P100000_s8        evals=  100 shots=          0  gap_final=     9.64  gap_best=     9.64 mHa
H2O_COBYLA_neyman_T100000000_P100000_s8      evals=  108 shots=   10796572  gap_final=   890.02  gap_best=   890.00 mHa
H2O_COBYLA_exact_T10000000_P100000_s9        evals=  100 shots=          0  gap_final=    26.51  gap_best=    26.51 mHa
H2O_COBYLA_exact_T10000000_P100000_s5        evals=  100 shots=          0  gap_final=     8.39  gap_best=     8.39 mHa
H2O_COBYLA_exact_T10000000_P100000_s4        evals=  100 shots=          0  gap_final=     6.58  gap_best=     6.58 mHa
H2O_COBYLA_neyman_T100000000_P1000000_s2     evals=  100 shots=   99996956  gap_final=   120.80  gap_best=   120.80 mHa
H2O_COBYLA_neyman_T100000000_P1000000_s5     evals=  100 shots=   99996947  gap_final=    24.81  gap_best=    24.81 mHa
H2O_COBYLA_neyman_T100000000_P1000000_s3     evals=  100 shots=   99996936  gap_final=    16.57  gap_best=    16.57 mHa
H2O_COBYLA_neyman_T100000000_P1000000_s6     evals=  100 shots=   99996940  gap_final=    24.84  gap_best=    24.84 mHa
H2O_COBYLA_neyman_T100000000_P100000_s1      evals=  150 shots=   14995448  gap_final=    13.90  gap_best=    13.90 mHa
H2O_COBYLA_exact_T100000000_P100000_s0       evals=  276 shots=          0  gap_final=     0.39  gap_best=     0.39 mHa
H2O_COBYLA_neyman_T100000000_P1000000_s8     evals=  100 shots=   99997002  gap_final=     1.75  gap_best=     1.75 mHa
H2O_COBYLA_neyman_T100000000_P1000000_s9     evals=  100 shots=   99996977  gap_final=    45.48  gap_best=    45.48 mHa
H2O_COBYLA_exact_T100000000_P100000_s2       evals=  401 shots=          0  gap_final=     0.40  gap_best=     0.40 mHa
H2O_COBYLA_exact_T100000000_P100000_s4       evals=  379 shots=          0  gap_final=     0.40  gap_best=     0.40 mHa
H2O_COBYLA_exact_T100000000_P1000000_s3      evals=  100 shots=          0  gap_final=    45.40  gap_best=    45.40 mHa
H2O_COBYLA_exact_T100000000_P100000_s6       evals=  381 shots=          0  gap_final=     0.39  gap_best=     0.39 mHa
H2O_COBYLA_exact_T100000000_P100000_s7       evals=  547 shots=          0  gap_final=     0.28  gap_best=     0.28 mHa
H2O_COBYLA_exact_T100000000_P100000_s1       evals=  892 shots=          0  gap_final=     0.40  gap_best=     0.40 mHa
H2O_COBYLA_exact_T100000000_P1000000_s4      evals=  100 shots=          0  gap_final=     6.58  gap_best=     6.58 mHa
H2O_COBYLA_exact_T100000000_P1000000_s2      evals=  100 shots=          0  gap_final=    52.56  gap_best=    52.56 mHa
H2O_COBYLA_exact_T100000000_P1000000_s0      evals=  100 shots=          0  gap_final=     5.44  gap_best=     5.44 mHa
H2O_COBYLA_exact_T100000000_P1000000_s1      evals=  100 shots=          0  gap_final=    24.75  gap_best=    24.75 mHa
H2O_COBYLA_exact_T100000000_P1000000_s5      evals=  100 shots=          0  gap_final=     8.39  gap_best=     8.39 mHa
H2O_COBYLA_exact_T100000000_P1000000_s8      evals=  100 shots=          0  gap_final=     9.64  gap_best=     9.64 mHa
H2O_COBYLA_exact_T100000000_P1000000_s6      evals=  100 shots=          0  gap_final=     8.41  gap_best=     8.41 mHa
H2O_COBYLA_exact_T100000000_P1000000_s7      evals=  100 shots=          0  gap_final=    12.19  gap_best=    12.19 mHa
H2O_COBYLA_exact_T100000000_P1000000_s9      evals=  100 shots=          0  gap_final=    26.51  gap_best=    26.51 mHa
H2O_COBYLA_exact_T100000000_P100000_s3       evals= 1000 shots=          0  gap_final=     0.46  gap_best=     0.46 mHa
H2O_LBFGSB_uniform_T10000000_P100000_s2      evals=  100 shots=    9997900  gap_final=  1063.29  gap_best=  1045.66 mHa
LiH_SPSA_neyman_T100000000_P100000_s0        evals= 1000 shots=   99922524  gap_final=   168.96  gap_best=   189.43 mHa
H2O_COBYLA_exact_T100000000_P100000_s5       evals=  384 shots=          0  gap_final=     0.40  gap_best=     0.40 mHa
H2O_LBFGSB_uniform_T10000000_P100000_s5      evals=  100 shots=    9997900  gap_final=  1069.31  gap_best=  1070.12 mHa
H2O_LBFGSB_uniform_T10000000_P100000_s1      evals=  100 shots=    9997900  gap_final=  1072.44  gap_best=  1063.31 mHa
H2O_LBFGSB_uniform_T10000000_P100000_s0      evals=  100 shots=    9997900  gap_final=  1066.30  gap_best=  1067.06 mHa
H2O_COBYLA_exact_T100000000_P100000_s8       evals=  445 shots=          0  gap_final=     0.40  gap_best=     0.40 mHa
H2O_COBYLA_exact_T100000000_P100000_s9       evals=  421 shots=          0  gap_final=     0.38  gap_best=     0.38 mHa
H2O_LBFGSB_uniform_T10000000_P100000_s6      evals=  100 shots=    9997900  gap_final=  1057.59  gap_best=  1057.53 mHa
H2O_LBFGSB_uniform_T10000000_P100000_s7      evals=  100 shots=    9997900  gap_final=  1054.15  gap_best=  1053.48 mHa
H2O_LBFGSB_uniform_T10000000_P100000_s8      evals=  100 shots=    9997900  gap_final=  1069.45  gap_best=  1068.99 mHa
H2O_LBFGSB_uniform_T10000000_P100000_s4      evals=  100 shots=    9997900  gap_final=  1054.69  gap_best=  1053.95 mHa
H2O_LBFGSB_uniform_T10000000_P100000_s3      evals=  100 shots=    9997900  gap_final=  1069.58  gap_best=  1062.54 mHa
H2O_LBFGSB_uniform_T100000000_P1000000_s0    evals=  100 shots=   99997300  gap_final=  1066.18  gap_best=  1059.07 mHa
H2O_LBFGSB_uniform_T100000000_P1000000_s1    evals=  100 shots=   99997300  gap_final=  1072.52  gap_best=  1072.47 mHa
H2O_LBFGSB_uniform_T100000000_P1000000_s4    evals=  100 shots=   99997300  gap_final=  1054.84  gap_best=  1055.29 mHa
H2O_LBFGSB_uniform_T100000000_P1000000_s5    evals=  100 shots=   99997300  gap_final=  1069.22  gap_best=  1069.31 mHa
H2O_LBFGSB_uniform_T10000000_P100000_s9      evals=  100 shots=    9997900  gap_final=  1058.50  gap_best=  1059.27 mHa
H2O_LBFGSB_uniform_T100000000_P1000000_s8    evals=  100 shots=   99997300  gap_final=  1068.97  gap_best=  1068.88 mHa
H2O_LBFGSB_weighted_T10000000_P100000_s0     evals=  100 shots=    9997800  gap_final=  1066.46  gap_best=  1066.46 mHa
H2O_LBFGSB_weighted_T10000000_P100000_s1     evals=  100 shots=    9997800  gap_final=  1072.37  gap_best=  1047.94 mHa
LiH_SPSA_neyman_T100000000_P100000_s1        evals= 1000 shots=   99922854  gap_final=     5.48  gap_best=     5.46 mHa
H2O_LBFGSB_uniform_T100000000_P100000_s0     evals=  286 shots=   28593994  gap_final=  1066.26  gap_best=  1066.26 mHa
H2O_LBFGSB_uniform_T100000000_P1000000_s2    evals=  100 shots=   99997300  gap_final=  1063.45  gap_best=  1063.37 mHa
H2O_LBFGSB_uniform_T100000000_P1000000_s9    evals=  100 shots=   99997300  gap_final=  1058.48  gap_best=  1058.54 mHa
H2O_LBFGSB_uniform_T100000000_P1000000_s3    evals=  100 shots=   99997300  gap_final=  1069.70  gap_best=  1069.66 mHa
H2O_LBFGSB_uniform_T100000000_P1000000_s6    evals=  100 shots=   99997300  gap_final=  1057.57  gap_best=  1057.68 mHa
H2O_LBFGSB_weighted_T10000000_P100000_s4     evals=  100 shots=    9997800  gap_final=  1054.78  gap_best=  1054.75 mHa
H2O_LBFGSB_uniform_T100000000_P1000000_s7    evals=  100 shots=   99997300  gap_final=  1054.14  gap_best=  1056.06 mHa
H2O_LBFGSB_weighted_T10000000_P100000_s5     evals=  100 shots=    9997800  gap_final=  1069.18  gap_best=  1069.00 mHa
H2O_LBFGSB_weighted_T10000000_P100000_s6     evals=  100 shots=    9997800  gap_final=  1057.53  gap_best=  1026.59 mHa
H2O_LBFGSB_weighted_T10000000_P100000_s3     evals=  100 shots=    9997800  gap_final=  1069.66  gap_best=  1062.67 mHa
H2O_LBFGSB_weighted_T10000000_P100000_s7     evals=  100 shots=    9997800  gap_final=  1054.16  gap_best=  1054.24 mHa
H2O_LBFGSB_weighted_T10000000_P100000_s2     evals=  100 shots=    9997800  gap_final=  1063.35  gap_best=  1063.37 mHa
H2O_LBFGSB_uniform_T100000000_P100000_s1     evals=  364 shots=   36392356  gap_final=  1072.47  gap_best=  1063.31 mHa
H2O_LBFGSB_uniform_T100000000_P100000_s5     evals=  299 shots=   29893721  gap_final=  1069.21  gap_best=  1069.21 mHa
LiH_SPSA_neyman_T100000000_P100000_s2        evals= 1000 shots=   99923040  gap_final=    24.97  gap_best=    27.43 mHa
H2O_LBFGSB_weighted_T10000000_P100000_s8     evals=  100 shots=    9997800  gap_final=  1068.97  gap_best=  1068.96 mHa
H2O_LBFGSB_weighted_T10000000_P100000_s9     evals=  100 shots=    9997800  gap_final=  1058.39  gap_best=  1057.79 mHa
H2O_LBFGSB_weighted_T100000000_P1000000_s0   evals=  100 shots=   99998100  gap_final=  1066.12  gap_best=  1053.01 mHa
H2O_LBFGSB_weighted_T100000000_P1000000_s2   evals=  100 shots=   99998100  gap_final=  1063.36  gap_best=  1063.74 mHa
H2O_LBFGSB_uniform_T100000000_P100000_s3     evals=  351 shots=   35092629  gap_final=  1069.72  gap_best=  1062.54 mHa
H2O_LBFGSB_uniform_T100000000_P100000_s4     evals=  351 shots=   35092629  gap_final=  1054.79  gap_best=  1054.79 mHa
H2O_LBFGSB_uniform_T100000000_P100000_s7     evals=  299 shots=   29893721  gap_final=  1054.15  gap_best=  1053.48 mHa
H2O_LBFGSB_weighted_T100000000_P1000000_s3   evals=  100 shots=   99998100  gap_final=  1069.63  gap_best=  1060.88 mHa
H2O_LBFGSB_uniform_T100000000_P100000_s2     evals=  338 shots=   33792902  gap_final=  1063.37  gap_best=  1045.66 mHa
H2O_LBFGSB_uniform_T100000000_P100000_s6     evals=  312 shots=   31193448  gap_final=  1057.53  gap_best=  1057.53 mHa
H2O_LBFGSB_uniform_T100000000_P100000_s9     evals=  312 shots=   31193448  gap_final=  1058.43  gap_best=  1058.44 mHa
H2O_LBFGSB_weighted_T100000000_P100000_s0    evals=  312 shots=   31193136  gap_final=  1066.26  gap_best=  1066.28 mHa
H2O_LBFGSB_uniform_T100000000_P100000_s8     evals=  364 shots=   36392356  gap_final=  1068.99  gap_best=  1068.99 mHa
H2O_LBFGSB_weighted_T100000000_P1000000_s5   evals=  100 shots=   99998100  gap_final=  1069.21  gap_best=  1069.20 mHa
H2O_LBFGSB_weighted_T100000000_P1000000_s1   evals=  100 shots=   99998100  gap_final=  1072.39  gap_best=  1063.99 mHa
H2O_LBFGSB_weighted_T100000000_P100000_s8    evals=  273 shots=   27293994  gap_final=  1068.99  gap_best=  1068.98 mHa
H2O_LBFGSB_weighted_T100000000_P1000000_s6   evals=  100 shots=   99998100  gap_final=  1057.54  gap_best=  1057.54 mHa
LiH_SPSA_neyman_T100000000_P100000_s4        evals= 1000 shots=   99922720  gap_final=   151.16  gap_best=   157.71 mHa
LiH_SPSA_neyman_T100000000_P100000_s6        evals= 1000 shots=   99922185  gap_final=   164.46  gap_best=   170.26 mHa
H2O_LBFGSB_weighted_T100000000_P1000000_s4   evals=  100 shots=   99998100  gap_final=  1054.66  gap_best=   945.35 mHa
H2O_LBFGSB_neyman_T10000000_P100000_s1       evals=  100 shots=    9997014  gap_final=  1072.58  gap_best=  1072.58 mHa
H2O_LBFGSB_neyman_T10000000_P100000_s5       evals=  100 shots=    9996954  gap_final=  1069.20  gap_best=  1069.04 mHa
H2O_LBFGSB_neyman_T10000000_P100000_s6       evals=  100 shots=    9996971  gap_final=  1057.61  gap_best=  1057.53 mHa
H2O_LBFGSB_weighted_T100000000_P1000000_s8   evals=  100 shots=   99998100  gap_final=  1068.96  gap_best=  1066.80 mHa
H2O_LBFGSB_weighted_T100000000_P100000_s1    evals=  455 shots=   45489990  gap_final=  1072.47  gap_best=  1047.94 mHa
H2O_LBFGSB_neyman_T10000000_P100000_s8       evals=  100 shots=    9996920  gap_final=  1068.99  gap_best=  1069.19 mHa
H2O_LBFGSB_weighted_T100000000_P1000000_s7   evals=  100 shots=   99998100  gap_final=  1054.22  gap_best=  1054.15 mHa
H2O_LBFGSB_neyman_T10000000_P100000_s9       evals=  100 shots=    9996956  gap_final=  1058.43  gap_best=  1057.45 mHa
H2O_LBFGSB_weighted_T100000000_P1000000_s9   evals=  100 shots=   99998100  gap_final=  1058.35  gap_best=  1045.23 mHa
H2O_LBFGSB_weighted_T100000000_P100000_s5    evals=  273 shots=   27293994  gap_final=  1069.21  gap_best=  1069.21 mHa
H2O_LBFGSB_neyman_T10000000_P100000_s0       evals=  100 shots=    9996926  gap_final=  1065.97  gap_best=  1062.03 mHa
H2O_LBFGSB_weighted_T100000000_P100000_s3    evals=  364 shots=   36391992  gap_final=  1069.72  gap_best=  1062.67 mHa
H2O_LBFGSB_neyman_T10000000_P100000_s4       evals=  100 shots=    9996935  gap_final=  1054.77  gap_best=  1051.84 mHa
H2O_LBFGSB_weighted_T100000000_P100000_s9    evals=  273 shots=   27293994  gap_final=  1058.43  gap_best=  1057.79 mHa
H2O_LBFGSB_neyman_T10000000_P100000_s2       evals=  100 shots=    9996881  gap_final=  1063.55  gap_best=  1063.55 mHa
H2O_LBFGSB_neyman_T10000000_P100000_s3       evals=  100 shots=    9996910  gap_final=  1069.72  gap_best=  1069.75 mHa
H2O_LBFGSB_weighted_T100000000_P100000_s2    evals=  286 shots=   28593708  gap_final=  1063.37  gap_best=  1063.37 mHa
H2O_LBFGSB_weighted_T100000000_P100000_s4    evals=  273 shots=   27293994  gap_final=  1054.79  gap_best=  1054.79 mHa
H2O_LBFGSB_neyman_T10000000_P100000_s7       evals=  100 shots=    9997016  gap_final=  1054.16  gap_best=  1054.16 mHa
H2O_LBFGSB_weighted_T100000000_P100000_s6    evals=  286 shots=   28593708  gap_final=  1057.53  gap_best=  1026.59 mHa
H2O_LBFGSB_neyman_T100000000_P1000000_s3     evals=  100 shots=   99996885  gap_final=  1069.33  gap_best=  1005.67 mHa
H2O_LBFGSB_exact_T10000000_P100000_s5        evals=  100 shots=          0  gap_final=  1619.40  gap_best=   982.94 mHa
H2O_LBFGSB_neyman_T100000000_P1000000_s7     evals=  100 shots=   99996951  gap_final=  1054.16  gap_best=  1054.15 mHa
H2O_LBFGSB_exact_T10000000_P100000_s0        evals=  100 shots=          0  gap_final=   953.09  gap_best=   953.09 mHa
H2O_LBFGSB_neyman_T100000000_P1000000_s8     evals=  100 shots=   99996923  gap_final=  1068.99  gap_best=  1069.08 mHa
H2O_LBFGSB_weighted_T100000000_P100000_s7    evals=  377 shots=   37691706  gap_final=  1054.15  gap_best=  1054.15 mHa
H2O_LBFGSB_neyman_T100000000_P1000000_s9     evals=  100 shots=   99996967  gap_final=  1058.39  gap_best=  1049.01 mHa
H2O_LBFGSB_exact_T10000000_P100000_s1        evals=  100 shots=          0  gap_final=  1809.41  gap_best=   847.74 mHa
H2O_LBFGSB_exact_T10000000_P100000_s2        evals=  100 shots=          0  gap_final=   916.30  gap_best=   916.30 mHa
H2O_LBFGSB_exact_T10000000_P100000_s3        evals=  100 shots=          0  gap_final=   966.00  gap_best=   966.00 mHa
H2O_LBFGSB_exact_T10000000_P100000_s4        evals=  100 shots=          0  gap_final=   905.44  gap_best=   905.44 mHa
H2O_LBFGSB_neyman_T100000000_P100000_s8      evals=  247 shots=   24692383  gap_final=  1068.99  gap_best=  1068.99 mHa
LiH_SPSA_neyman_T100000000_P100000_s9        evals= 1000 shots=   99923319  gap_final=   146.64  gap_best=   155.79 mHa
H2O_LBFGSB_neyman_T100000000_P1000000_s0     evals=  100 shots=   99996932  gap_final=  1066.38  gap_best=  1066.26 mHa
H2O_LBFGSB_exact_T10000000_P100000_s6        evals=  100 shots=          0  gap_final=  1294.12  gap_best=   957.46 mHa
H2O_LBFGSB_neyman_T100000000_P1000000_s2     evals=  100 shots=   99996941  gap_final=  1063.40  gap_best=  1063.71 mHa
H2O_LBFGSB_exact_T10000000_P100000_s8        evals=  100 shots=          0  gap_final=  1067.48  gap_best=   997.18 mHa
H2O_LBFGSB_exact_T10000000_P100000_s7        evals=  100 shots=          0  gap_final=   899.33  gap_best=   899.33 mHa
H2O_LBFGSB_neyman_T100000000_P1000000_s1     evals=  100 shots=   99996921  gap_final=  1072.45  gap_best=  1069.00 mHa
H2O_LBFGSB_neyman_T100000000_P100000_s9      evals=  273 shots=   27291653  gap_final=  1058.43  gap_best=  1057.45 mHa
H2O_LBFGSB_neyman_T100000000_P1000000_s4     evals=  100 shots=   99996911  gap_final=  1054.81  gap_best=  1054.79 mHa
H2O_LBFGSB_neyman_T100000000_P1000000_s5     evals=  100 shots=   99996922  gap_final=  1069.18  gap_best=  1067.01 mHa
H2O_LBFGSB_exact_T10000000_P100000_s9        evals=  100 shots=          0  gap_final=   105.35  gap_best=   105.35 mHa
H2O_LBFGSB_neyman_T100000000_P1000000_s6     evals=  100 shots=   99996958  gap_final=  1057.44  gap_best=  1029.33 mHa
H2O_LBFGSB_neyman_T100000000_P100000_s4      evals=  377 shots=   37688455  gap_final=  1054.79  gap_best=  1051.84 mHa
H2O_LBFGSB_neyman_T100000000_P100000_s0      evals=  351 shots=   35089285  gap_final=  1066.26  gap_best=  1062.03 mHa
H2O_LBFGSB_exact_T100000000_P100000_s0       evals=  403 shots=          0  gap_final=     0.29  gap_best=     0.29 mHa
H2O_LBFGSB_exact_T100000000_P100000_s4       evals=  377 shots=          0  gap_final=     0.40  gap_best=     0.40 mHa
H2O_LBFGSB_exact_T100000000_P1000000_s5      evals=  100 shots=          0  gap_final=  1619.40  gap_best=   982.94 mHa
H2O_LBFGSB_exact_T100000000_P1000000_s6      evals=  100 shots=          0  gap_final=  1294.12  gap_best=   957.46 mHa
H2O_LBFGSB_exact_T100000000_P1000000_s7      evals=  100 shots=          0  gap_final=   899.33  gap_best=   899.33 mHa
H2O_LBFGSB_exact_T100000000_P1000000_s0      evals=  100 shots=          0  gap_final=   953.09  gap_best=   953.09 mHa
H2O_LBFGSB_exact_T100000000_P100000_s3       evals=  598 shots=          0  gap_final=     0.09  gap_best=     0.09 mHa
H2O_LBFGSB_neyman_T100000000_P100000_s3      evals=  273 shots=   27291625  gap_final=  1069.72  gap_best=  1069.72 mHa
H2O_LBFGSB_exact_T100000000_P1000000_s1      evals=  100 shots=          0  gap_final=  1809.41  gap_best=   847.74 mHa
H2O_LBFGSB_exact_T100000000_P1000000_s2      evals=  100 shots=          0  gap_final=   916.30  gap_best=   916.30 mHa
H2O_LBFGSB_exact_T100000000_P1000000_s3      evals=  100 shots=          0  gap_final=   966.00  gap_best=   966.00 mHa
H2O_LBFGSB_exact_T100000000_P1000000_s4      evals=  100 shots=          0  gap_final=   905.44  gap_best=   905.44 mHa
H2O_LBFGSB_exact_T100000000_P100000_s8       evals=  585 shots=          0  gap_final=     0.09  gap_best=     0.09 mHa
H2O_LBFGSB_exact_T100000000_P100000_s9       evals=  260 shots=          0  gap_final=     0.39  gap_best=     0.39 mHa
H2O_LBFGSB_exact_T100000000_P1000000_s8      evals=  100 shots=          0  gap_final=  1067.48  gap_best=   997.18 mHa
H2O_LBFGSB_exact_T100000000_P1000000_s9      evals=  100 shots=          0  gap_final=   105.35  gap_best=   105.35 mHa
H2O_LBFGSB_exact_T100000000_P100000_s1       evals=  403 shots=          0  gap_final=     0.39  gap_best=     0.39 mHa
H2O_LBFGSB_exact_T100000000_P100000_s2       evals=  403 shots=          0  gap_final=     0.37  gap_best=     0.37 mHa
H2O_LBFGSB_neyman_T100000000_P100000_s6      evals=  351 shots=   35089391  gap_final=  1057.53  gap_best=  1057.53 mHa
H2O_LBFGSB_ps_uniform_T10000000_P100000_s1   evals=  100 shots=    9997900  gap_final=  1182.60  gap_best=   402.01 mHa
H2O_LBFGSB_exact_T100000000_P100000_s7       evals=  364 shots=          0  gap_final=     0.39  gap_best=     0.39 mHa
H2O_LBFGSB_ps_uniform_T10000000_P100000_s3   evals=  100 shots=    9997900  gap_final=  1157.46  gap_best=   494.17 mHa
H2O_LBFGSB_neyman_T100000000_P100000_s5      evals=  325 shots=   32490106  gap_final=  1069.21  gap_best=  1069.21 mHa
H2O_LBFGSB_exact_T100000000_P100000_s6       evals=  442 shots=          0  gap_final=     0.40  gap_best=     0.40 mHa
H2O_LBFGSB_ps_uniform_T10000000_P100000_s4   evals=  100 shots=    9997900  gap_final=  1145.69  gap_best=   411.88 mHa
H2O_LBFGSB_ps_uniform_T10000000_P100000_s5   evals=  100 shots=    9997900  gap_final=  1132.51  gap_best=   494.00 mHa
H2O_LBFGSB_ps_uniform_T10000000_P100000_s6   evals=  100 shots=    9997900  gap_final=  1188.67  gap_best=   451.87 mHa
H2O_LBFGSB_ps_uniform_T10000000_P100000_s8   evals=  100 shots=    9997900  gap_final=  1116.28  gap_best=   334.44 mHa
H2O_LBFGSB_ps_uniform_T10000000_P100000_s0   evals=  100 shots=    9997900  gap_final=  1170.69  gap_best=   502.53 mHa
H2O_LBFGSB_ps_uniform_T10000000_P100000_s2   evals=  100 shots=    9997900  gap_final=  1133.03  gap_best=   509.30 mHa
H2O_LBFGSB_exact_T100000000_P100000_s5       evals=  962 shots=          0  gap_final=   412.94  gap_best=   412.94 mHa
H2O_LBFGSB_ps_uniform_T10000000_P100000_s7   evals=  100 shots=    9997900  gap_final=  1165.64  gap_best=   446.53 mHa
H2O_LBFGSB_ps_uniform_T100000000_P1000000_s1 evals=  100 shots=   99997300  gap_final=  1165.58  gap_best=   397.20 mHa
H2O_LBFGSB_ps_uniform_T100000000_P1000000_s2 evals=  100 shots=   99997300  gap_final=  1154.32  gap_best=   495.17 mHa
H2O_LBFGSB_ps_uniform_T100000000_P1000000_s5 evals=  100 shots=   99997300  gap_final=  1147.49  gap_best=   539.33 mHa
H2O_LBFGSB_neyman_T100000000_P100000_s7      evals=  416 shots=   41587361  gap_final=  1054.15  gap_best=  1054.15 mHa
H2O_LBFGSB_ps_uniform_T10000000_P100000_s9   evals=  100 shots=    9997900  gap_final=  1800.27  gap_best=   357.09 mHa
H2O_LBFGSB_neyman_T100000000_P100000_s1      evals=  442 shots=   44186536  gap_final=  1072.47  gap_best=  1072.47 mHa
H2O_LBFGSB_ps_uniform_T100000000_P1000000_s8 evals=  100 shots=   99997300  gap_final=  1150.60  gap_best=   495.49 mHa
H2O_LBFGSB_ps_uniform_T100000000_P1000000_s9 evals=  100 shots=   99997300  gap_final=  1344.31  gap_best=   354.20 mHa
H2O_LBFGSB_ps_weighted_T10000000_P100000_s0  evals=  100 shots=    9997800  gap_final=  1184.60  gap_best=   524.08 mHa
H2O_LBFGSB_ps_uniform_T100000000_P100000_s6  evals=  250 shots=   24994750  gap_final=  1040.55  gap_best=   451.87 mHa
H2O_LBFGSB_ps_uniform_T100000000_P1000000_s0 evals=  100 shots=   99997300  gap_final=  1185.32  gap_best=   521.33 mHa
H2O_LBFGSB_neyman_T100000000_P100000_s2      evals=  494 shots=   49384848  gap_final=  1063.37  gap_best=  1063.37 mHa
H2O_LBFGSB_ps_uniform_T100000000_P1000000_s3 evals=  100 shots=   99997300  gap_final=  1150.69  gap_best=   493.32 mHa
H2O_LBFGSB_ps_weighted_T10000000_P100000_s3  evals=  100 shots=    9997800  gap_final=  1145.90  gap_best=   499.27 mHa
H2O_LBFGSB_ps_uniform_T100000000_P1000000_s4 evals=  100 shots=   99997300  gap_final=  1124.63  gap_best=   406.93 mHa
H2O_LBFGSB_ps_uniform_T100000000_P1000000_s6 evals=  100 shots=   99997300  gap_final=  1169.89  gap_best=   451.19 mHa
H2O_LBFGSB_ps_uniform_T100000000_P1000000_s7 evals=  100 shots=   99997300  gap_final=  1165.39  gap_best=   467.35 mHa
H2O_LBFGSB_ps_weighted_T10000000_P100000_s7  evals=  100 shots=    9997800  gap_final=  1168.02  gap_best=   454.45 mHa
H2O_LBFGSB_ps_weighted_T10000000_P100000_s1  evals=  100 shots=    9997800  gap_final=  1172.42  gap_best=   414.35 mHa
H2O_LBFGSB_ps_weighted_T10000000_P100000_s8  evals=  100 shots=    9997800  gap_final=  1137.27  gap_best=   532.70 mHa
H2O_LBFGSB_ps_weighted_T10000000_P100000_s2  evals=  100 shots=    9997800  gap_final=  1157.32  gap_best=   512.13 mHa
H2O_LBFGSB_ps_weighted_T10000000_P100000_s4  evals=  100 shots=    9997800  gap_final=  1127.10  gap_best=   459.33 mHa
H2O_LBFGSB_ps_weighted_T10000000_P100000_s6  evals=  100 shots=    9997800  gap_final=  1162.29  gap_best=   429.79 mHa
H2O_LBFGSB_ps_weighted_T10000000_P100000_s5  evals=  100 shots=    9997800  gap_final=  1153.86  gap_best=   550.89 mHa
H2O_LBFGSB_ps_uniform_T100000000_P100000_s5  evals=  225 shots=   22495275  gap_final=  1011.44  gap_best=   516.66 mHa
H2O_LBFGSB_ps_uniform_T100000000_P100000_s1  evals=  250 shots=   24994750  gap_final=  1039.14  gap_best=   402.01 mHa
H2O_LBFGSB_ps_weighted_T10000000_P100000_s9  evals=  100 shots=    9997800  gap_final=  1607.21  gap_best=   386.96 mHa
H2O_LBFGSB_ps_weighted_T100000000_P1000000_s3 evals=  100 shots=   99998100  gap_final=  1152.49  gap_best=   491.75 mHa
H2O_LBFGSB_ps_weighted_T100000000_P1000000_s6 evals=  100 shots=   99998100  gap_final=  1170.72  gap_best=   435.21 mHa
H2O_LBFGSB_ps_weighted_T100000000_P1000000_s0 evals=  100 shots=   99998100  gap_final=  1181.71  gap_best=   526.79 mHa
H2O_LBFGSB_ps_uniform_T100000000_P100000_s2  evals=  350 shots=   34992650  gap_final=  1023.42  gap_best=   521.10 mHa
H2O_LBFGSB_ps_weighted_T100000000_P1000000_s2 evals=  100 shots=   99998100  gap_final=  1145.00  gap_best=   500.09 mHa
H2O_LBFGSB_ps_weighted_T100000000_P1000000_s1 evals=  100 shots=   99998100  gap_final=  1166.59  gap_best=   406.84 mHa
H2O_LBFGSB_ps_weighted_T100000000_P1000000_s5 evals=  100 shots=   99998100  gap_final=  1142.37  gap_best=   536.53 mHa
H2O_LBFGSB_ps_weighted_T100000000_P1000000_s4 evals=  100 shots=   99998100  gap_final=  1122.27  gap_best=   419.31 mHa
H2O_LBFGSB_ps_weighted_T100000000_P1000000_s7 evals=  100 shots=   99998100  gap_final=  1157.65  gap_best=   456.65 mHa
H2O_LBFGSB_ps_uniform_T100000000_P100000_s0  evals=  600 shots=   59987400  gap_final=    12.49  gap_best=    12.49 mHa
H2O_LBFGSB_ps_neyman_T10000000_P100000_s3    evals=  100 shots=    9996927  gap_final=  1161.50  gap_best=   505.83 mHa
H2O_LBFGSB_ps_weighted_T100000000_P1000000_s8 evals=  100 shots=   99998100  gap_final=  1144.66  gap_best=   524.97 mHa
H2O_LBFGSB_ps_weighted_T100000000_P1000000_s9 evals=  100 shots=   99998100  gap_final=  1433.84  gap_best=   406.52 mHa
H2O_LBFGSB_ps_neyman_T10000000_P100000_s0    evals=  100 shots=    9996950  gap_final=  1183.05  gap_best=   527.61 mHa
H2O_LBFGSB_ps_weighted_T100000000_P100000_s2 evals=  475 shots=   47489550  gap_final=   931.97  gap_best=   501.61 mHa
H2O_LBFGSB_ps_neyman_T10000000_P100000_s4    evals=  100 shots=    9996915  gap_final=  1110.45  gap_best=   448.82 mHa
H2O_LBFGSB_ps_neyman_T10000000_P100000_s6    evals=  100 shots=    9996926  gap_final=  1160.69  gap_best=   421.09 mHa
H2O_LBFGSB_ps_uniform_T100000000_P100000_s9  evals=  775 shots=   77483725  gap_final=     1.62  gap_best=     1.62 mHa
H2O_LBFGSB_ps_neyman_T10000000_P100000_s7    evals=  100 shots=    9996973  gap_final=  1156.46  gap_best=   456.04 mHa
H2O_LBFGSB_ps_neyman_T10000000_P100000_s1    evals=  100 shots=    9996943  gap_final=  1164.16  gap_best=   416.79 mHa
H2O_LBFGSB_ps_weighted_T100000000_P100000_s9 evals=  450 shots=   44990100  gap_final=     7.21  gap_best=     7.21 mHa
H2O_LBFGSB_ps_neyman_T10000000_P100000_s2    evals=  100 shots=    9996925  gap_final=  1141.72  gap_best=   487.68 mHa
H2O_LBFGSB_ps_weighted_T100000000_P100000_s8 evals=  275 shots=   27493950  gap_final=  1022.00  gap_best=   532.70 mHa
H2O_LBFGSB_ps_uniform_T100000000_P100000_s4  evals=  650 shots=   64986350  gap_final=     7.24  gap_best=     7.24 mHa
H2O_LBFGSB_ps_neyman_T10000000_P100000_s5    evals=  100 shots=    9996914  gap_final=  1137.14  gap_best=   548.25 mHa
H2O_LBFGSB_ps_neyman_T10000000_P100000_s8    evals=  100 shots=    9996910  gap_final=  1143.45  gap_best=   521.09 mHa
H2O_LBFGSB_ps_neyman_T10000000_P100000_s9    evals=  100 shots=    9996909  gap_final=  1262.46  gap_best=   402.02 mHa
H2O_LBFGSB_ps_neyman_T100000000_P1000000_s0  evals=  100 shots=   99996951  gap_final=  1182.41  gap_best=   529.14 mHa
H2O_LBFGSB_ps_neyman_T100000000_P1000000_s1  evals=  100 shots=   99996927  gap_final=  1166.53  gap_best=   408.84 mHa
H2O_LBFGSB_ps_weighted_T100000000_P100000_s4 evals=  575 shots=   57487350  gap_final=     2.44  gap_best=     2.44 mHa
H2O_LBFGSB_ps_weighted_T100000000_P100000_s3 evals=  575 shots=   57487350  gap_final=   428.57  gap_best=   428.57 mHa
H2O_LBFGSB_ps_exact_T10000000_P100000_s0     evals=  100 shots=          0  gap_final=  1182.38  gap_best=   529.66 mHa
H2O_LBFGSB_ps_weighted_T100000000_P100000_s5 evals=  625 shots=   62486250  gap_final=   431.77  gap_best=   431.77 mHa
H2O_LBFGSB_ps_weighted_T100000000_P100000_s1 evals=  525 shots=   52488450  gap_final=     6.47  gap_best=     6.47 mHa
H2O_LBFGSB_ps_exact_T10000000_P100000_s1     evals=  100 shots=          0  gap_final=  1166.44  gap_best=   407.62 mHa
H2O_LBFGSB_ps_neyman_T100000000_P1000000_s2  evals=  100 shots=   99996927  gap_final=  1148.75  gap_best=   491.16 mHa
H2O_LBFGSB_ps_neyman_T100000000_P1000000_s3  evals=  100 shots=   99996938  gap_final=  1148.03  gap_best=   500.57 mHa
H2O_LBFGSB_ps_exact_T10000000_P100000_s2     evals=  100 shots=          0  gap_final=  1147.16  gap_best=   491.08 mHa
H2O_LBFGSB_ps_neyman_T100000000_P1000000_s4  evals=  100 shots=   99996974  gap_final=  1123.81  gap_best=   405.27 mHa
H2O_LBFGSB_ps_neyman_T100000000_P100000_s3   evals=  350 shots=   34989456  gap_final=   947.08  gap_best=   478.45 mHa
H2O_LBFGSB_ps_neyman_T100000000_P1000000_s5  evals=  100 shots=   99996937  gap_final=  1137.32  gap_best=   539.33 mHa
H2O_LBFGSB_ps_neyman_T100000000_P1000000_s6  evals=  100 shots=   99996968  gap_final=  1168.41  gap_best=   431.36 mHa
H2O_LBFGSB_ps_neyman_T100000000_P1000000_s9  evals=  100 shots=   99996935  gap_final=  1373.15  gap_best=   380.54 mHa
H2O_LBFGSB_ps_exact_T10000000_P100000_s4     evals=  100 shots=          0  gap_final=  1128.31  gap_best=   409.08 mHa
H2O_LBFGSB_ps_neyman_T100000000_P1000000_s7  evals=  100 shots=   99997008  gap_final=  1161.44  gap_best=   461.20 mHa
H2O_LBFGSB_ps_exact_T10000000_P100000_s7     evals=  100 shots=          0  gap_final=  1158.78  gap_best=   461.33 mHa
H2O_LBFGSB_ps_neyman_T100000000_P1000000_s8  evals=  100 shots=   99996988  gap_final=  1146.81  gap_best=   520.35 mHa
H2O_LBFGSB_ps_neyman_T100000000_P100000_s7   evals=  375 shots=   37488757  gap_final=   858.84  gap_best=   381.28 mHa
H2O_LBFGSB_ps_neyman_T100000000_P100000_s8   evals=  375 shots=   37488550  gap_final=  1028.52  gap_best=   508.93 mHa
H2O_LBFGSB_ps_exact_T10000000_P100000_s3     evals=  100 shots=          0  gap_final=  1152.41  gap_best=   500.89 mHa
H2O_LBFGSB_ps_exact_T10000000_P100000_s5     evals=  100 shots=          0  gap_final=  1140.16  gap_best=   535.22 mHa
H2O_LBFGSB_ps_exact_T10000000_P100000_s6     evals=  100 shots=          0  gap_final=  1168.35  gap_best=   427.94 mHa
H2O_LBFGSB_ps_exact_T10000000_P100000_s8     evals=  100 shots=          0  gap_final=  1147.69  gap_best=   522.47 mHa
H2O_LBFGSB_ps_exact_T10000000_P100000_s9     evals=  100 shots=          0  gap_final=  1395.70  gap_best=   394.11 mHa
H2O_LBFGSB_ps_neyman_T100000000_P100000_s2   evals=  550 shots=   54983131  gap_final=     7.66  gap_best=     7.66 mHa
H2O_LBFGSB_ps_weighted_T100000000_P100000_s0 evals=  675 shots=   67485150  gap_final=     4.94  gap_best=     4.94 mHa
H2O_LBFGSB_ps_exact_T100000000_P100000_s0    evals=  775 shots=          0  gap_final=     0.29  gap_best=     0.29 mHa
H2O_LBFGSB_ps_exact_T100000000_P1000000_s4   evals=  100 shots=          0  gap_final=  1128.31  gap_best=   409.08 mHa
H2O_LBFGSB_ps_exact_T100000000_P1000000_s1   evals=  100 shots=          0  gap_final=  1166.44  gap_best=   407.62 mHa
H2O_LBFGSB_ps_exact_T100000000_P1000000_s0   evals=  100 shots=          0  gap_final=  1182.38  gap_best=   529.66 mHa
H2O_LBFGSB_ps_exact_T100000000_P100000_s2    evals=  775 shots=          0  gap_final=     0.37  gap_best=     0.37 mHa
H2O_LBFGSB_ps_weighted_T100000000_P100000_s7 evals=  575 shots=   57487350  gap_final=     6.76  gap_best=     6.76 mHa
H2O_LBFGSB_ps_exact_T100000000_P1000000_s2   evals=  100 shots=          0  gap_final=  1147.16  gap_best=   491.08 mHa
H2O_LBFGSB_ps_exact_T100000000_P1000000_s6   evals=  100 shots=          0  gap_final=  1168.35  gap_best=   427.94 mHa
H2O_LBFGSB_ps_exact_T100000000_P100000_s4    evals=  725 shots=          0  gap_final=     0.40  gap_best=     0.40 mHa
H2O_LBFGSB_ps_exact_T100000000_P1000000_s3   evals=  100 shots=          0  gap_final=  1152.41  gap_best=   500.89 mHa
H2O_LBFGSB_ps_exact_T100000000_P1000000_s7   evals=  100 shots=          0  gap_final=  1158.78  gap_best=   461.33 mHa
H2O_LBFGSB_ps_exact_T100000000_P100000_s1    evals=  825 shots=          0  gap_final=     0.39  gap_best=     0.39 mHa
H2O_LBFGSB_ps_exact_T100000000_P100000_s5    evals= 1000 shots=          0  gap_final=   758.16  gap_best=   427.81 mHa
H2O_LBFGSB_ps_exact_T100000000_P1000000_s5   evals=  100 shots=          0  gap_final=  1140.16  gap_best=   535.22 mHa
H2O_LBFGSB_ps_uniform_T100000000_P100000_s3  evals=  875 shots=   87481625  gap_final=    19.08  gap_best=    19.08 mHa
H2O_LBFGSB_ps_exact_T100000000_P100000_s9    evals=  500 shots=          0  gap_final=     0.39  gap_best=     0.39 mHa
H2O_LBFGSB_ps_neyman_T100000000_P100000_s5   evals=  350 shots=   34989213  gap_final=  1006.31  gap_best=   548.25 mHa
H2O_LBFGSB_ps_exact_T100000000_P100000_s8    evals= 1000 shots=          0  gap_final=  1241.13  gap_best=     0.15 mHa
H2O_LBFGSB_ps_exact_T100000000_P1000000_s8   evals=  100 shots=          0  gap_final=  1147.69  gap_best=   522.47 mHa
H2O_LBFGSB_ps_exact_T100000000_P1000000_s9   evals=  100 shots=          0  gap_final=  1395.70  gap_best=   394.11 mHa
H2O_Adam_uniform_T10000000_P100000_s2        evals=  100 shots=    9997900  gap_final=   942.83  gap_best=   504.11 mHa
H2O_Adam_uniform_T10000000_P100000_s5        evals=  100 shots=    9997900  gap_final=   940.70  gap_best=   544.73 mHa
H2O_LBFGSB_ps_exact_T100000000_P100000_s3    evals= 1000 shots=          0  gap_final=  1167.66  gap_best=     2.10 mHa
H2O_Adam_uniform_T10000000_P100000_s6        evals=  100 shots=    9997900  gap_final=   898.40  gap_best=   449.13 mHa
H2O_LBFGSB_ps_exact_T100000000_P100000_s7    evals=  700 shots=          0  gap_final=     0.39  gap_best=     0.39 mHa
H2O_Adam_uniform_T10000000_P100000_s4        evals=  100 shots=    9997900  gap_final=   933.74  gap_best=   460.17 mHa
H2O_LBFGSB_ps_uniform_T100000000_P100000_s8  evals=  900 shots=   89981100  gap_final=     4.58  gap_best=     4.58 mHa
H2O_LBFGSB_ps_exact_T100000000_P100000_s6    evals=  850 shots=          0  gap_final=     0.40  gap_best=     0.40 mHa
H2O_Adam_uniform_T10000000_P100000_s3        evals=  100 shots=    9997900  gap_final=   921.01  gap_best=   476.71 mHa
H2O_LBFGSB_ps_uniform_T100000000_P100000_s7  evals=  950 shots=   94980050  gap_final=     1.19  gap_best=     1.19 mHa
H2O_Adam_uniform_T10000000_P100000_s0        evals=  100 shots=    9997900  gap_final=   926.47  gap_best=   558.82 mHa
H2O_Adam_uniform_T10000000_P100000_s1        evals=  100 shots=    9997900  gap_final=   899.21  gap_best=   450.36 mHa
H2O_Adam_uniform_T10000000_P100000_s7        evals=  100 shots=    9997900  gap_final=   916.02  gap_best=   478.51 mHa
H2O_Adam_uniform_T10000000_P100000_s9        evals=  100 shots=    9997900  gap_final=   855.86  gap_best=   450.85 mHa
H2O_Adam_uniform_T10000000_P100000_s8        evals=  100 shots=    9997900  gap_final=   917.56  gap_best=   448.17 mHa
H2O_LBFGSB_ps_neyman_T100000000_P100000_s9   evals=  900 shots=   89972472  gap_final=     4.38  gap_best=     5.28 mHa
H2O_LBFGSB_ps_neyman_T100000000_P100000_s1   evals=  550 shots=   54983212  gap_final=     0.89  gap_best=     0.89 mHa
H2O_Adam_uniform_T100000000_P1000000_s0      evals=  100 shots=   99997300  gap_final=   932.25  gap_best=   558.82 mHa
H2O_Adam_uniform_T100000000_P1000000_s2      evals=  100 shots=   99997300  gap_final=   936.58  gap_best=   514.68 mHa
H2O_Adam_uniform_T100000000_P1000000_s6      evals=  100 shots=   99997300  gap_final=   920.97  gap_best=   451.61 mHa
H2O_LBFGSB_ps_weighted_T100000000_P100000_s6 evals= 1000 shots=   99978000  gap_final=     1.61  gap_best=     1.61 mHa
H2O_Adam_uniform_T100000000_P1000000_s1      evals=  100 shots=   99997300  gap_final=   896.93  gap_best=   414.99 mHa
H2O_Adam_uniform_T100000000_P1000000_s3      evals=  100 shots=   99997300  gap_final=   925.80  gap_best=   459.05 mHa
H2O_Adam_weighted_T10000000_P100000_s3       evals=  100 shots=    9997800  gap_final=   906.85  gap_best=   474.56 mHa
H2O_Adam_uniform_T100000000_P1000000_s4      evals=  100 shots=   99997300  gap_final=   917.41  gap_best=   459.19 mHa
H2O_Adam_weighted_T10000000_P100000_s4       evals=  100 shots=    9997800  gap_final=   928.04  gap_best=   466.48 mHa
H2O_Adam_uniform_T100000000_P1000000_s5      evals=  100 shots=   99997300  gap_final=   940.33  gap_best=   508.80 mHa
H2O_Adam_weighted_T10000000_P100000_s6       evals=  100 shots=    9997800  gap_final=   900.72  gap_best=   428.75 mHa
H2O_Adam_weighted_T10000000_P100000_s7       evals=  100 shots=    9997800  gap_final=   903.10  gap_best=   466.06 mHa
H2O_Adam_uniform_T100000000_P1000000_s7      evals=  100 shots=   99997300  gap_final=   911.16  gap_best=   478.51 mHa
H2O_Adam_uniform_T100000000_P1000000_s8      evals=  100 shots=   99997300  gap_final=   935.13  gap_best=   490.07 mHa
H2O_Adam_weighted_T10000000_P100000_s0       evals=  100 shots=    9997800  gap_final=   932.04  gap_best=   508.47 mHa
H2O_Adam_uniform_T100000000_P1000000_s9      evals=  100 shots=   99997300  gap_final=   903.00  gap_best=   489.69 mHa
H2O_LBFGSB_ps_neyman_T100000000_P100000_s4   evals=  700 shots=   69978738  gap_final=     1.69  gap_best=     1.69 mHa
H2O_Adam_weighted_T10000000_P100000_s8       evals=  100 shots=    9997800  gap_final=   921.10  gap_best=   492.97 mHa
H2O_Adam_weighted_T10000000_P100000_s2       evals=  100 shots=    9997800  gap_final=   930.05  gap_best=   501.56 mHa
H2O_Adam_weighted_T10000000_P100000_s1       evals=  100 shots=    9997800  gap_final=   915.57  gap_best=   442.41 mHa
H2O_Adam_weighted_T10000000_P100000_s5       evals=  100 shots=    9997800  gap_final=   935.38  gap_best=   508.81 mHa
H2O_Adam_weighted_T10000000_P100000_s9       evals=  100 shots=    9997800  gap_final=   905.40  gap_best=   489.69 mHa
H2O_Adam_weighted_T100000000_P1000000_s3     evals=  100 shots=   99998100  gap_final=   924.72  gap_best=   459.53 mHa
H2O_LBFGSB_ps_neyman_T100000000_P100000_s6   evals=  800 shots=   79975607  gap_final=     2.98  gap_best=     2.98 mHa
H2O_LBFGSB_ps_neyman_T100000000_P100000_s0   evals= 1000 shots=   99969468  gap_final=  1202.82  gap_best=     5.98 mHa
H2O_Adam_weighted_T100000000_P1000000_s7     evals=  100 shots=   99998100  gap_final=   908.87  gap_best=   478.51 mHa
H2O_Adam_weighted_T100000000_P1000000_s0     evals=  100 shots=   99998100  gap_final=   929.85  gap_best=   558.82 mHa
H2O_Adam_weighted_T100000000_P1000000_s1     evals=  100 shots=   99998100  gap_final=   896.46  gap_best=   413.36 mHa
H2O_Adam_weighted_T100000000_P1000000_s2     evals=  100 shots=   99998100  gap_final=   926.62  gap_best=   506.68 mHa
H2O_Adam_weighted_T100000000_P1000000_s4     evals=  100 shots=   99998100  gap_final=   923.13  gap_best=   487.38 mHa
H2O_Adam_weighted_T100000000_P1000000_s5     evals=  100 shots=   99998100  gap_final=   936.40  gap_best=   517.48 mHa
H2O_Adam_weighted_T100000000_P1000000_s6     evals=  100 shots=   99998100  gap_final=   902.71  gap_best=   432.54 mHa
H2O_Adam_weighted_T100000000_P1000000_s8     evals=  100 shots=   99998100  gap_final=   935.96  gap_best=   487.83 mHa
H2O_Adam_neyman_T10000000_P100000_s1         evals=  100 shots=    9996948  gap_final=   900.65  gap_best=   403.02 mHa
H2O_Adam_uniform_T100000000_P100000_s4       evals= 1000 shots=   99979000  gap_final=     7.95  gap_best=   156.98 mHa
H2O_Adam_weighted_T100000000_P1000000_s9     evals=  100 shots=   99998100  gap_final=   906.41  gap_best=   489.69 mHa
H2O_Adam_neyman_T10000000_P100000_s0         evals=  100 shots=    9996918  gap_final=   933.22  gap_best=   508.47 mHa
H2O_Adam_neyman_T10000000_P100000_s8         evals=  100 shots=    9996946  gap_final=   932.98  gap_best=   472.52 mHa
H2O_Adam_uniform_T100000000_P100000_s8       evals= 1000 shots=   99979000  gap_final=     7.74  gap_best=   157.60 mHa
H2O_Adam_uniform_T100000000_P100000_s0       evals= 1000 shots=   99979000  gap_final=     3.57  gap_best=   224.49 mHa
H2O_Adam_neyman_T10000000_P100000_s3         evals=  100 shots=    9996961  gap_final=   922.09  gap_best=   467.77 mHa
H2O_Adam_neyman_T10000000_P100000_s2         evals=  100 shots=    9996955  gap_final=   937.55  gap_best=   509.73 mHa
H2O_Adam_uniform_T100000000_P100000_s9       evals= 1000 shots=   99979000  gap_final=    12.74  gap_best=   157.33 mHa
H2O_Adam_neyman_T10000000_P100000_s4         evals=  100 shots=    9996925  gap_final=   927.05  gap_best=   495.47 mHa
H2O_Adam_neyman_T10000000_P100000_s6         evals=  100 shots=    9996933  gap_final=   901.08  gap_best=   426.25 mHa
H2O_Adam_neyman_T10000000_P100000_s5         evals=  100 shots=    9996917  gap_final=   943.73  gap_best=   480.74 mHa
H2O_Adam_neyman_T10000000_P100000_s9         evals=  100 shots=    9996961  gap_final=   803.29  gap_best=   433.86 mHa
H2O_Adam_neyman_T10000000_P100000_s7         evals=  100 shots=    9996908  gap_final=   912.53  gap_best=   478.51 mHa
H2O_Adam_neyman_T100000000_P1000000_s3       evals=  100 shots=   99996947  gap_final=   918.79  gap_best=   470.11 mHa
H2O_Adam_neyman_T100000000_P1000000_s0       evals=  100 shots=   99996938  gap_final=   931.46  gap_best=   558.82 mHa
H2O_Adam_neyman_T100000000_P1000000_s1       evals=  100 shots=   99996973  gap_final=   895.16  gap_best=   413.13 mHa
H2O_Adam_neyman_T100000000_P1000000_s2       evals=  100 shots=   99996942  gap_final=   928.69  gap_best=   506.68 mHa
H2O_Adam_weighted_T100000000_P100000_s3      evals= 1000 shots=   99978000  gap_final=    11.94  gap_best=   156.96 mHa
H2O_Adam_weighted_T100000000_P100000_s6      evals= 1000 shots=   99978000  gap_final=     4.92  gap_best=   170.60 mHa
H2O_Adam_weighted_T100000000_P100000_s7      evals= 1000 shots=   99978000  gap_final=     8.28  gap_best=   191.41 mHa
H2O_Adam_neyman_T100000000_P1000000_s4       evals=  100 shots=   99996941  gap_final=   923.07  gap_best=   489.92 mHa
H2O_Adam_uniform_T100000000_P100000_s3       evals= 1000 shots=   99979000  gap_final=    10.07  gap_best=   203.58 mHa
H2O_Adam_weighted_T100000000_P100000_s0      evals= 1000 shots=   99978000  gap_final=    14.36  gap_best=   105.35 mHa
H2O_Adam_exact_T10000000_P100000_s0          evals=  100 shots=          0  gap_final=   930.75  gap_best=   558.82 mHa
H2O_Adam_exact_T10000000_P100000_s1          evals=  100 shots=          0  gap_final=   895.86  gap_best=   411.64 mHa
H2O_Adam_neyman_T100000000_P1000000_s8       evals=  100 shots=   99996973  gap_final=   972.99  gap_best=   460.21 mHa
H2O_Adam_neyman_T100000000_P1000000_s9       evals=  100 shots=   99996954  gap_final=   906.55  gap_best=   489.69 mHa
H2O_Adam_exact_T10000000_P100000_s3          evals=  100 shots=          0  gap_final=   922.58  gap_best=   458.92 mHa
H2O_Adam_exact_T10000000_P100000_s4          evals=  100 shots=          0  gap_final=   922.11  gap_best=   484.64 mHa
H2O_Adam_exact_T10000000_P100000_s5          evals=  100 shots=          0  gap_final=   934.73  gap_best=   508.80 mHa
H2O_Adam_neyman_T100000000_P1000000_s6       evals=  100 shots=   99996907  gap_final=   921.16  gap_best=   451.61 mHa
H2O_Adam_neyman_T100000000_P1000000_s5       evals=  100 shots=   99996924  gap_final=   934.05  gap_best=   508.80 mHa
H2O_Adam_neyman_T100000000_P1000000_s7       evals=  100 shots=   99996978  gap_final=   907.32  gap_best=   478.51 mHa
H2O_Adam_exact_T10000000_P100000_s2          evals=  100 shots=          0  gap_final=   928.41  gap_best=   506.68 mHa
H2O_Adam_exact_T10000000_P100000_s6          evals=  100 shots=          0  gap_final=   921.03  gap_best=   451.61 mHa
H2O_Adam_exact_T10000000_P100000_s7          evals=  100 shots=          0  gap_final=   909.66  gap_best=   478.51 mHa
H2O_Adam_uniform_T100000000_P100000_s1       evals= 1000 shots=   99979000  gap_final=    14.07  gap_best=   206.83 mHa
H2O_Adam_uniform_T100000000_P100000_s7       evals= 1000 shots=   99979000  gap_final=     4.37  gap_best=   183.14 mHa
H2O_Adam_uniform_T100000000_P100000_s2       evals= 1000 shots=   99979000  gap_final=    17.92  gap_best=   204.78 mHa
H2O_Adam_uniform_T100000000_P100000_s5       evals= 1000 shots=   99979000  gap_final=     7.93  gap_best=   182.12 mHa
H2O_Adam_uniform_T100000000_P100000_s6       evals= 1000 shots=   99979000  gap_final=    11.04  gap_best=   175.98 mHa
H2O_Adam_exact_T10000000_P100000_s8          evals=  100 shots=          0  gap_final=   973.21  gap_best=   460.17 mHa
H2O_Adam_exact_T10000000_P100000_s9          evals=  100 shots=          0  gap_final=   905.79  gap_best=   489.69 mHa
H2O_Adam_weighted_T100000000_P100000_s4      evals= 1000 shots=   99978000  gap_final=    17.19  gap_best=   189.51 mHa
H2O_Adam_exact_T100000000_P1000000_s2        evals=  100 shots=          0  gap_final=   928.41  gap_best=   506.68 mHa
H2O_Adam_exact_T100000000_P1000000_s3        evals=  100 shots=          0  gap_final=   922.58  gap_best=   458.92 mHa
H2O_Adam_exact_T100000000_P1000000_s0        evals=  100 shots=          0  gap_final=   930.75  gap_best=   558.82 mHa
H2O_Adam_exact_T100000000_P1000000_s1        evals=  100 shots=          0  gap_final=   895.86  gap_best=   411.64 mHa
H2O_Adam_exact_T100000000_P100000_s5         evals= 1000 shots=          0  gap_final=    11.04  gap_best=   192.23 mHa
H2O_Adam_exact_T100000000_P1000000_s6        evals=  100 shots=          0  gap_final=   921.03  gap_best=   451.61 mHa
H2O_Adam_exact_T100000000_P1000000_s5        evals=  100 shots=          0  gap_final=   934.73  gap_best=   508.80 mHa
H2O_Adam_exact_T100000000_P1000000_s4        evals=  100 shots=          0  gap_final=   922.11  gap_best=   484.64 mHa
H2O_Adam_weighted_T100000000_P100000_s9      evals= 1000 shots=   99978000  gap_final=    17.17  gap_best=   151.66 mHa
H2O_Adam_exact_T100000000_P100000_s6         evals= 1000 shots=          0  gap_final=     5.78  gap_best=   140.11 mHa
H2O_Adam_neyman_T100000000_P100000_s3        evals= 1000 shots=   99969462  gap_final=    14.62  gap_best=   220.28 mHa
H2O_Adam_exact_T100000000_P100000_s9         evals= 1000 shots=          0  gap_final=    19.19  gap_best=   148.79 mHa
H2O_Adam_exact_T100000000_P1000000_s8        evals=  100 shots=          0  gap_final=   973.21  gap_best=   460.17 mHa
H2O_Adam_neyman_T100000000_P100000_s4        evals= 1000 shots=   99969409  gap_final=    11.02  gap_best=   157.43 mHa
H2O_Adam_exact_T100000000_P100000_s8         evals= 1000 shots=          0  gap_final=    11.57  gap_best=   172.70 mHa
H2O_Adam_exact_T100000000_P1000000_s7        evals=  100 shots=          0  gap_final=   909.66  gap_best=   478.51 mHa
H2O_Adam_neyman_T100000000_P100000_s7        evals= 1000 shots=   99969506  gap_final=     6.72  gap_best=   209.03 mHa
H2O_Adam_neyman_T100000000_P100000_s9        evals= 1000 shots=   99969831  gap_final=     2.19  gap_best=   174.00 mHa
H2O_Adam_exact_T100000000_P100000_s7         evals= 1000 shots=          0  gap_final=     6.57  gap_best=   211.98 mHa
H2O_Adam_exact_T100000000_P1000000_s9        evals=  100 shots=          0  gap_final=   905.79  gap_best=   489.69 mHa
H2O_Adam_exact_T100000000_P100000_s0         evals= 1000 shots=          0  gap_final=     5.20  gap_best=   193.49 mHa
H2O_Adam_weighted_T100000000_P100000_s1      evals= 1000 shots=   99978000  gap_final=     7.51  gap_best=   188.16 mHa
H2O_Adam_weighted_T100000000_P100000_s5      evals= 1000 shots=   99978000  gap_final=     6.57  gap_best=   187.79 mHa
H2O_Adam_weighted_T100000000_P100000_s2      evals= 1000 shots=   99978000  gap_final=    10.86  gap_best=   172.25 mHa
H2O_Adam_exact_T100000000_P100000_s1         evals= 1000 shots=          0  gap_final=    10.03  gap_best=   203.29 mHa
H2O_Adam_exact_T100000000_P100000_s2         evals= 1000 shots=          0  gap_final=    10.42  gap_best=   123.41 mHa
H2O_Adam_exact_T100000000_P100000_s3         evals= 1000 shots=          0  gap_final=    13.64  gap_best=   197.84 mHa
H2O_Adam_exact_T100000000_P100000_s4         evals= 1000 shots=          0  gap_final=    13.21  gap_best=   169.36 mHa
H2O_SPSA_uniform_T10000000_P100000_s5        evals=  100 shots=    9997900  gap_final=  2214.81  gap_best=   727.91 mHa
H2O_SPSA_uniform_T10000000_P100000_s6        evals=  100 shots=    9997900  gap_final=   656.02  gap_best=   563.41 mHa
H2O_SPSA_uniform_T10000000_P100000_s7        evals=  100 shots=    9997900  gap_final=  1438.77  gap_best=   714.85 mHa
H2O_SPSA_uniform_T10000000_P100000_s8        evals=  100 shots=    9997900  gap_final=  1021.72  gap_best=   777.15 mHa
H2O_SPSA_uniform_T10000000_P100000_s9        evals=  100 shots=    9997900  gap_final=  1272.58  gap_best=   524.21 mHa
H2O_SPSA_uniform_T10000000_P100000_s4        evals=  100 shots=    9997900  gap_final=  1459.99  gap_best=   944.67 mHa
H2O_Adam_weighted_T100000000_P100000_s8      evals= 1000 shots=   99978000  gap_final=    12.55  gap_best=   182.87 mHa
H2O_SPSA_uniform_T10000000_P100000_s0        evals=  100 shots=    9997900  gap_final=  1080.92  gap_best=   788.54 mHa
H2O_SPSA_uniform_T10000000_P100000_s1        evals=  100 shots=    9997900  gap_final=  1642.70  gap_best=  1003.93 mHa
H2O_SPSA_uniform_T10000000_P100000_s2        evals=  100 shots=    9997900  gap_final=  1470.16  gap_best=   955.81 mHa
H2O_SPSA_uniform_T10000000_P100000_s3        evals=  100 shots=    9997900  gap_final=  1655.32  gap_best=   544.99 mHa
H2O_SPSA_uniform_T100000000_P1000000_s2      evals=  100 shots=   99997300  gap_final=  1296.58  gap_best=   695.02 mHa
H2O_SPSA_uniform_T100000000_P1000000_s4      evals=  100 shots=   99997300  gap_final=  1518.98  gap_best=   577.82 mHa
H2O_SPSA_uniform_T100000000_P1000000_s3      evals=  100 shots=   99997300  gap_final=   977.02  gap_best=   407.81 mHa
H2O_SPSA_uniform_T100000000_P1000000_s5      evals=  100 shots=   99997300  gap_final=  1173.45  gap_best=   394.36 mHa
H2O_SPSA_uniform_T100000000_P1000000_s6      evals=  100 shots=   99997300  gap_final=  1260.98  gap_best=   826.57 mHa
H2O_SPSA_uniform_T100000000_P1000000_s8      evals=  100 shots=   99997300  gap_final=  1081.07  gap_best=   670.06 mHa
H2O_SPSA_uniform_T100000000_P1000000_s0      evals=  100 shots=   99997300  gap_final=  1087.11  gap_best=   994.21 mHa
H2O_SPSA_weighted_T10000000_P100000_s3       evals=  100 shots=    9997800  gap_final=   768.73  gap_best=   636.33 mHa
H2O_SPSA_uniform_T100000000_P1000000_s1      evals=  100 shots=   99997300  gap_final=   965.98  gap_best=   765.59 mHa
H2O_SPSA_uniform_T100000000_P1000000_s7      evals=  100 shots=   99997300  gap_final=  1388.01  gap_best=   783.96 mHa
H2O_SPSA_uniform_T100000000_P1000000_s9      evals=  100 shots=   99997300  gap_final=  1721.84  gap_best=   699.52 mHa
H2O_SPSA_weighted_T10000000_P100000_s6       evals=  100 shots=    9997800  gap_final=  1538.41  gap_best=   906.42 mHa
H2O_SPSA_weighted_T10000000_P100000_s5       evals=  100 shots=    9997800  gap_final=  1012.05  gap_best=   718.15 mHa
H2O_SPSA_weighted_T10000000_P100000_s7       evals=  100 shots=    9997800  gap_final=  1480.44  gap_best=  1022.05 mHa
H2O_SPSA_weighted_T10000000_P100000_s0       evals=  100 shots=    9997800  gap_final=  1232.66  gap_best=  1044.84 mHa
H2O_SPSA_weighted_T10000000_P100000_s1       evals=  100 shots=    9997800  gap_final=   589.01  gap_best=   818.12 mHa
H2O_SPSA_weighted_T10000000_P100000_s4       evals=  100 shots=    9997800  gap_final=  1912.72  gap_best=   855.41 mHa
H2O_SPSA_weighted_T10000000_P100000_s2       evals=  100 shots=    9997800  gap_final=  1118.20  gap_best=   449.02 mHa
H2O_SPSA_weighted_T10000000_P100000_s8       evals=  100 shots=    9997800  gap_final=  1337.74  gap_best=   662.25 mHa
H2O_SPSA_weighted_T10000000_P100000_s9       evals=  100 shots=    9997800  gap_final=   875.14  gap_best=   595.98 mHa
H2O_Adam_neyman_T100000000_P100000_s2        evals= 1000 shots=   99969245  gap_final=     9.76  gap_best=   169.80 mHa
H2O_Adam_neyman_T100000000_P100000_s6        evals= 1000 shots=   99969476  gap_final=     5.07  gap_best=   179.06 mHa
H2O_Adam_neyman_T100000000_P100000_s0        evals= 1000 shots=   99969507  gap_final=    14.52  gap_best=   179.47 mHa
H2O_SPSA_weighted_T100000000_P1000000_s2     evals=  100 shots=   99998100  gap_final=   900.66  gap_best=   723.02 mHa
H2O_Adam_neyman_T100000000_P100000_s1        evals= 1000 shots=   99969384  gap_final=     9.95  gap_best=   227.85 mHa
H2O_Adam_neyman_T100000000_P100000_s5        evals= 1000 shots=   99969380  gap_final=     7.19  gap_best=   182.10 mHa
H2O_Adam_neyman_T100000000_P100000_s8        evals= 1000 shots=   99969525  gap_final=     8.99  gap_best=   161.16 mHa
H2O_SPSA_weighted_T100000000_P1000000_s3     evals=  100 shots=   99998100  gap_final=  1359.35  gap_best=   802.34 mHa
H2O_SPSA_weighted_T100000000_P1000000_s0     evals=  100 shots=   99998100  gap_final=  1322.21  gap_best=   273.00 mHa
H2O_SPSA_weighted_T100000000_P1000000_s1     evals=  100 shots=   99998100  gap_final=  1431.89  gap_best=   936.24 mHa
H2O_SPSA_weighted_T100000000_P1000000_s4     evals=  100 shots=   99998100  gap_final=  1191.38  gap_best=   513.71 mHa
H2O_SPSA_weighted_T100000000_P1000000_s5     evals=  100 shots=   99998100  gap_final=  1256.68  gap_best=   867.29 mHa
H2O_SPSA_weighted_T100000000_P1000000_s7     evals=  100 shots=   99998100  gap_final=  1094.21  gap_best=   841.05 mHa
H2O_SPSA_weighted_T100000000_P1000000_s8     evals=  100 shots=   99998100  gap_final=  1915.59  gap_best=   355.79 mHa
H2O_SPSA_neyman_T10000000_P100000_s0         evals=  100 shots=    9997030  gap_final=  1487.03  gap_best=   711.10 mHa
H2O_SPSA_weighted_T100000000_P1000000_s6     evals=  100 shots=   99998100  gap_final=  1293.19  gap_best=   505.73 mHa
H2O_SPSA_neyman_T10000000_P100000_s3         evals=  100 shots=    9997059  gap_final=  1151.57  gap_best=   783.04 mHa
H2O_SPSA_uniform_T100000000_P100000_s1       evals= 1000 shots=   99979000  gap_final=     1.76  gap_best=     8.60 mHa
H2O_SPSA_neyman_T10000000_P100000_s4         evals=  100 shots=    9997003  gap_final=  1457.90  gap_best=   609.00 mHa
H2O_SPSA_uniform_T100000000_P100000_s2       evals= 1000 shots=   99979000  gap_final=     2.07  gap_best=     3.05 mHa
H2O_SPSA_weighted_T100000000_P1000000_s9     evals=  100 shots=   99998100  gap_final=  1322.65  gap_best=   596.31 mHa
H2O_SPSA_neyman_T10000000_P100000_s5         evals=  100 shots=    9997059  gap_final=  1360.37  gap_best=   732.43 mHa
H2O_SPSA_uniform_T100000000_P100000_s8       evals= 1000 shots=   99979000  gap_final=     3.19  gap_best=    17.06 mHa
H2O_SPSA_neyman_T10000000_P100000_s1         evals=  100 shots=    9997109  gap_final=  1044.77  gap_best=  1013.14 mHa
H2O_SPSA_neyman_T10000000_P100000_s8         evals=  100 shots=    9997047  gap_final=  1334.01  gap_best=   689.67 mHa
H2O_SPSA_neyman_T10000000_P100000_s2         evals=  100 shots=    9997026  gap_final=  1270.91  gap_best=   694.62 mHa
H2O_SPSA_neyman_T10000000_P100000_s6         evals=  100 shots=    9997045  gap_final=  1348.48  gap_best=   693.37 mHa
H2O_SPSA_neyman_T10000000_P100000_s7         evals=  100 shots=    9996997  gap_final=  1208.11  gap_best=   748.32 mHa
H2O_SPSA_uniform_T100000000_P100000_s9       evals= 1000 shots=   99979000  gap_final=     1.39  gap_best=    11.04 mHa
H2O_SPSA_neyman_T10000000_P100000_s9         evals=  100 shots=    9997037  gap_final=  1171.34  gap_best=   432.84 mHa
H2O_SPSA_neyman_T100000000_P1000000_s1       evals=  100 shots=   99996950  gap_final=  1095.66  gap_best=   562.34 mHa
H2O_SPSA_neyman_T100000000_P1000000_s2       evals=  100 shots=   99996960  gap_final=  1516.41  gap_best=   842.15 mHa
H2O_SPSA_neyman_T100000000_P1000000_s0       evals=  100 shots=   99996988  gap_final=  1465.15  gap_best=   769.42 mHa
H2O_SPSA_weighted_T100000000_P100000_s5      evals= 1000 shots=   99978000  gap_final=     2.42  gap_best=     2.80 mHa
H2O_SPSA_neyman_T100000000_P1000000_s4       evals=  100 shots=   99996942  gap_final=  1166.15  gap_best=   748.45 mHa
H2O_SPSA_neyman_T100000000_P1000000_s3       evals=  100 shots=   99996928  gap_final=  1225.31  gap_best=   881.49 mHa
H2O_SPSA_neyman_T100000000_P1000000_s5       evals=  100 shots=   99996920  gap_final=  1121.75  gap_best=   648.63 mHa
H2O_SPSA_neyman_T100000000_P1000000_s7       evals=  100 shots=   99996919  gap_final=  1125.78  gap_best=   692.94 mHa
H2O_SPSA_uniform_T100000000_P100000_s0       evals= 1000 shots=   99979000  gap_final=     9.14  gap_best=     9.88 mHa
H2O_SPSA_neyman_T100000000_P1000000_s8       evals=  100 shots=   99996898  gap_final=  1150.66  gap_best=   768.92 mHa
H2O_SPSA_uniform_T100000000_P100000_s5       evals= 1000 shots=   99979000  gap_final=     2.11  gap_best=     6.37 mHa
H2O_SPSA_weighted_T100000000_P100000_s3      evals= 1000 shots=   99978000  gap_final=     2.40  gap_best=    13.01 mHa
H2O_SPSA_neyman_T100000000_P1000000_s6       evals=  100 shots=   99996931  gap_final=  1258.74  gap_best=   845.83 mHa
H2O_SPSA_exact_T10000000_P100000_s1          evals=  100 shots=          0  gap_final=   646.89  gap_best=   610.70 mHa
H2O_SPSA_uniform_T100000000_P100000_s6       evals= 1000 shots=   99979000  gap_final=     1.75  gap_best=     8.40 mHa
H2O_SPSA_weighted_T100000000_P100000_s6      evals= 1000 shots=   99978000  gap_final=     5.13  gap_best=     7.78 mHa
H2O_SPSA_weighted_T100000000_P100000_s0      evals= 1000 shots=   99978000  gap_final=     4.15  gap_best=     4.18 mHa
H2O_SPSA_weighted_T100000000_P100000_s2      evals= 1000 shots=   99978000  gap_final=     3.06  gap_best=     5.83 mHa
H2O_SPSA_exact_T10000000_P100000_s2          evals=  100 shots=          0  gap_final=  1169.74  gap_best=   688.91 mHa
H2O_SPSA_exact_T10000000_P100000_s0          evals=  100 shots=          0  gap_final=  1991.02  gap_best=   539.75 mHa
H2O_SPSA_uniform_T100000000_P100000_s3       evals= 1000 shots=   99979000  gap_final=     3.89  gap_best=    23.20 mHa
H2O_SPSA_exact_T10000000_P100000_s5          evals=  100 shots=          0  gap_final=   991.38  gap_best=   654.22 mHa
H2O_SPSA_uniform_T100000000_P100000_s7       evals= 1000 shots=   99979000  gap_final=     4.01  gap_best=     5.65 mHa
H2O_SPSA_uniform_T100000000_P100000_s4       evals= 1000 shots=   99979000  gap_final=     3.98  gap_best=    20.58 mHa
H2O_SPSA_neyman_T100000000_P1000000_s9       evals=  100 shots=   99996972  gap_final=  1680.55  gap_best=   793.64 mHa
H2O_SPSA_exact_T10000000_P100000_s7          evals=  100 shots=          0  gap_final=  1529.32  gap_best=   782.06 mHa
H2O_SPSA_exact_T10000000_P100000_s3          evals=  100 shots=          0  gap_final=  1370.18  gap_best=   766.27 mHa
H2O_SPSA_exact_T10000000_P100000_s4          evals=  100 shots=          0  gap_final=  1133.78  gap_best=   753.97 mHa
H2O_SPSA_exact_T10000000_P100000_s8          evals=  100 shots=          0  gap_final=  1370.93  gap_best=   703.29 mHa
H2O_SPSA_exact_T10000000_P100000_s6          evals=  100 shots=          0  gap_final=  1057.73  gap_best=   479.48 mHa
H2O_SPSA_exact_T10000000_P100000_s9          evals=  100 shots=          0  gap_final=   741.54  gap_best=   706.62 mHa
H2O_SPSA_neyman_T100000000_P100000_s0        evals= 1000 shots=   99969471  gap_final=     1.02  gap_best=     3.87 mHa
H2O_SPSA_exact_T100000000_P1000000_s1        evals=  100 shots=          0  gap_final=   646.89  gap_best=   610.70 mHa
H2O_SPSA_weighted_T100000000_P100000_s7      evals= 1000 shots=   99978000  gap_final=   431.47  gap_best=   436.00 mHa
H2O_SPSA_neyman_T100000000_P100000_s3        evals= 1000 shots=   99969573  gap_final=   429.94  gap_best=   436.78 mHa
H2O_SPSA_neyman_T100000000_P100000_s2        evals= 1000 shots=   99969475  gap_final=     0.78  gap_best=     8.17 mHa
H2O_SPSA_exact_T100000000_P1000000_s0        evals=  100 shots=          0  gap_final=  1991.02  gap_best=   539.75 mHa
H2O_SPSA_exact_T100000000_P1000000_s3        evals=  100 shots=          0  gap_final=  1370.18  gap_best=   766.27 mHa
H2O_SPSA_neyman_T100000000_P100000_s5        evals= 1000 shots=   99969453  gap_final=     1.70  gap_best=     7.65 mHa
H2O_SPSA_exact_T100000000_P1000000_s2        evals=  100 shots=          0  gap_final=  1169.74  gap_best=   688.91 mHa
H2O_SPSA_neyman_T100000000_P100000_s6        evals= 1000 shots=   99969405  gap_final=     1.64  gap_best=     6.22 mHa
H2O_SPSA_exact_T100000000_P1000000_s5        evals=  100 shots=          0  gap_final=   991.38  gap_best=   654.22 mHa
H2O_SPSA_exact_T100000000_P100000_s0         evals= 1000 shots=          0  gap_final=     0.85  gap_best=     4.17 mHa
H2O_SPSA_exact_T100000000_P1000000_s6        evals=  100 shots=          0  gap_final=  1057.73  gap_best=   479.48 mHa
H2O_SPSA_exact_T100000000_P1000000_s9        evals=  100 shots=          0  gap_final=   741.54  gap_best=   706.62 mHa
H2O_SPSA_exact_T100000000_P1000000_s7        evals=  100 shots=          0  gap_final=  1529.32  gap_best=   782.06 mHa
H2O_SPSA_exact_T100000000_P1000000_s4        evals=  100 shots=          0  gap_final=  1133.78  gap_best=   753.97 mHa
H2O_SPSA_exact_T100000000_P100000_s8         evals= 1000 shots=          0  gap_final=     0.51  gap_best=     2.07 mHa
H2O_SPSA_exact_T100000000_P100000_s4         evals= 1000 shots=          0  gap_final=     0.39  gap_best=     0.94 mHa
H2O_SPSA_weighted_T100000000_P100000_s1      evals= 1000 shots=   99978000  gap_final=     4.14  gap_best=     6.77 mHa
H2O_SPSA_exact_T100000000_P1000000_s8        evals=  100 shots=          0  gap_final=  1370.93  gap_best=   703.29 mHa
H2O_SPSA_weighted_T100000000_P100000_s4      evals= 1000 shots=   99978000  gap_final=     1.80  gap_best=     5.27 mHa
H2O_SPSA_exact_T100000000_P100000_s6         evals= 1000 shots=          0  gap_final=     0.29  gap_best=     2.07 mHa
H2O_SPSA_weighted_T100000000_P100000_s9      evals= 1000 shots=   99978000  gap_final=     2.18  gap_best=     5.06 mHa
H2O_SPSA_weighted_T100000000_P100000_s8      evals= 1000 shots=   99978000  gap_final=     1.37  gap_best=     2.20 mHa
H2O_SPSA_exact_T100000000_P100000_s9         evals= 1000 shots=          0  gap_final=     0.38  gap_best=     2.57 mHa
H2O_SPSA_exact_T100000000_P100000_s3         evals= 1000 shots=          0  gap_final=     0.54  gap_best=     1.55 mHa
H2O_SPSA_exact_T100000000_P100000_s1         evals= 1000 shots=          0  gap_final=     0.36  gap_best=     3.44 mHa
H2O_SPSA_exact_T100000000_P100000_s2         evals= 1000 shots=          0  gap_final=     0.30  gap_best=     5.01 mHa
H2O_SPSA_exact_T100000000_P100000_s5         evals= 1000 shots=          0  gap_final=     0.14  gap_best=     1.67 mHa
H2O_SPSA_exact_T100000000_P100000_s7         evals= 1000 shots=          0  gap_final=     0.04  gap_best=     2.21 mHa
H2O_SPSA_neyman_T100000000_P100000_s1        evals= 1000 shots=   99969564  gap_final=     1.33  gap_best=     4.31 mHa
H2O_SPSA_neyman_T100000000_P100000_s4        evals= 1000 shots=   99969680  gap_final=     0.82  gap_best=     5.96 mHa
H2O_SPSA_neyman_T100000000_P100000_s7        evals= 1000 shots=   99969606  gap_final=     0.78  gap_best=     2.87 mHa
H2O_SPSA_neyman_T100000000_P100000_s8        evals= 1000 shots=   99969561  gap_final=     1.04  gap_best=     2.48 mHa
H2O_SPSA_neyman_T100000000_P100000_s9        evals= 1000 shots=   99969721  gap_final=     1.86  gap_best=     3.19 mHa
=== done ===
Thu Aug 27 11:49:35 AM CEST 2026
results: 1200
